timing_probe_id,timing_rank,base_probe_id,base_queue_rank,variant_side,variant_indicator_id,variant_lookback_bars,baseline_lookback_bars,anchor_type,anchor_id,trigger_id,probe_timeframe,pair_prior_score,pair_prior_bucket,baseline_status,baseline_composite_score,baseline_signal_count,baseline_best_expectancy_r,baseline_best_trades,baseline_best_profit_factor,profile_id,output_dir,status,primary_score,composite_score,score_delta,score_basis,signal_count,signal_count_delta,best_expectancy_r,expectancy_delta,best_trades,trade_delta,best_win_rate,best_profit_factor,profit_factor_delta,timing_bucket,error
l3b-001-l3-001-rsi-mean-reversion-channel-reentry-m5-tr-lb2,1,l3-001-rsi-mean-reversion-channel-reentry-m5,1,trigger,CHANNEL_REENTRY,2,1,mean_reversion,RSI_MEAN_REVERSION,CHANNEL_REENTRY,M5,89.34,probe_now,skipped_existing,0.0,729.0,-0.0869,713,0.8826,,C:\repos\fuzzfolio-autoresearch\runs\derived\anchor-pair-timing-atlas\probe-results\l3b-001-l3-001-rsi-mean-reversion-channel-reentry-m5-tr-lb2,skipped_existing,0.0,0.0,0.0,"score_lab_v2_5_3:required_weighted_geometric_mean(proof 1.0x, edge 0.9x, ride 1.7x, stability 1.0x, viability 1.35x); missing mandatory axes score as zero",1442.0,713.0,-0.1047,-0.017799999999999996,1407,694.0,0.3318,0.8598,-0.022800000000000042,neutral,
l3b-002-l3-001-rsi-mean-reversion-channel-reentry-m5-tr-lb3,2,l3-001-rsi-mean-reversion-channel-reentry-m5,1,trigger,CHANNEL_REENTRY,3,1,mean_reversion,RSI_MEAN_REVERSION,CHANNEL_REENTRY,M5,89.34,probe_now,skipped_existing,0.0,729.0,-0.0869,713,0.8826,,C:\repos\fuzzfolio-autoresearch\runs\derived\anchor-pair-timing-atlas\probe-results\l3b-002-l3-001-rsi-mean-reversion-channel-reentry-m5-tr-lb3,skipped_existing,0.0,0.0,0.0,"score_lab_v2_5_3:required_weighted_geometric_mean(proof 1.0x, edge 0.9x, ride 1.7x, stability 1.0x, viability 1.35x); missing mandatory axes score as zero",2009.0,1280.0,-0.1056,-0.018699999999999994,1959,1246.0,0.3315,0.8583,-0.0243000000000001,neutral,
l3b-003-l3-002-toby-crabel-narrow-range-pmo-crossover-m5-tr-lb1,3,l3-002-toby-crabel-narrow-range-pmo-crossover-m5,2,trigger,PMO_CROSSOVER,1,2,compression,TOBY_CRABEL_NARROW_RANGE,PMO_CROSSOVER,M5,88.97,probe_now,skipped_existing,0.0,455.0,-0.1084,446,0.7151,,C:\repos\fuzzfolio-autoresearch\runs\derived\anchor-pair-timing-atlas\probe-results\l3b-003-l3-002-toby-crabel-narrow-range-pmo-crossover-m5-tr-lb1,skipped_existing,0.0,0.0,0.0,"score_lab_v2_5_3:required_weighted_geometric_mean(proof 1.0x, edge 0.9x, ride 1.7x, stability 1.0x, viability 1.35x); missing mandatory axes score as zero",267.0,-188.0,-0.0664,0.041999999999999996,254,-192.0,0.6764,0.9133,0.19820000000000004,neutral,
l3b-004-l3-002-toby-crabel-narrow-range-pmo-crossover-m5-tr-lb3,4,l3-002-toby-crabel-narrow-range-pmo-crossover-m5,2,trigger,PMO_CROSSOVER,3,2,compression,TOBY_CRABEL_NARROW_RANGE,PMO_CROSSOVER,M5,88.97,probe_now,skipped_existing,0.0,455.0,-0.1084,446,0.7151,,C:\repos\fuzzfolio-autoresearch\runs\derived\anchor-pair-timing-atlas\probe-results\l3b-004-l3-002-toby-crabel-narrow-range-pmo-crossover-m5-tr-lb3,skipped_existing,0.0,0.0,0.0,"score_lab_v2_5_3:required_weighted_geometric_mean(proof 1.0x, edge 0.9x, ride 1.7x, stability 1.0x, viability 1.35x); missing mandatory axes score as zero",653.0,198.0,-0.1252,-0.01680000000000001,639,193.0,0.6444,0.6836,-0.03149999999999997,neutral,
l3b-005-l3-003-bbands-position-mean-reversion-channel-reentry-m5-tr-lb2,5,l3-003-bbands-position-mean-reversion-channel-reentry-m5,3,trigger,CHANNEL_REENTRY,2,1,mean_reversion,BBANDS_POSITION_MEAN_REVERSION,CHANNEL_REENTRY,M5,88.57,probe_now,skipped_existing,0.0,1236.0,-0.067,1207,0.8054,,C:\repos\fuzzfolio-autoresearch\runs\derived\anchor-pair-timing-atlas\probe-results\l3b-005-l3-003-bbands-position-mean-reversion-channel-reentry-m5-tr-lb2,skipped_existing,0.0,0.0,0.0,"score_lab_v2_5_3:required_weighted_geometric_mean(proof 1.0x, edge 0.9x, ride 1.7x, stability 1.0x, viability 1.35x); missing mandatory axes score as zero",2146.0,910.0,-0.0703,-0.0032999999999999974,2093,886.0,0.5052,0.7974,-0.008000000000000007,neutral,
l3b-006-l3-003-bbands-position-mean-reversion-channel-reentry-m5-tr-lb3,6,l3-003-bbands-position-mean-reversion-channel-reentry-m5,3,trigger,CHANNEL_REENTRY,3,1,mean_reversion,BBANDS_POSITION_MEAN_REVERSION,CHANNEL_REENTRY,M5,88.57,probe_now,skipped_existing,0.0,1236.0,-0.067,1207,0.8054,,C:\repos\fuzzfolio-autoresearch\runs\derived\anchor-pair-timing-atlas\probe-results\l3b-006-l3-003-bbands-position-mean-reversion-channel-reentry-m5-tr-lb3,skipped_existing,0.0,0.0,0.0,"score_lab_v2_5_3:required_weighted_geometric_mean(proof 1.0x, edge 0.9x, ride 1.7x, stability 1.0x, viability 1.35x); missing mandatory axes score as zero",2775.0,1539.0,-0.0819,-0.014899999999999997,2712,1505.0,0.5025,0.7697,-0.035699999999999954,neutral,
l3b-007-l3-004-kalman-velocity-confirm-pmo-crossover-m5-tr-lb1,7,l3-004-kalman-velocity-confirm-pmo-crossover-m5,4,trigger,PMO_CROSSOVER,1,2,trend,KALMAN_VELOCITY_CONFIRM,PMO_CROSSOVER,M5,88.27,probe_now,skipped_existing,0.0,115.0,-0.0751,109,0.9086,,C:\repos\fuzzfolio-autoresearch\runs\derived\anchor-pair-timing-atlas\probe-results\l3b-007-l3-004-kalman-velocity-confirm-pmo-crossover-m5-tr-lb1,skipped_existing,0.0,0.0,0.0,"score_lab_v2_5_3:required_weighted_geometric_mean(proof 1.0x, edge 0.9x, ride 1.7x, stability 1.0x, viability 1.35x); missing mandatory axes score as zero",56.0,-59.0,-0.0406,0.0345,55,-54.0,0.3411,0.9633,0.05470000000000008,neutral,
l3b-008-l3-004-kalman-velocity-confirm-pmo-crossover-m5-tr-lb3,8,l3-004-kalman-velocity-confirm-pmo-crossover-m5,4,trigger,PMO_CROSSOVER,3,2,trend,KALMAN_VELOCITY_CONFIRM,PMO_CROSSOVER,M5,88.27,probe_now,skipped_existing,0.0,115.0,-0.0751,109,0.9086,,C:\repos\fuzzfolio-autoresearch\runs\derived\anchor-pair-timing-atlas\probe-results\l3b-008-l3-004-kalman-velocity-confirm-pmo-crossover-m5-tr-lb3,skipped_existing,0.0,0.0,0.0,"score_lab_v2_5_3:required_weighted_geometric_mean(proof 1.0x, edge 0.9x, ride 1.7x, stability 1.0x, viability 1.35x); missing mandatory axes score as zero",182.0,67.0,-0.1017,-0.0266,171,62.0,0.3398,0.8886,-0.020000000000000018,neutral,
l3b-009-l3-005-kalman-velocity-confirm-toby-crabel-narrow-range-m5-tr-lb1,9,l3-005-kalman-velocity-confirm-toby-crabel-narrow-range-m5,5,trigger,TOBY_CRABEL_NARROW_RANGE,1,2,trend,KALMAN_VELOCITY_CONFIRM,TOBY_CRABEL_NARROW_RANGE,M5,87.82,probe_now,skipped_existing,0.0,688.0,-0.1555,685,0.645,,C:\repos\fuzzfolio-autoresearch\runs\derived\anchor-pair-timing-atlas\probe-results\l3b-009-l3-005-kalman-velocity-confirm-toby-crabel-narrow-range-m5-tr-lb1,skipped_existing,0.0,0.0,0.0,"score_lab_v2_5_3:required_weighted_geometric_mean(proof 1.0x, edge 0.9x, ride 1.7x, stability 1.0x, viability 1.35x); missing mandatory axes score as zero",439.0,-249.0,-0.1572,-0.001700000000000007,438,-247.0,0.6279,0.6373,-0.00770000000000004,neutral,
l3b-010-l3-005-kalman-velocity-confirm-toby-crabel-narrow-range-m5-tr-lb3,10,l3-005-kalman-velocity-confirm-toby-crabel-narrow-range-m5,5,trigger,TOBY_CRABEL_NARROW_RANGE,3,2,trend,KALMAN_VELOCITY_CONFIRM,TOBY_CRABEL_NARROW_RANGE,M5,87.82,probe_now,skipped_existing,0.0,688.0,-0.1555,685,0.645,,C:\repos\fuzzfolio-autoresearch\runs\derived\anchor-pair-timing-atlas\probe-results\l3b-010-l3-005-kalman-velocity-confirm-toby-crabel-narrow-range-m5-tr-lb3,skipped_existing,0.0,0.0,0.0,"score_lab_v2_5_3:required_weighted_geometric_mean(proof 1.0x, edge 0.9x, ride 1.7x, stability 1.0x, viability 1.35x); missing mandatory axes score as zero",907.0,219.0,-0.1438,0.011699999999999988,896,211.0,0.6374,0.6559,0.01090000000000002,neutral,
l3b-011-l3-006-adx-pmo-crossover-m5-tr-lb1,11,l3-006-adx-pmo-crossover-m5,6,trigger,PMO_CROSSOVER,1,2,trend,ADX,PMO_CROSSOVER,M5,86.99,probe_now,skipped_existing,0.0,1926.0,-0.0785,1889,0.7804,,C:\repos\fuzzfolio-autoresearch\runs\derived\anchor-pair-timing-atlas\probe-results\l3b-011-l3-006-adx-pmo-crossover-m5-tr-lb1,skipped_existing,0.0,0.0,0.0,"score_lab_v2_5_3:required_weighted_geometric_mean(proof 1.0x, edge 0.9x, ride 1.7x, stability 1.0x, viability 1.35x); missing mandatory axes score as zero",982.0,-944.0,-0.0774,0.0011000000000000038,965,-924.0,0.6802,0.7806,0.00019999999999997797,neutral,
l3b-012-l3-006-adx-pmo-crossover-m5-tr-lb3,12,l3-006-adx-pmo-crossover-m5,6,trigger,PMO_CROSSOVER,3,2,trend,ADX,PMO_CROSSOVER,M5,86.99,probe_now,skipped_existing,0.0,1926.0,-0.0785,1889,0.7804,,C:\repos\fuzzfolio-autoresearch\runs\derived\anchor-pair-timing-atlas\probe-results\l3b-012-l3-006-adx-pmo-crossover-m5-tr-lb3,skipped_existing,0.0,0.0,0.0,"score_lab_v2_5_3:required_weighted_geometric_mean(proof 1.0x, edge 0.9x, ride 1.7x, stability 1.0x, viability 1.35x); missing mandatory axes score as zero",2807.0,881.0,-0.0844,-0.0059000000000000025,2753,864.0,0.6771,0.7679,-0.012499999999999956,neutral,
l3b-013-l3-007-toby-crabel-narrow-range-market-mode-transition-m15-tr-lb1,13,l3-007-toby-crabel-narrow-range-market-mode-transition-m15,7,trigger,MARKET_MODE_TRANSITION,1,2,compression,TOBY_CRABEL_NARROW_RANGE,MARKET_MODE_TRANSITION,M15,86.9,probe_now,skipped_existing,0.0,125.0,-0.1205,120,0.8483,,C:\repos\fuzzfolio-autoresearch\runs\derived\anchor-pair-timing-atlas\probe-results\l3b-013-l3-007-toby-crabel-narrow-range-market-mode-transition-m15-tr-lb1,skipped_existing,0.0,0.0,0.0,"score_lab_v2_5_3:required_weighted_geometric_mean(proof 1.0x, edge 0.9x, ride 1.7x, stability 1.0x, viability 1.35x); missing mandatory axes score as zero",62.0,-63.0,-0.1534,-0.03290000000000001,60,-60.0,0.6414,0.7694,-0.07890000000000008,neutral,
l3b-014-l3-007-toby-crabel-narrow-range-market-mode-transition-m15-tr-lb3,14,l3-007-toby-crabel-narrow-range-market-mode-transition-m15,7,trigger,MARKET_MODE_TRANSITION,3,2,compression,TOBY_CRABEL_NARROW_RANGE,MARKET_MODE_TRANSITION,M15,86.9,probe_now,skipped_existing,0.0,125.0,-0.1205,120,0.8483,,C:\repos\fuzzfolio-autoresearch\runs\derived\anchor-pair-timing-atlas\probe-results\l3b-014-l3-007-toby-crabel-narrow-range-market-mode-transition-m15-tr-lb3,skipped_existing,0.0,0.0,0.0,"score_lab_v2_5_3:required_weighted_geometric_mean(proof 1.0x, edge 0.9x, ride 1.7x, stability 1.0x, viability 1.35x); missing mandatory axes score as zero",186.0,61.0,-0.1125,0.007999999999999993,179,59.0,0.6608,0.8031,-0.04520000000000002,neutral,
l3b-015-l3-008-ma-slope-trend-pmo-crossover-m5-tr-lb1,15,l3-008-ma-slope-trend-pmo-crossover-m5,8,trigger,PMO_CROSSOVER,1,2,trend,MA_SLOPE_TREND,PMO_CROSSOVER,M5,86.73,probe_now,skipped_existing,60.5492,48.0,0.385,48,1.817,,C:\repos\fuzzfolio-autoresearch\runs\derived\anchor-pair-timing-atlas\probe-results\l3b-015-l3-008-ma-slope-trend-pmo-crossover-m5-tr-lb1,skipped_existing,64.7979,64.7979,4.2486999999999995,"score_lab_v2_5_3:required_weighted_geometric_mean(proof 1.0x, edge 0.9x, ride 1.7x, stability 1.0x, viability 1.35x); missing mandatory axes score as zero",11.0,-37.0,1.1917,0.8067,11,-37.0,0.4583,1.7727,-0.044300000000000006,neutral,
l3b-016-l3-008-ma-slope-trend-pmo-crossover-m5-tr-lb3,16,l3-008-ma-slope-trend-pmo-crossover-m5,8,trigger,PMO_CROSSOVER,3,2,trend,MA_SLOPE_TREND,PMO_CROSSOVER,M5,86.73,probe_now,skipped_existing,60.5492,48.0,0.385,48,1.817,,C:\repos\fuzzfolio-autoresearch\runs\derived\anchor-pair-timing-atlas\probe-results\l3b-016-l3-008-ma-slope-trend-pmo-crossover-m5-tr-lb3,skipped_existing,50.3837,50.3837,-10.165500000000002,"score_lab_v2_5_3:required_weighted_geometric_mean(proof 1.0x, edge 0.9x, ride 1.7x, stability 1.0x, viability 1.35x); missing mandatory axes score as zero",106.0,58.0,0.186,-0.199,104,56.0,0.256,1.3535,-0.4635,degraded,
l3b-017-l3-009-bollinger-keltner-squeeze-filter-pmo-crossover-m5-tr-lb1,17,l3-009-bollinger-keltner-squeeze-filter-pmo-crossover-m5,9,trigger,PMO_CROSSOVER,1,2,compression,BOLLINGER_KELTNER_SQUEEZE_FILTER,PMO_CROSSOVER,M5,86.54,probe_now,ok,0.0,2776.0,-0.0921,2659,0.8612,,C:\repos\fuzzfolio-autoresearch\runs\derived\anchor-pair-timing-atlas\probe-results\l3b-017-l3-009-bollinger-keltner-squeeze-filter-pmo-crossover-m5-tr-lb1,skipped_existing,0.0,0.0,0.0,"score_lab_v2_5_3:required_weighted_geometric_mean(proof 1.0x, edge 0.9x, ride 1.7x, stability 1.0x, viability 1.35x); missing mandatory axes score as zero",1370.0,-1406.0,-0.0805,0.0116,1314,-1345.0,0.5063,0.8781,0.016900000000000026,neutral,
l3b-018-l3-009-bollinger-keltner-squeeze-filter-pmo-crossover-m5-tr-lb3,18,l3-009-bollinger-keltner-squeeze-filter-pmo-crossover-m5,9,trigger,PMO_CROSSOVER,3,2,compression,BOLLINGER_KELTNER_SQUEEZE_FILTER,PMO_CROSSOVER,M5,86.54,probe_now,ok,0.0,2776.0,-0.0921,2659,0.8612,,C:\repos\fuzzfolio-autoresearch\runs\derived\anchor-pair-timing-atlas\probe-results\l3b-018-l3-009-bollinger-keltner-squeeze-filter-pmo-crossover-m5-tr-lb3,skipped_existing,0.0,0.0,0.0,"score_lab_v2_5_3:required_weighted_geometric_mean(proof 1.0x, edge 0.9x, ride 1.7x, stability 1.0x, viability 1.35x); missing mandatory axes score as zero",4184.0,1408.0,-0.0961,-0.0040000000000000036,4082,1423.0,0.499,0.749,-0.11219999999999997,neutral,
l3b-019-l3-010-adx-toby-crabel-narrow-range-m5-tr-lb1,19,l3-010-adx-toby-crabel-narrow-range-m5,10,trigger,TOBY_CRABEL_NARROW_RANGE,1,2,trend,ADX,TOBY_CRABEL_NARROW_RANGE,M5,86.54,probe_now,ok,0.0,1984.0,-0.0569,1955,0.8337,,C:\repos\fuzzfolio-autoresearch\runs\derived\anchor-pair-timing-atlas\probe-results\l3b-019-l3-010-adx-toby-crabel-narrow-range-m5-tr-lb1,skipped_existing,0.0,0.0,0.0,"score_lab_v2_5_3:required_weighted_geometric_mean(proof 1.0x, edge 0.9x, ride 1.7x, stability 1.0x, viability 1.35x); missing mandatory axes score as zero",1272.0,-712.0,-0.0478,0.009099999999999997,1252,-703.0,0.696,0.8563,0.022599999999999953,neutral,
l3b-020-l3-010-adx-toby-crabel-narrow-range-m5-tr-lb3,20,l3-010-adx-toby-crabel-narrow-range-m5,10,trigger,TOBY_CRABEL_NARROW_RANGE,3,2,trend,ADX,TOBY_CRABEL_NARROW_RANGE,M5,86.54,probe_now,ok,0.0,1984.0,-0.0569,1955,0.8337,,C:\repos\fuzzfolio-autoresearch\runs\derived\anchor-pair-timing-atlas\probe-results\l3b-020-l3-010-adx-toby-crabel-narrow-range-m5-tr-lb3,skipped_existing,0.0,0.0,0.0,"score_lab_v2_5_3:required_weighted_geometric_mean(proof 1.0x, edge 0.9x, ride 1.7x, stability 1.0x, viability 1.35x); missing mandatory axes score as zero",2658.0,674.0,-0.0627,-0.0058000000000000065,2618,663.0,0.6885,0.8173,-0.01639999999999997,neutral,
l3b-021-l3-011-toby-crabel-narrow-range-ttf-dsl-transition-m15-tr-lb2,21,l3-011-toby-crabel-narrow-range-ttf-dsl-transition-m15,11,trigger,TTF_DSL_TRANSITION,2,1,compression,TOBY_CRABEL_NARROW_RANGE,TTF_DSL_TRANSITION,M15,86.46,probe_now,ok,0.0,86.0,0.0133,82,1.2435,,C:\repos\fuzzfolio-autoresearch\runs\derived\anchor-pair-timing-atlas\probe-results\l3b-021-l3-011-toby-crabel-narrow-range-ttf-dsl-transition-m15-tr-lb2,skipped_existing,0.0,0.0,0.0,"score_lab_v2_5_3:required_weighted_geometric_mean(proof 1.0x, edge 0.9x, ride 1.7x, stability 1.0x, viability 1.35x); missing mandatory axes score as zero",166.0,80.0,-0.0483,-0.0616,157,75.0,0.6939,1.1469,-0.09660000000000002,neutral,
l3b-022-l3-011-toby-crabel-narrow-range-ttf-dsl-transition-m15-tr-lb3,22,l3-011-toby-crabel-narrow-range-ttf-dsl-transition-m15,11,trigger,TTF_DSL_TRANSITION,3,1,compression,TOBY_CRABEL_NARROW_RANGE,TTF_DSL_TRANSITION,M15,86.46,probe_now,ok,0.0,86.0,0.0133,82,1.2435,,C:\repos\fuzzfolio-autoresearch\runs\derived\anchor-pair-timing-atlas\probe-results\l3b-022-l3-011-toby-crabel-narrow-range-ttf-dsl-transition-m15-tr-lb3,skipped_existing,0.0,0.0,0.0,"score_lab_v2_5_3:required_weighted_geometric_mean(proof 1.0x, edge 0.9x, ride 1.7x, stability 1.0x, viability 1.35x); missing mandatory axes score as zero",251.0,165.0,-0.0451,-0.0584,238,156.0,0.6989,1.1961,-0.04740000000000011,neutral,
l3b-023-l3-012-ma-slope-trend-toby-crabel-narrow-range-m5-tr-lb1,23,l3-012-ma-slope-trend-toby-crabel-narrow-range-m5,12,trigger,TOBY_CRABEL_NARROW_RANGE,1,2,trend,MA_SLOPE_TREND,TOBY_CRABEL_NARROW_RANGE,M5,86.28,probe_now,ok,0.0,41.0,-0.5236,41,0.5985,,C:\repos\fuzzfolio-autoresearch\runs\derived\anchor-pair-timing-atlas\probe-results\l3b-023-l3-012-ma-slope-trend-toby-crabel-narrow-range-m5-tr-lb1,skipped_existing,0.0,0.0,0.0,"score_lab_v2_5_3:required_weighted_geometric_mean(proof 1.0x, edge 0.9x, ride 1.7x, stability 1.0x, viability 1.35x); missing mandatory axes score as zero",29.0,-12.0,-0.5125,0.011099999999999999,29,-12.0,0.3917,0.3333,-0.26520000000000005,neutral,
l3b-024-l3-012-ma-slope-trend-toby-crabel-narrow-range-m5-tr-lb3,24,l3-012-ma-slope-trend-toby-crabel-narrow-range-m5,12,trigger,TOBY_CRABEL_NARROW_RANGE,3,2,trend,MA_SLOPE_TREND,TOBY_CRABEL_NARROW_RANGE,M5,86.28,probe_now,ok,0.0,41.0,-0.5236,41,0.5985,,C:\repos\fuzzfolio-autoresearch\runs\derived\anchor-pair-timing-atlas\probe-results\l3b-024-l3-012-ma-slope-trend-toby-crabel-narrow-range-m5-tr-lb3,skipped_existing,0.0,0.0,0.0,"score_lab_v2_5_3:required_weighted_geometric_mean(proof 1.0x, edge 0.9x, ride 1.7x, stability 1.0x, viability 1.35x); missing mandatory axes score as zero",50.0,9.0,-0.5119,0.011699999999999933,50,9.0,0.3216,0.6233,0.024799999999999933,neutral,
l3b-025-l3-013-kalman-velocity-confirm-market-mode-transition-m15-tr-lb1,25,l3-013-kalman-velocity-confirm-market-mode-transition-m15,13,trigger,MARKET_MODE_TRANSITION,1,2,trend,KALMAN_VELOCITY_CONFIRM,MARKET_MODE_TRANSITION,M15,86.2,probe_now,ok,0.0,225.0,-0.0419,218,0.8904,,C:\repos\fuzzfolio-autoresearch\runs\derived\anchor-pair-timing-atlas\probe-results\l3b-025-l3-013-kalman-velocity-confirm-market-mode-transition-m15-tr-lb1,skipped_existing,0.0,0.0,0.0,"score_lab_v2_5_3:required_weighted_geometric_mean(proof 1.0x, edge 0.9x, ride 1.7x, stability 1.0x, viability 1.35x); missing mandatory axes score as zero",103.0,-122.0,-0.0149,0.027,100,-118.0,0.7143,0.9901,0.09970000000000001,neutral,
l3b-026-l3-013-kalman-velocity-confirm-market-mode-transition-m15-tr-lb3,26,l3-013-kalman-velocity-confirm-market-mode-transition-m15,13,trigger,MARKET_MODE_TRANSITION,3,2,trend,KALMAN_VELOCITY_CONFIRM,MARKET_MODE_TRANSITION,M15,86.2,probe_now,ok,0.0,225.0,-0.0419,218,0.8904,,C:\repos\fuzzfolio-autoresearch\runs\derived\anchor-pair-timing-atlas\probe-results\l3b-026-l3-013-kalman-velocity-confirm-market-mode-transition-m15-tr-lb3,skipped_existing,0.0,0.0,0.0,"score_lab_v2_5_3:required_weighted_geometric_mean(proof 1.0x, edge 0.9x, ride 1.7x, stability 1.0x, viability 1.35x); missing mandatory axes score as zero",366.0,141.0,-0.0353,0.006600000000000002,353,135.0,0.7098,0.9422,0.05180000000000007,neutral,
l3b-027-l3-014-bollinger-keltner-squeeze-filter-toby-crabel-narrow-range-m5-tr-lb1,27,l3-014-bollinger-keltner-squeeze-filter-toby-crabel-narrow-range-m5,14,trigger,TOBY_CRABEL_NARROW_RANGE,1,2,compression,BOLLINGER_KELTNER_SQUEEZE_FILTER,TOBY_CRABEL_NARROW_RANGE,M5,86.09,probe_now,ok,0.0,3090.0,-0.0607,2898,0.9061,,C:\repos\fuzzfolio-autoresearch\runs\derived\anchor-pair-timing-atlas\probe-results\l3b-027-l3-014-bollinger-keltner-squeeze-filter-toby-crabel-narrow-range-m5-tr-lb1,skipped_existing,0.0,0.0,0.0,"score_lab_v2_5_3:required_weighted_geometric_mean(proof 1.0x, edge 0.9x, ride 1.7x, stability 1.0x, viability 1.35x); missing mandatory axes score as zero",1952.0,-1138.0,-0.062,-0.0013000000000000025,1826,-1072.0,0.5,0.9044,-0.0017000000000000348,neutral,
l3b-028-l3-014-bollinger-keltner-squeeze-filter-toby-crabel-narrow-range-m5-tr-lb3,28,l3-014-bollinger-keltner-squeeze-filter-toby-crabel-narrow-range-m5,14,trigger,TOBY_CRABEL_NARROW_RANGE,3,2,compression,BOLLINGER_KELTNER_SQUEEZE_FILTER,TOBY_CRABEL_NARROW_RANGE,M5,86.09,probe_now,ok,0.0,3090.0,-0.0607,2898,0.9061,,C:\repos\fuzzfolio-autoresearch\runs\derived\anchor-pair-timing-atlas\probe-results\l3b-028-l3-014-bollinger-keltner-squeeze-filter-toby-crabel-narrow-range-m5-tr-lb3,skipped_existing,0.0,0.0,0.0,"score_lab_v2_5_3:required_weighted_geometric_mean(proof 1.0x, edge 0.9x, ride 1.7x, stability 1.0x, viability 1.35x); missing mandatory axes score as zero",4200.0,1110.0,-0.0624,-0.0017000000000000001,3951,1053.0,0.5,0.9035,-0.0026000000000000467,neutral,
l3b-029-l3-015-kalman-velocity-confirm-ttf-dsl-transition-m15-tr-lb2,29,l3-015-kalman-velocity-confirm-ttf-dsl-transition-m15,15,trigger,TTF_DSL_TRANSITION,2,1,trend,KALMAN_VELOCITY_CONFIRM,TTF_DSL_TRANSITION,M15,85.76,probe_now,ok,0.0,166.0,-0.0315,162,0.9335,,C:\repos\fuzzfolio-autoresearch\runs\derived\anchor-pair-timing-atlas\probe-results\l3b-029-l3-015-kalman-velocity-confirm-ttf-dsl-transition-m15-tr-lb2,skipped_existing,0.0,0.0,0.0,"score_lab_v2_5_3:required_weighted_geometric_mean(proof 1.0x, edge 0.9x, ride 1.7x, stability 1.0x, viability 1.35x); missing mandatory axes score as zero",357.0,191.0,-0.05,-0.018500000000000003,348,186.0,0.7091,0.8532,-0.08030000000000004,neutral,
l3b-030-l3-015-kalman-velocity-confirm-ttf-dsl-transition-m15-tr-lb3,30,l3-015-kalman-velocity-confirm-ttf-dsl-transition-m15,15,trigger,TTF_DSL_TRANSITION,3,1,trend,KALMAN_VELOCITY_CONFIRM,TTF_DSL_TRANSITION,M15,85.76,probe_now,ok,0.0,166.0,-0.0315,162,0.9335,,C:\repos\fuzzfolio-autoresearch\runs\derived\anchor-pair-timing-atlas\probe-results\l3b-030-l3-015-kalman-velocity-confirm-ttf-dsl-transition-m15-tr-lb3,skipped_existing,0.0,0.0,0.0,"score_lab_v2_5_3:required_weighted_geometric_mean(proof 1.0x, edge 0.9x, ride 1.7x, stability 1.0x, viability 1.35x); missing mandatory axes score as zero",567.0,401.0,-0.0742,-0.0427,550,388.0,0.6929,0.7837,-0.14980000000000004,neutral,
l3b-031-l3-016-rsi-mean-reversion-channel-reentry-m15-tr-lb2,31,l3-016-rsi-mean-reversion-channel-reentry-m15,16,trigger,CHANNEL_REENTRY,2,1,mean_reversion,RSI_MEAN_REVERSION,CHANNEL_REENTRY,M15,85.34,probe_now,ok,41.462,220.0,0.0887,214,1.1254,,C:\repos\fuzzfolio-autoresearch\runs\derived\anchor-pair-timing-atlas\probe-results\l3b-031-l3-016-rsi-mean-reversion-channel-reentry-m15-tr-lb2,skipped_existing,46.6073,46.6073,5.145299999999999,"score_lab_v2_5_3:required_weighted_geometric_mean(proof 1.0x, edge 0.9x, ride 1.7x, stability 1.0x, viability 1.35x); missing mandatory axes score as zero",465.0,245.0,0.1119,0.0232,455,241.0,0.3049,1.1589,0.033500000000000085,improved,
l3b-032-l3-016-rsi-mean-reversion-channel-reentry-m15-tr-lb3,32,l3-016-rsi-mean-reversion-channel-reentry-m15,16,trigger,CHANNEL_REENTRY,3,1,mean_reversion,RSI_MEAN_REVERSION,CHANNEL_REENTRY,M15,85.34,probe_now,ok,41.462,220.0,0.0887,214,1.1254,,C:\repos\fuzzfolio-autoresearch\runs\derived\anchor-pair-timing-atlas\probe-results\l3b-032-l3-016-rsi-mean-reversion-channel-reentry-m15-tr-lb3,skipped_existing,46.9137,46.9137,5.451699999999995,"score_lab_v2_5_3:required_weighted_geometric_mean(proof 1.0x, edge 0.9x, ride 1.7x, stability 1.0x, viability 1.35x); missing mandatory axes score as zero",659.0,439.0,0.1107,0.022000000000000006,649,435.0,0.3412,1.1553,0.029900000000000038,improved,
l3b-033-l3-017-toby-crabel-narrow-range-pmo-crossover-m15-tr-lb1,33,l3-017-toby-crabel-narrow-range-pmo-crossover-m15,17,trigger,PMO_CROSSOVER,1,2,compression,TOBY_CRABEL_NARROW_RANGE,PMO_CROSSOVER,M15,84.97,probe_now,ok,0.0,156.0,-0.1115,155,0.8598,,C:\repos\fuzzfolio-autoresearch\runs\derived\anchor-pair-timing-atlas\probe-results\l3b-033-l3-017-toby-crabel-narrow-range-pmo-crossover-m15-tr-lb1,skipped_existing,0.0,0.0,0.0,"score_lab_v2_5_3:required_weighted_geometric_mean(proof 1.0x, edge 0.9x, ride 1.7x, stability 1.0x, viability 1.35x); missing mandatory axes score as zero",90.0,-66.0,-0.0214,0.0901,89,-66.0,0.6671,1.0053,0.14550000000000007,neutral,
l3b-034-l3-017-toby-crabel-narrow-range-pmo-crossover-m15-tr-lb3,34,l3-017-toby-crabel-narrow-range-pmo-crossover-m15,17,trigger,PMO_CROSSOVER,3,2,compression,TOBY_CRABEL_NARROW_RANGE,PMO_CROSSOVER,M15,84.97,probe_now,ok,0.0,156.0,-0.1115,155,0.8598,,C:\repos\fuzzfolio-autoresearch\runs\derived\anchor-pair-timing-atlas\probe-results\l3b-034-l3-017-toby-crabel-narrow-range-pmo-crossover-m15-tr-lb3,skipped_existing,0.0,0.0,0.0,"score_lab_v2_5_3:required_weighted_geometric_mean(proof 1.0x, edge 0.9x, ride 1.7x, stability 1.0x, viability 1.35x); missing mandatory axes score as zero",222.0,66.0,-0.1272,-0.015700000000000006,219,64.0,0.4844,0.7039,-0.15590000000000004,neutral,
l3b-035-l3-018-adx-market-mode-transition-m15-tr-lb1,35,l3-018-adx-market-mode-transition-m15,18,trigger,MARKET_MODE_TRANSITION,1,2,trend,ADX,MARKET_MODE_TRANSITION,M15,84.92,probe_now,ok,0.0,866.0,-0.0218,838,0.9531,,C:\repos\fuzzfolio-autoresearch\runs\derived\anchor-pair-timing-atlas\probe-results\l3b-035-l3-018-adx-market-mode-transition-m15-tr-lb1,skipped_existing,0.0,0.0,0.0,"score_lab_v2_5_3:required_weighted_geometric_mean(proof 1.0x, edge 0.9x, ride 1.7x, stability 1.0x, viability 1.35x); missing mandatory axes score as zero",559.0,-307.0,-0.0234,-0.0016000000000000007,544,-294.0,0.7165,0.9345,-0.01859999999999995,neutral,
l3b-036-l3-018-adx-market-mode-transition-m15-tr-lb3,36,l3-018-adx-market-mode-transition-m15,18,trigger,MARKET_MODE_TRANSITION,3,2,trend,ADX,MARKET_MODE_TRANSITION,M15,84.92,probe_now,ok,0.0,866.0,-0.0218,838,0.9531,,C:\repos\fuzzfolio-autoresearch\runs\derived\anchor-pair-timing-atlas\probe-results\l3b-036-l3-018-adx-market-mode-transition-m15-tr-lb3,skipped_existing,0.0,0.0,0.0,"score_lab_v2_5_3:required_weighted_geometric_mean(proof 1.0x, edge 0.9x, ride 1.7x, stability 1.0x, viability 1.35x); missing mandatory axes score as zero",1174.0,308.0,-0.0169,0.004900000000000002,1133,295.0,0.722,0.9663,0.0132000000000001,neutral,
l3b-037-l3-019-ma-slope-trend-market-mode-transition-m15-tr-lb1,37,l3-019-ma-slope-trend-market-mode-transition-m15,19,trigger,MARKET_MODE_TRANSITION,1,2,trend,MA_SLOPE_TREND,MARKET_MODE_TRANSITION,M15,84.66,probe_now,ok,0.0,126.0,0.0257,122,1.9504,,C:\repos\fuzzfolio-autoresearch\runs\derived\anchor-pair-timing-atlas\probe-results\l3b-037-l3-019-ma-slope-trend-market-mode-transition-m15-tr-lb1,skipped_existing,0.0,0.0,0.0,"score_lab_v2_5_3:required_weighted_geometric_mean(proof 1.0x, edge 0.9x, ride 1.7x, stability 1.0x, viability 1.35x); missing mandatory axes score as zero",91.0,-35.0,-0.0332,-0.0589,88,-34.0,0.7012,1.3674,-0.583,neutral,
l3b-038-l3-019-ma-slope-trend-market-mode-transition-m15-tr-lb3,38,l3-019-ma-slope-trend-market-mode-transition-m15,19,trigger,MARKET_MODE_TRANSITION,3,2,trend,MA_SLOPE_TREND,MARKET_MODE_TRANSITION,M15,84.66,probe_now,ok,0.0,126.0,0.0257,122,1.9504,,C:\repos\fuzzfolio-autoresearch\runs\derived\anchor-pair-timing-atlas\probe-results\l3b-038-l3-019-ma-slope-trend-market-mode-transition-m15-tr-lb3,skipped_existing,0.0,0.0,0.0,"score_lab_v2_5_3:required_weighted_geometric_mean(proof 1.0x, edge 0.9x, ride 1.7x, stability 1.0x, viability 1.35x); missing mandatory axes score as zero",155.0,29.0,-0.0266,-0.0523,150,28.0,0.7283,1.159,-0.7913999999999999,neutral,
l3b-039-l3-020-bbands-position-mean-reversion-channel-reentry-m15-tr-lb2,39,l3-020-bbands-position-mean-reversion-channel-reentry-m15,20,trigger,CHANNEL_REENTRY,2,1,mean_reversion,BBANDS_POSITION_MEAN_REVERSION,CHANNEL_REENTRY,M15,84.57,probe_now,ok,0.0,416.0,0.0408,403,1.0773,,C:\repos\fuzzfolio-autoresearch\runs\derived\anchor-pair-timing-atlas\probe-results\l3b-039-l3-020-bbands-position-mean-reversion-channel-reentry-m15-tr-lb2,skipped_existing,0.0,0.0,0.0,"score_lab_v2_5_3:required_weighted_geometric_mean(proof 1.0x, edge 0.9x, ride 1.7x, stability 1.0x, viability 1.35x); missing mandatory axes score as zero",735.0,319.0,-0.024,-0.0648,708,305.0,0.3034,0.9862,-0.09109999999999996,neutral,
l3b-040-l3-020-bbands-position-mean-reversion-channel-reentry-m15-tr-lb3,40,l3-020-bbands-position-mean-reversion-channel-reentry-m15,20,trigger,CHANNEL_REENTRY,3,1,mean_reversion,BBANDS_POSITION_MEAN_REVERSION,CHANNEL_REENTRY,M15,84.57,probe_now,ok,0.0,416.0,0.0408,403,1.0773,,C:\repos\fuzzfolio-autoresearch\runs\derived\anchor-pair-timing-atlas\probe-results\l3b-040-l3-020-bbands-position-mean-reversion-channel-reentry-m15-tr-lb3,skipped_existing,0.0,0.0,0.0,"score_lab_v2_5_3:required_weighted_geometric_mean(proof 1.0x, edge 0.9x, ride 1.7x, stability 1.0x, viability 1.35x); missing mandatory axes score as zero",959.0,543.0,0.0112,-0.0296,927,524.0,0.3651,1.0302,-0.04709999999999992,neutral,
l3b-041-l3-021-toby-crabel-narrow-range-wavetrend-crossover-m15-tr-lb1,41,l3-021-toby-crabel-narrow-range-wavetrend-crossover-m15,21,trigger,WAVETREND_CROSSOVER,1,2,compression,TOBY_CRABEL_NARROW_RANGE,WAVETREND_CROSSOVER,M15,84.53,probe_now,ok,0.0,55.0,-0.1404,55,0.6986,,C:\repos\fuzzfolio-autoresearch\runs\derived\anchor-pair-timing-atlas\probe-results\l3b-041-l3-021-toby-crabel-narrow-range-wavetrend-crossover-m15-tr-lb1,skipped_existing,0.0,0.0,0.0,"score_lab_v2_5_3:required_weighted_geometric_mean(proof 1.0x, edge 0.9x, ride 1.7x, stability 1.0x, viability 1.35x); missing mandatory axes score as zero",28.0,-27.0,0.0681,0.2085,28,-27.0,0.7944,1.1369,0.4383,neutral,
l3b-042-l3-021-toby-crabel-narrow-range-wavetrend-crossover-m15-tr-lb3,42,l3-021-toby-crabel-narrow-range-wavetrend-crossover-m15,21,trigger,WAVETREND_CROSSOVER,3,2,compression,TOBY_CRABEL_NARROW_RANGE,WAVETREND_CROSSOVER,M15,84.53,probe_now,ok,0.0,55.0,-0.1404,55,0.6986,,C:\repos\fuzzfolio-autoresearch\runs\derived\anchor-pair-timing-atlas\probe-results\l3b-042-l3-021-toby-crabel-narrow-range-wavetrend-crossover-m15-tr-lb3,skipped_existing,0.0,0.0,0.0,"score_lab_v2_5_3:required_weighted_geometric_mean(proof 1.0x, edge 0.9x, ride 1.7x, stability 1.0x, viability 1.35x); missing mandatory axes score as zero",75.0,20.0,-0.0892,0.051199999999999996,75,20.0,0.3471,0.9295,0.2309,neutral,
l3b-043-l3-022-adx-ttf-dsl-transition-m15-tr-lb2,43,l3-022-adx-ttf-dsl-transition-m15,22,trigger,TTF_DSL_TRANSITION,2,1,trend,ADX,TTF_DSL_TRANSITION,M15,84.48,probe_now,ok,0.0,745.0,-0.0379,710,0.951,,C:\repos\fuzzfolio-autoresearch\runs\derived\anchor-pair-timing-atlas\probe-results\l3b-043-l3-022-adx-ttf-dsl-transition-m15-tr-lb2,skipped_existing,0.0,0.0,0.0,"score_lab_v2_5_3:required_weighted_geometric_mean(proof 1.0x, edge 0.9x, ride 1.7x, stability 1.0x, viability 1.35x); missing mandatory axes score as zero",1158.0,413.0,-0.0748,-0.0369,1102,392.0,0.6849,0.9022,-0.048799999999999955,neutral,
l3b-044-l3-022-adx-ttf-dsl-transition-m15-tr-lb3,44,l3-022-adx-ttf-dsl-transition-m15,22,trigger,TTF_DSL_TRANSITION,3,1,trend,ADX,TTF_DSL_TRANSITION,M15,84.48,probe_now,ok,0.0,745.0,-0.0379,710,0.951,,C:\repos\fuzzfolio-autoresearch\runs\derived\anchor-pair-timing-atlas\probe-results\l3b-044-l3-022-adx-ttf-dsl-transition-m15-tr-lb3,skipped_existing,0.0,0.0,0.0,"score_lab_v2_5_3:required_weighted_geometric_mean(proof 1.0x, edge 0.9x, ride 1.7x, stability 1.0x, viability 1.35x); missing mandatory axes score as zero",1562.0,817.0,-0.0655,-0.0276,1489,779.0,0.4071,0.9138,-0.03720000000000001,neutral,
l3b-045-l3-023-bollinger-keltner-squeeze-filter-market-mode-transition-m15-tr-lb1,45,l3-023-bollinger-keltner-squeeze-filter-market-mode-transition-m15,23,trigger,MARKET_MODE_TRANSITION,1,2,compression,BOLLINGER_KELTNER_SQUEEZE_FILTER,MARKET_MODE_TRANSITION,M15,84.47,probe_now,ok,0.0,429.0,-0.1528,415,0.6793,,C:\repos\fuzzfolio-autoresearch\runs\derived\anchor-pair-timing-atlas\probe-results\l3b-045-l3-023-bollinger-keltner-squeeze-filter-market-mode-transition-m15-tr-lb1,skipped_existing,0.0,0.0,0.0,"score_lab_v2_5_3:required_weighted_geometric_mean(proof 1.0x, edge 0.9x, ride 1.7x, stability 1.0x, viability 1.35x); missing mandatory axes score as zero",221.0,-208.0,-0.1389,0.013899999999999996,214,-201.0,0.6408,0.7203,0.041000000000000036,neutral,
l3b-046-l3-023-bollinger-keltner-squeeze-filter-market-mode-transition-m15-tr-lb3,46,l3-023-bollinger-keltner-squeeze-filter-market-mode-transition-m15,23,trigger,MARKET_MODE_TRANSITION,3,2,compression,BOLLINGER_KELTNER_SQUEEZE_FILTER,MARKET_MODE_TRANSITION,M15,84.47,probe_now,ok,0.0,429.0,-0.1528,415,0.6793,,C:\repos\fuzzfolio-autoresearch\runs\derived\anchor-pair-timing-atlas\probe-results\l3b-046-l3-023-bollinger-keltner-squeeze-filter-market-mode-transition-m15-tr-lb3,skipped_existing,0.0,0.0,0.0,"score_lab_v2_5_3:required_weighted_geometric_mean(proof 1.0x, edge 0.9x, ride 1.7x, stability 1.0x, viability 1.35x); missing mandatory axes score as zero",628.0,199.0,-0.1623,-0.009500000000000008,607,192.0,0.6252,0.6536,-0.025700000000000056,neutral,
l3b-047-l3-024-kalman-velocity-confirm-pmo-crossover-m15-tr-lb1,47,l3-024-kalman-velocity-confirm-pmo-crossover-m15,24,trigger,PMO_CROSSOVER,1,2,trend,KALMAN_VELOCITY_CONFIRM,PMO_CROSSOVER,M15,84.27,probe_now,ok,67.0715,48.0,0.6257,44,2.4589,,C:\repos\fuzzfolio-autoresearch\runs\derived\anchor-pair-timing-atlas\probe-results\l3b-047-l3-024-kalman-velocity-confirm-pmo-crossover-m15-tr-lb1,skipped_existing,0.0,0.0,-67.0715,"score_lab_v2_5_3:required_weighted_geometric_mean(proof 1.0x, edge 0.9x, ride 1.7x, stability 1.0x, viability 1.35x); missing mandatory axes score as zero",22.0,-26.0,0.6998,0.07409999999999994,20,-24.0,0.3854,3.9524,1.4935,lost_positive,
l3b-048-l3-024-kalman-velocity-confirm-pmo-crossover-m15-tr-lb3,48,l3-024-kalman-velocity-confirm-pmo-crossover-m15,24,trigger,PMO_CROSSOVER,3,2,trend,KALMAN_VELOCITY_CONFIRM,PMO_CROSSOVER,M15,84.27,probe_now,ok,67.0715,48.0,0.6257,44,2.4589,,C:\repos\fuzzfolio-autoresearch\runs\derived\anchor-pair-timing-atlas\probe-results\l3b-048-l3-024-kalman-velocity-confirm-pmo-crossover-m15-tr-lb3,skipped_existing,56.4656,56.4656,-10.605899999999998,"score_lab_v2_5_3:required_weighted_geometric_mean(proof 1.0x, edge 0.9x, ride 1.7x, stability 1.0x, viability 1.35x); missing mandatory axes score as zero",80.0,32.0,0.3061,-0.31960000000000005,74,30.0,0.4145,1.555,-0.9038999999999999,degraded,
l3b-049-l3-025-toby-crabel-narrow-range-key-reversal-signal-m15-tr-lb2,49,l3-025-toby-crabel-narrow-range-key-reversal-signal-m15,25,trigger,KEY_REVERSAL_SIGNAL,2,1,compression,TOBY_CRABEL_NARROW_RANGE,KEY_REVERSAL_SIGNAL,M15,84.19,probe_now,ok,0.0,131.0,-0.1345,124,0.8669,,C:\repos\fuzzfolio-autoresearch\runs\derived\anchor-pair-timing-atlas\probe-results\l3b-049-l3-025-toby-crabel-narrow-range-key-reversal-signal-m15-tr-lb2,skipped_existing,0.0,0.0,0.0,"score_lab_v2_5_3:required_weighted_geometric_mean(proof 1.0x, edge 0.9x, ride 1.7x, stability 1.0x, viability 1.35x); missing mandatory axes score as zero",228.0,97.0,-0.1965,-0.062,213,89.0,0.6026,0.807,-0.05989999999999995,neutral,
l3b-050-l3-025-toby-crabel-narrow-range-key-reversal-signal-m15-tr-lb3,50,l3-025-toby-crabel-narrow-range-key-reversal-signal-m15,25,trigger,KEY_REVERSAL_SIGNAL,3,1,compression,TOBY_CRABEL_NARROW_RANGE,KEY_REVERSAL_SIGNAL,M15,84.19,probe_now,ok,0.0,131.0,-0.1345,124,0.8669,,C:\repos\fuzzfolio-autoresearch\runs\derived\anchor-pair-timing-atlas\probe-results\l3b-050-l3-025-toby-crabel-narrow-range-key-reversal-signal-m15-tr-lb3,skipped_existing,0.0,0.0,0.0,"score_lab_v2_5_3:required_weighted_geometric_mean(proof 1.0x, edge 0.9x, ride 1.7x, stability 1.0x, viability 1.35x); missing mandatory axes score as zero",314.0,183.0,-0.1751,-0.0406,289,165.0,0.6143,0.8412,-0.025700000000000056,neutral,
l3b-051-l3-026-bollinger-keltner-squeeze-filter-ttf-dsl-transition-m15-tr-lb2,51,l3-026-bollinger-keltner-squeeze-filter-ttf-dsl-transition-m15,26,trigger,TTF_DSL_TRANSITION,2,1,compression,BOLLINGER_KELTNER_SQUEEZE_FILTER,TTF_DSL_TRANSITION,M15,84.03,probe_now,ok,0.0,269.0,0.0187,256,1.0714,,C:\repos\fuzzfolio-autoresearch\runs\derived\anchor-pair-timing-atlas\probe-results\l3b-051-l3-026-bollinger-keltner-squeeze-filter-ttf-dsl-transition-m15-tr-lb2,skipped_existing,0.0,0.0,0.0,"score_lab_v2_5_3:required_weighted_geometric_mean(proof 1.0x, edge 0.9x, ride 1.7x, stability 1.0x, viability 1.35x); missing mandatory axes score as zero",544.0,275.0,-0.0106,-0.0293,520,264.0,0.4358,1.0161,-0.055299999999999905,neutral,
l3b-052-l3-026-bollinger-keltner-squeeze-filter-ttf-dsl-transition-m15-tr-lb3,52,l3-026-bollinger-keltner-squeeze-filter-ttf-dsl-transition-m15,26,trigger,TTF_DSL_TRANSITION,3,1,compression,BOLLINGER_KELTNER_SQUEEZE_FILTER,TTF_DSL_TRANSITION,M15,84.03,probe_now,ok,0.0,269.0,0.0187,256,1.0714,,C:\repos\fuzzfolio-autoresearch\runs\derived\anchor-pair-timing-atlas\probe-results\l3b-052-l3-026-bollinger-keltner-squeeze-filter-ttf-dsl-transition-m15-tr-lb3,skipped_existing,0.0,0.0,0.0,"score_lab_v2_5_3:required_weighted_geometric_mean(proof 1.0x, edge 0.9x, ride 1.7x, stability 1.0x, viability 1.35x); missing mandatory axes score as zero",821.0,552.0,-0.0093,-0.028,785,529.0,0.5279,1.0156,-0.05579999999999985,neutral,
l3b-053-l3-027-toby-crabel-narrow-range-candle-direction-index-m5-tr-lb2,53,l3-027-toby-crabel-narrow-range-candle-direction-index-m5,27,trigger,CANDLE_DIRECTION_INDEX,2,1,compression,TOBY_CRABEL_NARROW_RANGE,CANDLE_DIRECTION_INDEX,M5,83.54,probe_now,ok,0.0,4.0,2.381,3,,,C:\repos\fuzzfolio-autoresearch\runs\derived\anchor-pair-timing-atlas\probe-results\l3b-053-l3-027-toby-crabel-narrow-range-candle-direction-index-m5-tr-lb2,skipped_existing,0.0,0.0,0.0,"score_lab_v2_5_3:required_weighted_geometric_mean(proof 1.0x, edge 0.9x, ride 1.7x, stability 1.0x, viability 1.35x); missing mandatory axes score as zero",4.0,0.0,2.381,0.0,3,0.0,1.0,,,neutral,
l3b-054-l3-027-toby-crabel-narrow-range-candle-direction-index-m5-tr-lb3,54,l3-027-toby-crabel-narrow-range-candle-direction-index-m5,27,trigger,CANDLE_DIRECTION_INDEX,3,1,compression,TOBY_CRABEL_NARROW_RANGE,CANDLE_DIRECTION_INDEX,M5,83.54,probe_now,ok,0.0,4.0,2.381,3,,,C:\repos\fuzzfolio-autoresearch\runs\derived\anchor-pair-timing-atlas\probe-results\l3b-054-l3-027-toby-crabel-narrow-range-candle-direction-index-m5-tr-lb3,skipped_existing,0.0,0.0,0.0,"score_lab_v2_5_3:required_weighted_geometric_mean(proof 1.0x, edge 0.9x, ride 1.7x, stability 1.0x, viability 1.35x); missing mandatory axes score as zero",4.0,0.0,2.381,0.0,3,0.0,1.0,,,neutral,
l3b-055-l3-028-toby-crabel-narrow-range-nvo-volume-impulse-m5-tr-lb2,55,l3-028-toby-crabel-narrow-range-nvo-volume-impulse-m5,28,trigger,NVO_VOLUME_IMPULSE,2,1,compression,TOBY_CRABEL_NARROW_RANGE,NVO_VOLUME_IMPULSE,M5,83.43,probe_now,ok,0.0,138.0,-0.0584,136,0.9607,,C:\repos\fuzzfolio-autoresearch\runs\derived\anchor-pair-timing-atlas\probe-results\l3b-055-l3-028-toby-crabel-narrow-range-nvo-volume-impulse-m5-tr-lb2,skipped_existing,0.0,0.0,0.0,"score_lab_v2_5_3:required_weighted_geometric_mean(proof 1.0x, edge 0.9x, ride 1.7x, stability 1.0x, viability 1.35x); missing mandatory axes score as zero",186.0,48.0,-0.1068,-0.048400000000000006,172,36.0,0.6585,0.8828,-0.07789999999999997,neutral,
l3b-056-l3-028-toby-crabel-narrow-range-nvo-volume-impulse-m5-tr-lb3,56,l3-028-toby-crabel-narrow-range-nvo-volume-impulse-m5,28,trigger,NVO_VOLUME_IMPULSE,3,1,compression,TOBY_CRABEL_NARROW_RANGE,NVO_VOLUME_IMPULSE,M5,83.43,probe_now,ok,0.0,138.0,-0.0584,136,0.9607,,C:\repos\fuzzfolio-autoresearch\runs\derived\anchor-pair-timing-atlas\probe-results\l3b-056-l3-028-toby-crabel-narrow-range-nvo-volume-impulse-m5-tr-lb3,skipped_existing,0.0,0.0,0.0,"score_lab_v2_5_3:required_weighted_geometric_mean(proof 1.0x, edge 0.9x, ride 1.7x, stability 1.0x, viability 1.35x); missing mandatory axes score as zero",235.0,97.0,-0.1085,-0.0501,215,79.0,0.6457,0.8645,-0.09619999999999995,neutral,
l3b-057-l3-029-rolling-volume-profile-context-channel-reentry-m5-tr-lb2,57,l3-029-rolling-volume-profile-context-channel-reentry-m5,29,trigger,CHANNEL_REENTRY,2,1,profile_value,ROLLING_VOLUME_PROFILE_CONTEXT,CHANNEL_REENTRY,M5,83.38,probe_now,ok,0.0,480.0,-0.0234,469,0.955,,C:\repos\fuzzfolio-autoresearch\runs\derived\anchor-pair-timing-atlas\probe-results\l3b-057-l3-029-rolling-volume-profile-context-channel-reentry-m5-tr-lb2,skipped_existing,0.0,0.0,0.0,"score_lab_v2_5_3:required_weighted_geometric_mean(proof 1.0x, edge 0.9x, ride 1.7x, stability 1.0x, viability 1.35x); missing mandatory axes score as zero",911.0,431.0,-0.0477,-0.0243,901,432.0,0.6864,0.8792,-0.07579999999999998,neutral,
l3b-058-l3-029-rolling-volume-profile-context-channel-reentry-m5-tr-lb3,58,l3-029-rolling-volume-profile-context-channel-reentry-m5,29,trigger,CHANNEL_REENTRY,3,1,profile_value,ROLLING_VOLUME_PROFILE_CONTEXT,CHANNEL_REENTRY,M5,83.38,probe_now,ok,0.0,480.0,-0.0234,469,0.955,,C:\repos\fuzzfolio-autoresearch\runs\derived\anchor-pair-timing-atlas\probe-results\l3b-058-l3-029-rolling-volume-profile-context-channel-reentry-m5-tr-lb3,skipped_existing,0.0,0.0,0.0,"score_lab_v2_5_3:required_weighted_geometric_mean(proof 1.0x, edge 0.9x, ride 1.7x, stability 1.0x, viability 1.35x); missing mandatory axes score as zero",1361.0,881.0,-0.0619,-0.03849999999999999,1334,865.0,0.685,0.885,-0.06999999999999995,neutral,
l3b-059-l3-030-bbands-position-mean-reversion-rsi-crossback-m5-tr-lb2,59,l3-030-bbands-position-mean-reversion-rsi-crossback-m5,30,trigger,RSI_CROSSBACK,2,1,mean_reversion,BBANDS_POSITION_MEAN_REVERSION,RSI_CROSSBACK,M5,83.3,probe_now,ok,69.4983,136.0,0.2681,128,1.5094,,C:\repos\fuzzfolio-autoresearch\runs\derived\anchor-pair-timing-atlas\probe-results\l3b-059-l3-030-bbands-position-mean-reversion-rsi-crossback-m5-tr-lb2,skipped_existing,57.1582,57.1582,-12.3401,"score_lab_v2_5_3:required_weighted_geometric_mean(proof 1.0x, edge 0.9x, ride 1.7x, stability 1.0x, viability 1.35x); missing mandatory axes score as zero",284.0,148.0,0.2047,-0.06340000000000001,264,136.0,0.5107,1.2776,-0.2318,degraded,
l3b-060-l3-030-bbands-position-mean-reversion-rsi-crossback-m5-tr-lb3,60,l3-030-bbands-position-mean-reversion-rsi-crossback-m5,30,trigger,RSI_CROSSBACK,3,1,mean_reversion,BBANDS_POSITION_MEAN_REVERSION,RSI_CROSSBACK,M5,83.3,probe_now,ok,69.4983,136.0,0.2681,128,1.5094,,C:\repos\fuzzfolio-autoresearch\runs\derived\anchor-pair-timing-atlas\probe-results\l3b-060-l3-030-bbands-position-mean-reversion-rsi-crossback-m5-tr-lb3,skipped_existing,59.575,59.575,-9.923299999999998,"score_lab_v2_5_3:required_weighted_geometric_mean(proof 1.0x, edge 0.9x, ride 1.7x, stability 1.0x, viability 1.35x); missing mandatory axes score as zero",423.0,287.0,0.1506,-0.1175,397,269.0,0.4983,1.2818,-0.22760000000000002,degraded,
l3b-061-l3-031-rolling-volume-profile-context-pmo-crossover-m5-tr-lb1,61,l3-031-rolling-volume-profile-context-pmo-crossover-m5,31,trigger,PMO_CROSSOVER,1,2,profile_value,ROLLING_VOLUME_PROFILE_CONTEXT,PMO_CROSSOVER,M5,82.7,probe_now,ok,0.0,1360.0,-0.0858,1304,0.8748,,C:\repos\fuzzfolio-autoresearch\runs\derived\anchor-pair-timing-atlas\probe-results\l3b-061-l3-031-rolling-volume-profile-context-pmo-crossover-m5-tr-lb1,skipped_existing,0.0,0.0,0.0,"score_lab_v2_5_3:required_weighted_geometric_mean(proof 1.0x, edge 0.9x, ride 1.7x, stability 1.0x, viability 1.35x); missing mandatory axes score as zero",692.0,-668.0,-0.0907,-0.004900000000000002,664,-640.0,0.4981,0.8671,-0.00770000000000004,neutral,
l3b-062-l3-031-rolling-volume-profile-context-pmo-crossover-m5-tr-lb3,62,l3-031-rolling-volume-profile-context-pmo-crossover-m5,31,trigger,PMO_CROSSOVER,3,2,profile_value,ROLLING_VOLUME_PROFILE_CONTEXT,PMO_CROSSOVER,M5,82.7,probe_now,ok,0.0,1360.0,-0.0858,1304,0.8748,,C:\repos\fuzzfolio-autoresearch\runs\derived\anchor-pair-timing-atlas\probe-results\l3b-062-l3-031-rolling-volume-profile-context-pmo-crossover-m5-tr-lb3,skipped_existing,0.0,0.0,0.0,"score_lab_v2_5_3:required_weighted_geometric_mean(proof 1.0x, edge 0.9x, ride 1.7x, stability 1.0x, viability 1.35x); missing mandatory axes score as zero",2011.0,651.0,-0.0699,0.015899999999999997,1928,624.0,0.5053,0.8947,0.01990000000000003,neutral,
l3b-063-l3-032-rolling-volume-profile-context-toby-crabel-narrow-range-m5-tr-lb1,63,l3-032-rolling-volume-profile-context-toby-crabel-narrow-range-m5,32,trigger,TOBY_CRABEL_NARROW_RANGE,1,2,profile_value,ROLLING_VOLUME_PROFILE_CONTEXT,TOBY_CRABEL_NARROW_RANGE,M5,82.25,probe_now,ok,0.0,1726.0,-0.0017,1651,1.0004,,C:\repos\fuzzfolio-autoresearch\runs\derived\anchor-pair-timing-atlas\probe-results\l3b-063-l3-032-rolling-volume-profile-context-toby-crabel-narrow-range-m5-tr-lb1,skipped_existing,0.0,0.0,0.0,"score_lab_v2_5_3:required_weighted_geometric_mean(proof 1.0x, edge 0.9x, ride 1.7x, stability 1.0x, viability 1.35x); missing mandatory axes score as zero",1068.0,-658.0,0.0032,0.0049,1023,-628.0,0.4232,1.0096,0.009200000000000097,neutral,
l3b-064-l3-032-rolling-volume-profile-context-toby-crabel-narrow-range-m5-tr-lb3,64,l3-032-rolling-volume-profile-context-toby-crabel-narrow-range-m5,32,trigger,TOBY_CRABEL_NARROW_RANGE,3,2,profile_value,ROLLING_VOLUME_PROFILE_CONTEXT,TOBY_CRABEL_NARROW_RANGE,M5,82.25,probe_now,ok,0.0,1726.0,-0.0017,1651,1.0004,,C:\repos\fuzzfolio-autoresearch\runs\derived\anchor-pair-timing-atlas\probe-results\l3b-064-l3-032-rolling-volume-profile-context-toby-crabel-narrow-range-m5-tr-lb3,skipped_existing,0.0,0.0,0.0,"score_lab_v2_5_3:required_weighted_geometric_mean(proof 1.0x, edge 0.9x, ride 1.7x, stability 1.0x, viability 1.35x); missing mandatory axes score as zero",2356.0,630.0,-0.0081,-0.0063999999999999994,2250,599.0,0.5,0.9914,-0.009000000000000008,neutral,
l3b-065-l3-033-rsi-mean-reversion-pmo-crossover-m5-tr-lb1,65,l3-033-rsi-mean-reversion-pmo-crossover-m5,33,trigger,PMO_CROSSOVER,1,2,mean_reversion,RSI_MEAN_REVERSION,PMO_CROSSOVER,M5,80.65,probe_now,ok,0.0,12.0,-0.1875,12,0.0,,C:\repos\fuzzfolio-autoresearch\runs\derived\anchor-pair-timing-atlas\probe-results\l3b-065-l3-033-rsi-mean-reversion-pmo-crossover-m5-tr-lb1,skipped_existing,0.0,0.0,0.0,"score_lab_v2_5_3:required_weighted_geometric_mean(proof 1.0x, edge 0.9x, ride 1.7x, stability 1.0x, viability 1.35x); missing mandatory axes score as zero",6.0,-6.0,-0.25,-0.0625,6,-6.0,0.1667,1.1081,1.1081,neutral,
l3b-066-l3-033-rsi-mean-reversion-pmo-crossover-m5-tr-lb3,66,l3-033-rsi-mean-reversion-pmo-crossover-m5,33,trigger,PMO_CROSSOVER,3,2,mean_reversion,RSI_MEAN_REVERSION,PMO_CROSSOVER,M5,80.65,probe_now,ok,0.0,12.0,-0.1875,12,0.0,,C:\repos\fuzzfolio-autoresearch\runs\derived\anchor-pair-timing-atlas\probe-results\l3b-066-l3-033-rsi-mean-reversion-pmo-crossover-m5-tr-lb3,skipped_existing,0.0,0.0,0.0,"score_lab_v2_5_3:required_weighted_geometric_mean(proof 1.0x, edge 0.9x, ride 1.7x, stability 1.0x, viability 1.35x); missing mandatory axes score as zero",18.0,6.0,-0.375,-0.1875,18,6.0,0.0,0.0,0.0,neutral,
l3b-067-l3-034-rolling-volume-profile-context-market-mode-transition-m15-tr-lb1,67,l3-034-rolling-volume-profile-context-market-mode-transition-m15,34,trigger,MARKET_MODE_TRANSITION,1,2,profile_value,ROLLING_VOLUME_PROFILE_CONTEXT,MARKET_MODE_TRANSITION,M15,80.63,probe_now,ok,0.0,273.0,-0.0954,271,0.7722,,C:\repos\fuzzfolio-autoresearch\runs\derived\anchor-pair-timing-atlas\probe-results\l3b-067-l3-034-rolling-volume-profile-context-market-mode-transition-m15-tr-lb1,skipped_existing,0.0,0.0,0.0,"score_lab_v2_5_3:required_weighted_geometric_mean(proof 1.0x, edge 0.9x, ride 1.7x, stability 1.0x, viability 1.35x); missing mandatory axes score as zero",131.0,-142.0,-0.1193,-0.023900000000000005,130,-141.0,0.6498,0.7233,-0.048899999999999944,neutral,
l3b-068-l3-034-rolling-volume-profile-context-market-mode-transition-m15-tr-lb3,68,l3-034-rolling-volume-profile-context-market-mode-transition-m15,34,trigger,MARKET_MODE_TRANSITION,3,2,profile_value,ROLLING_VOLUME_PROFILE_CONTEXT,MARKET_MODE_TRANSITION,M15,80.63,probe_now,ok,0.0,273.0,-0.0954,271,0.7722,,C:\repos\fuzzfolio-autoresearch\runs\derived\anchor-pair-timing-atlas\probe-results\l3b-068-l3-034-rolling-volume-profile-context-market-mode-transition-m15-tr-lb3,skipped_existing,0.0,0.0,0.0,"score_lab_v2_5_3:required_weighted_geometric_mean(proof 1.0x, edge 0.9x, ride 1.7x, stability 1.0x, viability 1.35x); missing mandatory axes score as zero",414.0,141.0,-0.0817,0.013700000000000004,411,140.0,0.6715,0.8247,0.05249999999999999,neutral,
l3b-069-l3-035-rsi-mean-reversion-toby-crabel-narrow-range-m5-tr-lb1,69,l3-035-rsi-mean-reversion-toby-crabel-narrow-range-m5,35,trigger,TOBY_CRABEL_NARROW_RANGE,1,2,mean_reversion,RSI_MEAN_REVERSION,TOBY_CRABEL_NARROW_RANGE,M5,80.2,probe_now,ok,73.3871,53.0,1.0446,53,2.7451,,C:\repos\fuzzfolio-autoresearch\runs\derived\anchor-pair-timing-atlas\probe-results\l3b-069-l3-035-rsi-mean-reversion-toby-crabel-narrow-range-m5-tr-lb1,skipped_existing,73.1388,73.1388,-0.2483000000000004,"score_lab_v2_5_3:required_weighted_geometric_mean(proof 1.0x, edge 0.9x, ride 1.7x, stability 1.0x, viability 1.35x); missing mandatory axes score as zero",29.0,-24.0,1.4709,0.4263000000000001,29,-24.0,0.5254,4.0763,1.3312,neutral,
l3b-070-l3-035-rsi-mean-reversion-toby-crabel-narrow-range-m5-tr-lb3,70,l3-035-rsi-mean-reversion-toby-crabel-narrow-range-m5,35,trigger,TOBY_CRABEL_NARROW_RANGE,3,2,mean_reversion,RSI_MEAN_REVERSION,TOBY_CRABEL_NARROW_RANGE,M5,80.2,probe_now,ok,73.3871,53.0,1.0446,53,2.7451,,C:\repos\fuzzfolio-autoresearch\runs\derived\anchor-pair-timing-atlas\probe-results\l3b-070-l3-035-rsi-mean-reversion-toby-crabel-narrow-range-m5-tr-lb3,skipped_existing,72.0967,72.0967,-1.2904000000000053,"score_lab_v2_5_3:required_weighted_geometric_mean(proof 1.0x, edge 0.9x, ride 1.7x, stability 1.0x, viability 1.35x); missing mandatory axes score as zero",98.0,45.0,0.8182,-0.22639999999999993,97,44.0,0.4038,2.1957,-0.5493999999999999,neutral,
l3b-071-l3-036-rolling-volume-profile-context-ttf-dsl-transition-m15-tr-lb2,71,l3-036-rolling-volume-profile-context-ttf-dsl-transition-m15,36,trigger,TTF_DSL_TRANSITION,2,1,profile_value,ROLLING_VOLUME_PROFILE_CONTEXT,TTF_DSL_TRANSITION,M15,80.19,probe_now,ok,0.0,148.0,0.0376,146,1.1161,,C:\repos\fuzzfolio-autoresearch\runs\derived\anchor-pair-timing-atlas\probe-results\l3b-071-l3-036-rolling-volume-profile-context-ttf-dsl-transition-m15-tr-lb2,skipped_existing,0.0,0.0,0.0,"score_lab_v2_5_3:required_weighted_geometric_mean(proof 1.0x, edge 0.9x, ride 1.7x, stability 1.0x, viability 1.35x); missing mandatory axes score as zero",295.0,147.0,-0.0486,-0.0862,287,141.0,0.4118,1.0002,-0.11590000000000011,neutral,
l3b-072-l3-036-rolling-volume-profile-context-ttf-dsl-transition-m15-tr-lb3,72,l3-036-rolling-volume-profile-context-ttf-dsl-transition-m15,36,trigger,TTF_DSL_TRANSITION,3,1,profile_value,ROLLING_VOLUME_PROFILE_CONTEXT,TTF_DSL_TRANSITION,M15,80.19,probe_now,ok,0.0,148.0,0.0376,146,1.1161,,C:\repos\fuzzfolio-autoresearch\runs\derived\anchor-pair-timing-atlas\probe-results\l3b-072-l3-036-rolling-volume-profile-context-ttf-dsl-transition-m15-tr-lb3,skipped_existing,0.0,0.0,0.0,"score_lab_v2_5_3:required_weighted_geometric_mean(proof 1.0x, edge 0.9x, ride 1.7x, stability 1.0x, viability 1.35x); missing mandatory axes score as zero",465.0,317.0,-0.0493,-0.0869,456,310.0,0.4878,0.9847,-0.13140000000000007,neutral,
l3b-073-l3-037-rsi-mean-reversion-wick-rejection-m5-tr-lb2,73,l3-037-rsi-mean-reversion-wick-rejection-m5,37,trigger,WICK_REJECTION,2,1,mean_reversion,RSI_MEAN_REVERSION,WICK_REJECTION,M5,80.02,probe_now,ok,0.0,334.0,-0.0324,326,0.9703,,C:\repos\fuzzfolio-autoresearch\runs\derived\anchor-pair-timing-atlas\probe-results\l3b-073-l3-037-rsi-mean-reversion-wick-rejection-m5-tr-lb2,skipped_existing,0.0,0.0,0.0,"score_lab_v2_5_3:required_weighted_geometric_mean(proof 1.0x, edge 0.9x, ride 1.7x, stability 1.0x, viability 1.35x); missing mandatory axes score as zero",660.0,326.0,-0.0655,-0.033100000000000004,644,318.0,0.2665,0.9269,-0.043400000000000105,neutral,
l3b-074-l3-037-rsi-mean-reversion-wick-rejection-m5-tr-lb3,74,l3-037-rsi-mean-reversion-wick-rejection-m5,37,trigger,WICK_REJECTION,3,1,mean_reversion,RSI_MEAN_REVERSION,WICK_REJECTION,M5,80.02,probe_now,ok,0.0,334.0,-0.0324,326,0.9703,,C:\repos\fuzzfolio-autoresearch\runs\derived\anchor-pair-timing-atlas\probe-results\l3b-074-l3-037-rsi-mean-reversion-wick-rejection-m5-tr-lb3,skipped_existing,0.0,0.0,0.0,"score_lab_v2_5_3:required_weighted_geometric_mean(proof 1.0x, edge 0.9x, ride 1.7x, stability 1.0x, viability 1.35x); missing mandatory axes score as zero",972.0,638.0,-0.0962,-0.0638,948,622.0,0.2588,0.8902,-0.08010000000000006,neutral,
l3b-075-l3-038-bbands-position-mean-reversion-pmo-crossover-m5-tr-lb1,75,l3-038-bbands-position-mean-reversion-pmo-crossover-m5,38,trigger,PMO_CROSSOVER,1,2,mean_reversion,BBANDS_POSITION_MEAN_REVERSION,PMO_CROSSOVER,M5,79.88,probe_now,ok,64.4568,19.0,0.5098,19,2.3158,,C:\repos\fuzzfolio-autoresearch\runs\derived\anchor-pair-timing-atlas\probe-results\l3b-075-l3-038-bbands-position-mean-reversion-pmo-crossover-m5-tr-lb1,skipped_existing,0.0,0.0,-64.4568,"score_lab_v2_5_3:required_weighted_geometric_mean(proof 1.0x, edge 0.9x, ride 1.7x, stability 1.0x, viability 1.35x); missing mandatory axes score as zero",,,,,,,,,,lost_positive,
l3b-076-l3-038-bbands-position-mean-reversion-pmo-crossover-m5-tr-lb3,76,l3-038-bbands-position-mean-reversion-pmo-crossover-m5,38,trigger,PMO_CROSSOVER,3,2,mean_reversion,BBANDS_POSITION_MEAN_REVERSION,PMO_CROSSOVER,M5,79.88,probe_now,ok,64.4568,19.0,0.5098,19,2.3158,,C:\repos\fuzzfolio-autoresearch\runs\derived\anchor-pair-timing-atlas\probe-results\l3b-076-l3-038-bbands-position-mean-reversion-pmo-crossover-m5-tr-lb3,skipped_existing,0.0,0.0,-64.4568,"score_lab_v2_5_3:required_weighted_geometric_mean(proof 1.0x, edge 0.9x, ride 1.7x, stability 1.0x, viability 1.35x); missing mandatory axes score as zero",81.0,62.0,0.1034,-0.40640000000000004,79,60.0,0.4708,1.3057,-1.0100999999999998,lost_positive,
l3b-077-l3-039-bbands-position-mean-reversion-toby-crabel-narrow-range-m5-tr-lb1,77,l3-039-bbands-position-mean-reversion-toby-crabel-narrow-range-m5,39,trigger,TOBY_CRABEL_NARROW_RANGE,1,2,mean_reversion,BBANDS_POSITION_MEAN_REVERSION,TOBY_CRABEL_NARROW_RANGE,M5,79.44,probe_now,ok,0.0,159.0,0.1095,155,1.1675,,C:\repos\fuzzfolio-autoresearch\runs\derived\anchor-pair-timing-atlas\probe-results\l3b-077-l3-039-bbands-position-mean-reversion-toby-crabel-narrow-range-m5-tr-lb1,skipped_existing,0.0,0.0,0.0,"score_lab_v2_5_3:required_weighted_geometric_mean(proof 1.0x, edge 0.9x, ride 1.7x, stability 1.0x, viability 1.35x); missing mandatory axes score as zero",18.0,-141.0,0.1052,-0.004299999999999998,17,-138.0,0.775,0.5676,-0.5999,neutral,
l3b-078-l3-039-bbands-position-mean-reversion-toby-crabel-narrow-range-m5-tr-lb3,78,l3-039-bbands-position-mean-reversion-toby-crabel-narrow-range-m5,39,trigger,TOBY_CRABEL_NARROW_RANGE,3,2,mean_reversion,BBANDS_POSITION_MEAN_REVERSION,TOBY_CRABEL_NARROW_RANGE,M5,79.44,probe_now,ok,0.0,159.0,0.1095,155,1.1675,,C:\repos\fuzzfolio-autoresearch\runs\derived\anchor-pair-timing-atlas\probe-results\l3b-078-l3-039-bbands-position-mean-reversion-toby-crabel-narrow-range-m5-tr-lb3,skipped_existing,0.0,0.0,0.0,"score_lab_v2_5_3:required_weighted_geometric_mean(proof 1.0x, edge 0.9x, ride 1.7x, stability 1.0x, viability 1.35x); missing mandatory axes score as zero",380.0,221.0,0.0883,-0.021199999999999997,365,210.0,0.2992,1.1409,-0.026599999999999957,neutral,
l3b-079-l3-040-rsi-mean-reversion-ma-crossover-m15-tr-lb2,79,l3-040-rsi-mean-reversion-ma-crossover-m15,40,trigger,MA_CROSSOVER,2,1,mean_reversion,RSI_MEAN_REVERSION,MA_CROSSOVER,M15,79.41,probe_now,ok,0.0,11.0,-0.1893,11,1.5114,,C:\repos\fuzzfolio-autoresearch\runs\derived\anchor-pair-timing-atlas\probe-results\l3b-079-l3-040-rsi-mean-reversion-ma-crossover-m15-tr-lb2,skipped_existing,0.0,0.0,0.0,"score_lab_v2_5_3:required_weighted_geometric_mean(proof 1.0x, edge 0.9x, ride 1.7x, stability 1.0x, viability 1.35x); missing mandatory axes score as zero",26.0,15.0,0.1458,0.3351,26,15.0,0.4464,2.3529,0.8414999999999999,neutral,
l3b-080-l3-040-rsi-mean-reversion-ma-crossover-m15-tr-lb3,80,l3-040-rsi-mean-reversion-ma-crossover-m15,40,trigger,MA_CROSSOVER,3,1,mean_reversion,RSI_MEAN_REVERSION,MA_CROSSOVER,M15,79.41,probe_now,ok,0.0,11.0,-0.1893,11,1.5114,,C:\repos\fuzzfolio-autoresearch\runs\derived\anchor-pair-timing-atlas\probe-results\l3b-080-l3-040-rsi-mean-reversion-ma-crossover-m15-tr-lb3,skipped_existing,0.0,0.0,0.0,"score_lab_v2_5_3:required_weighted_geometric_mean(proof 1.0x, edge 0.9x, ride 1.7x, stability 1.0x, viability 1.35x); missing mandatory axes score as zero",42.0,31.0,0.1948,0.3841,42,31.0,0.4604,1.9468,0.4354,neutral,
l3b-081-l3-041-rolling-volume-profile-context-channel-reentry-m15-tr-lb2,81,l3-041-rolling-volume-profile-context-channel-reentry-m15,41,trigger,CHANNEL_REENTRY,2,1,profile_value,ROLLING_VOLUME_PROFILE_CONTEXT,CHANNEL_REENTRY,M15,79.38,probe_now,ok,0.0,108.0,-0.0417,104,0.9722,,C:\repos\fuzzfolio-autoresearch\runs\derived\anchor-pair-timing-atlas\probe-results\l3b-081-l3-041-rolling-volume-profile-context-channel-reentry-m15-tr-lb2,skipped_existing,0.0,0.0,0.0,"score_lab_v2_5_3:required_weighted_geometric_mean(proof 1.0x, edge 0.9x, ride 1.7x, stability 1.0x, viability 1.35x); missing mandatory axes score as zero",235.0,127.0,-0.0525,-0.010799999999999997,227,123.0,0.693,0.9756,0.0034000000000000696,neutral,
l3b-082-l3-041-rolling-volume-profile-context-channel-reentry-m15-tr-lb3,82,l3-041-rolling-volume-profile-context-channel-reentry-m15,41,trigger,CHANNEL_REENTRY,3,1,profile_value,ROLLING_VOLUME_PROFILE_CONTEXT,CHANNEL_REENTRY,M15,79.38,probe_now,ok,0.0,108.0,-0.0417,104,0.9722,,C:\repos\fuzzfolio-autoresearch\runs\derived\anchor-pair-timing-atlas\probe-results\l3b-082-l3-041-rolling-volume-profile-context-channel-reentry-m15-tr-lb3,skipped_existing,0.0,0.0,0.0,"score_lab_v2_5_3:required_weighted_geometric_mean(proof 1.0x, edge 0.9x, ride 1.7x, stability 1.0x, viability 1.35x); missing mandatory axes score as zero",367.0,259.0,-0.0188,0.0229,356,252.0,0.7029,1.0217,0.0495000000000001,neutral,
l3b-083-l3-042-bbands-position-mean-reversion-rsi-crossback-m15-tr-lb2,83,l3-042-bbands-position-mean-reversion-rsi-crossback-m15,42,trigger,RSI_CROSSBACK,2,1,mean_reversion,BBANDS_POSITION_MEAN_REVERSION,RSI_CROSSBACK,M15,79.3,probe_now,ok,64.5931,52.0,0.325,52,1.576,,C:\repos\fuzzfolio-autoresearch\runs\derived\anchor-pair-timing-atlas\probe-results\l3b-083-l3-042-bbands-position-mean-reversion-rsi-crossback-m15-tr-lb2,skipped_existing,0.0,0.0,-64.5931,"score_lab_v2_5_3:required_weighted_geometric_mean(proof 1.0x, edge 0.9x, ride 1.7x, stability 1.0x, viability 1.35x); missing mandatory axes score as zero",109.0,57.0,0.0488,-0.2762,106,54.0,0.3294,1.2964,-0.27960000000000007,lost_positive,
l3b-084-l3-042-bbands-position-mean-reversion-rsi-crossback-m15-tr-lb3,84,l3-042-bbands-position-mean-reversion-rsi-crossback-m15,42,trigger,RSI_CROSSBACK,3,1,mean_reversion,BBANDS_POSITION_MEAN_REVERSION,RSI_CROSSBACK,M15,79.3,probe_now,ok,64.5931,52.0,0.325,52,1.576,,C:\repos\fuzzfolio-autoresearch\runs\derived\anchor-pair-timing-atlas\probe-results\l3b-084-l3-042-bbands-position-mean-reversion-rsi-crossback-m15-tr-lb3,skipped_existing,0.0,0.0,-64.5931,"score_lab_v2_5_3:required_weighted_geometric_mean(proof 1.0x, edge 0.9x, ride 1.7x, stability 1.0x, viability 1.35x); missing mandatory axes score as zero",157.0,105.0,0.0637,-0.2613,152,100.0,0.3672,1.1306,-0.4454,lost_positive,
l3b-085-l3-043-rolling-volume-profile-context-pmo-crossover-m15-tr-lb1,85,l3-043-rolling-volume-profile-context-pmo-crossover-m15,43,trigger,PMO_CROSSOVER,1,2,profile_value,ROLLING_VOLUME_PROFILE_CONTEXT,PMO_CROSSOVER,M15,78.7,probe_now,ok,0.0,416.0,-0.0475,397,0.927,,C:\repos\fuzzfolio-autoresearch\runs\derived\anchor-pair-timing-atlas\probe-results\l3b-085-l3-043-rolling-volume-profile-context-pmo-crossover-m15-tr-lb1,skipped_existing,0.0,0.0,0.0,"score_lab_v2_5_3:required_weighted_geometric_mean(proof 1.0x, edge 0.9x, ride 1.7x, stability 1.0x, viability 1.35x); missing mandatory axes score as zero",198.0,-218.0,-0.0232,0.024300000000000002,191,-206.0,0.4307,0.9749,0.04789999999999994,neutral,
l3b-086-l3-043-rolling-volume-profile-context-pmo-crossover-m15-tr-lb3,86,l3-043-rolling-volume-profile-context-pmo-crossover-m15,43,trigger,PMO_CROSSOVER,3,2,profile_value,ROLLING_VOLUME_PROFILE_CONTEXT,PMO_CROSSOVER,M15,78.7,probe_now,ok,0.0,416.0,-0.0475,397,0.927,,C:\repos\fuzzfolio-autoresearch\runs\derived\anchor-pair-timing-atlas\probe-results\l3b-086-l3-043-rolling-volume-profile-context-pmo-crossover-m15-tr-lb3,skipped_existing,0.0,0.0,0.0,"score_lab_v2_5_3:required_weighted_geometric_mean(proof 1.0x, edge 0.9x, ride 1.7x, stability 1.0x, viability 1.35x); missing mandatory axes score as zero",606.0,190.0,-0.0478,-0.00030000000000000165,597,200.0,0.7015,0.8931,-0.03390000000000004,neutral,
l3b-087-l3-044-rolling-volume-profile-context-ma-crossover-m15-tr-lb2,87,l3-044-rolling-volume-profile-context-ma-crossover-m15,44,trigger,MA_CROSSOVER,2,1,profile_value,ROLLING_VOLUME_PROFILE_CONTEXT,MA_CROSSOVER,M15,78.26,probe_now,ok,0.0,195.0,0.0147,191,1.0961,,C:\repos\fuzzfolio-autoresearch\runs\derived\anchor-pair-timing-atlas\probe-results\l3b-087-l3-044-rolling-volume-profile-context-ma-crossover-m15-tr-lb2,skipped_existing,0.0,0.0,0.0,"score_lab_v2_5_3:required_weighted_geometric_mean(proof 1.0x, edge 0.9x, ride 1.7x, stability 1.0x, viability 1.35x); missing mandatory axes score as zero",406.0,211.0,-0.0071,-0.0218,397,206.0,0.7286,0.9913,-0.10480000000000012,neutral,
l3b-088-l3-044-rolling-volume-profile-context-ma-crossover-m15-tr-lb3,88,l3-044-rolling-volume-profile-context-ma-crossover-m15,44,trigger,MA_CROSSOVER,3,1,profile_value,ROLLING_VOLUME_PROFILE_CONTEXT,MA_CROSSOVER,M15,78.26,probe_now,ok,0.0,195.0,0.0147,191,1.0961,,C:\repos\fuzzfolio-autoresearch\runs\derived\anchor-pair-timing-atlas\probe-results\l3b-088-l3-044-rolling-volume-profile-context-ma-crossover-m15-tr-lb3,skipped_existing,0.0,0.0,0.0,"score_lab_v2_5_3:required_weighted_geometric_mean(proof 1.0x, edge 0.9x, ride 1.7x, stability 1.0x, viability 1.35x); missing mandatory axes score as zero",618.0,423.0,-0.0239,-0.0386,606,415.0,0.7174,0.9348,-0.1613000000000001,neutral,
l3b-089-l3-045-rolling-volume-profile-context-wavetrend-crossover-m15-tr-lb1,89,l3-045-rolling-volume-profile-context-wavetrend-crossover-m15,45,trigger,WAVETREND_CROSSOVER,1,2,profile_value,ROLLING_VOLUME_PROFILE_CONTEXT,WAVETREND_CROSSOVER,M15,78.26,probe_now,ok,0.0,24.0,0.1979,24,0.4014,,C:\repos\fuzzfolio-autoresearch\runs\derived\anchor-pair-timing-atlas\probe-results\l3b-089-l3-045-rolling-volume-profile-context-wavetrend-crossover-m15-tr-lb1,skipped_existing,0.0,0.0,0.0,"score_lab_v2_5_3:required_weighted_geometric_mean(proof 1.0x, edge 0.9x, ride 1.7x, stability 1.0x, viability 1.35x); missing mandatory axes score as zero",14.0,-10.0,0.2604,0.06250000000000003,14,-10.0,0.6042,0.5473,0.14590000000000003,neutral,
l3b-090-l3-045-rolling-volume-profile-context-wavetrend-crossover-m15-tr-lb3,90,l3-045-rolling-volume-profile-context-wavetrend-crossover-m15,45,trigger,WAVETREND_CROSSOVER,3,2,profile_value,ROLLING_VOLUME_PROFILE_CONTEXT,WAVETREND_CROSSOVER,M15,78.26,probe_now,ok,0.0,24.0,0.1979,24,0.4014,,C:\repos\fuzzfolio-autoresearch\runs\derived\anchor-pair-timing-atlas\probe-results\l3b-090-l3-045-rolling-volume-profile-context-wavetrend-crossover-m15-tr-lb3,skipped_existing,44.9239,44.9239,44.9239,"score_lab_v2_5_3:required_weighted_geometric_mean(proof 1.0x, edge 0.9x, ride 1.7x, stability 1.0x, viability 1.35x); missing mandatory axes score as zero",38.0,14.0,0.2926,0.09470000000000003,34,10.0,0.25,1.9005,1.4991,improved,
l3b-091-l3-046-rolling-volume-profile-context-toby-crabel-narrow-range-m15-tr-lb1,91,l3-046-rolling-volume-profile-context-toby-crabel-narrow-range-m15,46,trigger,TOBY_CRABEL_NARROW_RANGE,1,2,profile_value,ROLLING_VOLUME_PROFILE_CONTEXT,TOBY_CRABEL_NARROW_RANGE,M15,78.25,probe_now,ok,0.0,716.0,-0.0394,706,0.939,,C:\repos\fuzzfolio-autoresearch\runs\derived\anchor-pair-timing-atlas\probe-results\l3b-091-l3-046-rolling-volume-profile-context-toby-crabel-narrow-range-m15-tr-lb1,skipped_existing,0.0,0.0,0.0,"score_lab_v2_5_3:required_weighted_geometric_mean(proof 1.0x, edge 0.9x, ride 1.7x, stability 1.0x, viability 1.35x); missing mandatory axes score as zero",508.0,-208.0,-0.0243,0.015099999999999999,501,-205.0,0.5,1.0107,0.07169999999999999,neutral,
l3b-092-l3-046-rolling-volume-profile-context-toby-crabel-narrow-range-m15-tr-lb3,92,l3-046-rolling-volume-profile-context-toby-crabel-narrow-range-m15,46,trigger,TOBY_CRABEL_NARROW_RANGE,3,2,profile_value,ROLLING_VOLUME_PROFILE_CONTEXT,TOBY_CRABEL_NARROW_RANGE,M15,78.25,probe_now,ok,0.0,716.0,-0.0394,706,0.939,,C:\repos\fuzzfolio-autoresearch\runs\derived\anchor-pair-timing-atlas\probe-results\l3b-092-l3-046-rolling-volume-profile-context-toby-crabel-narrow-range-m15-tr-lb3,skipped_existing,0.0,0.0,0.0,"score_lab_v2_5_3:required_weighted_geometric_mean(proof 1.0x, edge 0.9x, ride 1.7x, stability 1.0x, viability 1.35x); missing mandatory axes score as zero",912.0,196.0,-0.0413,-0.0019000000000000059,901,195.0,0.5,0.9184,-0.02059999999999995,neutral,
l3b-093-l3-047-rolling-volume-profile-context-rsi-crossback-m5-tr-lb2,93,l3-047-rolling-volume-profile-context-rsi-crossback-m5,47,trigger,RSI_CROSSBACK,2,1,profile_value,ROLLING_VOLUME_PROFILE_CONTEXT,RSI_CROSSBACK,M5,78.12,probe_now,ok,0.0,90.0,-0.0372,90,0.9806,,C:\repos\fuzzfolio-autoresearch\runs\derived\anchor-pair-timing-atlas\probe-results\l3b-093-l3-047-rolling-volume-profile-context-rsi-crossback-m5-tr-lb2,skipped_existing,0.0,0.0,0.0,"score_lab_v2_5_3:required_weighted_geometric_mean(proof 1.0x, edge 0.9x, ride 1.7x, stability 1.0x, viability 1.35x); missing mandatory axes score as zero",179.0,89.0,-0.0811,-0.04390000000000001,179,89.0,0.6782,0.8829,-0.09770000000000001,neutral,
l3b-094-l3-047-rolling-volume-profile-context-rsi-crossback-m5-tr-lb3,94,l3-047-rolling-volume-profile-context-rsi-crossback-m5,47,trigger,RSI_CROSSBACK,3,1,profile_value,ROLLING_VOLUME_PROFILE_CONTEXT,RSI_CROSSBACK,M5,78.12,probe_now,ok,0.0,90.0,-0.0372,90,0.9806,,C:\repos\fuzzfolio-autoresearch\runs\derived\anchor-pair-timing-atlas\probe-results\l3b-094-l3-047-rolling-volume-profile-context-rsi-crossback-m5-tr-lb3,skipped_existing,0.0,0.0,0.0,"score_lab_v2_5_3:required_weighted_geometric_mean(proof 1.0x, edge 0.9x, ride 1.7x, stability 1.0x, viability 1.35x); missing mandatory axes score as zero",275.0,185.0,-0.0801,-0.04290000000000001,273,183.0,0.6767,0.8703,-0.11030000000000006,neutral,
l3b-095-l3-048-rolling-volume-profile-context-key-reversal-signal-m15-tr-lb2,95,l3-048-rolling-volume-profile-context-key-reversal-signal-m15,48,trigger,KEY_REVERSAL_SIGNAL,2,1,profile_value,ROLLING_VOLUME_PROFILE_CONTEXT,KEY_REVERSAL_SIGNAL,M15,77.92,probe_now,ok,0.0,260.0,-0.0674,252,0.8095,,C:\repos\fuzzfolio-autoresearch\runs\derived\anchor-pair-timing-atlas\probe-results\l3b-095-l3-048-rolling-volume-profile-context-key-reversal-signal-m15-tr-lb2,skipped_existing,0.0,0.0,0.0,"score_lab_v2_5_3:required_weighted_geometric_mean(proof 1.0x, edge 0.9x, ride 1.7x, stability 1.0x, viability 1.35x); missing mandatory axes score as zero",509.0,249.0,-0.0786,-0.011200000000000002,496,244.0,0.6809,0.7846,-0.024900000000000033,neutral,
l3b-096-l3-048-rolling-volume-profile-context-key-reversal-signal-m15-tr-lb3,96,l3-048-rolling-volume-profile-context-key-reversal-signal-m15,48,trigger,KEY_REVERSAL_SIGNAL,3,1,profile_value,ROLLING_VOLUME_PROFILE_CONTEXT,KEY_REVERSAL_SIGNAL,M15,77.92,probe_now,ok,0.0,260.0,-0.0674,252,0.8095,,C:\repos\fuzzfolio-autoresearch\runs\derived\anchor-pair-timing-atlas\probe-results\l3b-096-l3-048-rolling-volume-profile-context-key-reversal-signal-m15-tr-lb3,skipped_existing,0.0,0.0,0.0,"score_lab_v2_5_3:required_weighted_geometric_mean(proof 1.0x, edge 0.9x, ride 1.7x, stability 1.0x, viability 1.35x); missing mandatory axes score as zero",751.0,491.0,-0.0659,0.0015000000000000013,733,481.0,0.6894,0.8182,0.008700000000000041,neutral,
