queue_rank,probe_id,timing_rank,timing_probe_id,base_queue_rank,base_probe_id,variant_side,variant_indicator_id,variant_lookback_bars,baseline_lookback_bars,anchor_type,recipe,anchor_id,anchor_signal_role,anchor_strategy_role,trigger_id,trigger_signal_role,trigger_strategy_role,probe_timeframe,instruments,anchor_timeframe,pair_prior_score,pair_prior_bucket,baseline_status,baseline_composite_score,baseline_signal_count,baseline_best_expectancy_r,baseline_best_trades,baseline_best_profit_factor,profile_path,result_dir
1,l3b-001-l3-001-rsi-mean-reversion-channel-reentry-m5-tr-lb2,1,l3b-001-l3-001-rsi-mean-reversion-channel-reentry-m5-tr-lb2,1,l3-001-rsi-mean-reversion-channel-reentry-m5,trigger,CHANNEL_REENTRY,2,1,mean_reversion,mean_reversion_reclaim,RSI_MEAN_REVERSION,setup,mean-reversion,CHANNEL_REENTRY,trigger,mean-reversion,M5,"EURUSD,GBPUSD,USDJPY,XAUUSD",M5,89.34,probe_now,skipped_existing,0.0,729.0,-0.0869,713,0.8826,C:\repos\fuzzfolio-autoresearch\runs\derived\anchor-pair-timing-atlas\profiles\l3b-001-l3-001-rsi-mean-reversion-channel-reentry-m5-tr-lb2.json,C:\repos\fuzzfolio-autoresearch\runs\derived\anchor-pair-timing-atlas\probe-results\l3b-001-l3-001-rsi-mean-reversion-channel-reentry-m5-tr-lb2
2,l3b-002-l3-001-rsi-mean-reversion-channel-reentry-m5-tr-lb3,2,l3b-002-l3-001-rsi-mean-reversion-channel-reentry-m5-tr-lb3,1,l3-001-rsi-mean-reversion-channel-reentry-m5,trigger,CHANNEL_REENTRY,3,1,mean_reversion,mean_reversion_reclaim,RSI_MEAN_REVERSION,setup,mean-reversion,CHANNEL_REENTRY,trigger,mean-reversion,M5,"EURUSD,GBPUSD,USDJPY,XAUUSD",M5,89.34,probe_now,skipped_existing,0.0,729.0,-0.0869,713,0.8826,C:\repos\fuzzfolio-autoresearch\runs\derived\anchor-pair-timing-atlas\profiles\l3b-002-l3-001-rsi-mean-reversion-channel-reentry-m5-tr-lb3.json,C:\repos\fuzzfolio-autoresearch\runs\derived\anchor-pair-timing-atlas\probe-results\l3b-002-l3-001-rsi-mean-reversion-channel-reentry-m5-tr-lb3
3,l3b-003-l3-002-toby-crabel-narrow-range-pmo-crossover-m5-tr-lb1,3,l3b-003-l3-002-toby-crabel-narrow-range-pmo-crossover-m5-tr-lb1,2,l3-002-toby-crabel-narrow-range-pmo-crossover-m5,trigger,PMO_CROSSOVER,1,2,compression,breakout_compression_release,TOBY_CRABEL_NARROW_RANGE,trigger,confirm,PMO_CROSSOVER,trigger,confirm,M5,"EURUSD,GBPUSD,USDJPY,XAUUSD",M5,88.97,probe_now,skipped_existing,0.0,455.0,-0.1084,446,0.7151,C:\repos\fuzzfolio-autoresearch\runs\derived\anchor-pair-timing-atlas\profiles\l3b-003-l3-002-toby-crabel-narrow-range-pmo-crossover-m5-tr-lb1.json,C:\repos\fuzzfolio-autoresearch\runs\derived\anchor-pair-timing-atlas\probe-results\l3b-003-l3-002-toby-crabel-narrow-range-pmo-crossover-m5-tr-lb1
4,l3b-004-l3-002-toby-crabel-narrow-range-pmo-crossover-m5-tr-lb3,4,l3b-004-l3-002-toby-crabel-narrow-range-pmo-crossover-m5-tr-lb3,2,l3-002-toby-crabel-narrow-range-pmo-crossover-m5,trigger,PMO_CROSSOVER,3,2,compression,breakout_compression_release,TOBY_CRABEL_NARROW_RANGE,trigger,confirm,PMO_CROSSOVER,trigger,confirm,M5,"EURUSD,GBPUSD,USDJPY,XAUUSD",M5,88.97,probe_now,skipped_existing,0.0,455.0,-0.1084,446,0.7151,C:\repos\fuzzfolio-autoresearch\runs\derived\anchor-pair-timing-atlas\profiles\l3b-004-l3-002-toby-crabel-narrow-range-pmo-crossover-m5-tr-lb3.json,C:\repos\fuzzfolio-autoresearch\runs\derived\anchor-pair-timing-atlas\probe-results\l3b-004-l3-002-toby-crabel-narrow-range-pmo-crossover-m5-tr-lb3
5,l3b-005-l3-003-bbands-position-mean-reversion-channel-reentry-m5-tr-lb2,5,l3b-005-l3-003-bbands-position-mean-reversion-channel-reentry-m5-tr-lb2,3,l3-003-bbands-position-mean-reversion-channel-reentry-m5,trigger,CHANNEL_REENTRY,2,1,mean_reversion,mean_reversion_reclaim,BBANDS_POSITION_MEAN_REVERSION,setup,mean-reversion,CHANNEL_REENTRY,trigger,mean-reversion,M5,"EURUSD,GBPUSD,USDJPY,XAUUSD",M5,88.57,probe_now,skipped_existing,0.0,1236.0,-0.067,1207,0.8054,C:\repos\fuzzfolio-autoresearch\runs\derived\anchor-pair-timing-atlas\profiles\l3b-005-l3-003-bbands-position-mean-reversion-channel-reentry-m5-tr-lb2.json,C:\repos\fuzzfolio-autoresearch\runs\derived\anchor-pair-timing-atlas\probe-results\l3b-005-l3-003-bbands-position-mean-reversion-channel-reentry-m5-tr-lb2
6,l3b-006-l3-003-bbands-position-mean-reversion-channel-reentry-m5-tr-lb3,6,l3b-006-l3-003-bbands-position-mean-reversion-channel-reentry-m5-tr-lb3,3,l3-003-bbands-position-mean-reversion-channel-reentry-m5,trigger,CHANNEL_REENTRY,3,1,mean_reversion,mean_reversion_reclaim,BBANDS_POSITION_MEAN_REVERSION,setup,mean-reversion,CHANNEL_REENTRY,trigger,mean-reversion,M5,"EURUSD,GBPUSD,USDJPY,XAUUSD",M5,88.57,probe_now,skipped_existing,0.0,1236.0,-0.067,1207,0.8054,C:\repos\fuzzfolio-autoresearch\runs\derived\anchor-pair-timing-atlas\profiles\l3b-006-l3-003-bbands-position-mean-reversion-channel-reentry-m5-tr-lb3.json,C:\repos\fuzzfolio-autoresearch\runs\derived\anchor-pair-timing-atlas\probe-results\l3b-006-l3-003-bbands-position-mean-reversion-channel-reentry-m5-tr-lb3
7,l3b-007-l3-004-kalman-velocity-confirm-pmo-crossover-m5-tr-lb1,7,l3b-007-l3-004-kalman-velocity-confirm-pmo-crossover-m5-tr-lb1,4,l3-004-kalman-velocity-confirm-pmo-crossover-m5,trigger,PMO_CROSSOVER,1,2,trend,trend_pullback_continuation,KALMAN_VELOCITY_CONFIRM,setup,confirm,PMO_CROSSOVER,trigger,confirm,M5,"EURUSD,GBPUSD,USDJPY,XAUUSD",M5,88.27,probe_now,skipped_existing,0.0,115.0,-0.0751,109,0.9086,C:\repos\fuzzfolio-autoresearch\runs\derived\anchor-pair-timing-atlas\profiles\l3b-007-l3-004-kalman-velocity-confirm-pmo-crossover-m5-tr-lb1.json,C:\repos\fuzzfolio-autoresearch\runs\derived\anchor-pair-timing-atlas\probe-results\l3b-007-l3-004-kalman-velocity-confirm-pmo-crossover-m5-tr-lb1
8,l3b-008-l3-004-kalman-velocity-confirm-pmo-crossover-m5-tr-lb3,8,l3b-008-l3-004-kalman-velocity-confirm-pmo-crossover-m5-tr-lb3,4,l3-004-kalman-velocity-confirm-pmo-crossover-m5,trigger,PMO_CROSSOVER,3,2,trend,trend_pullback_continuation,KALMAN_VELOCITY_CONFIRM,setup,confirm,PMO_CROSSOVER,trigger,confirm,M5,"EURUSD,GBPUSD,USDJPY,XAUUSD",M5,88.27,probe_now,skipped_existing,0.0,115.0,-0.0751,109,0.9086,C:\repos\fuzzfolio-autoresearch\runs\derived\anchor-pair-timing-atlas\profiles\l3b-008-l3-004-kalman-velocity-confirm-pmo-crossover-m5-tr-lb3.json,C:\repos\fuzzfolio-autoresearch\runs\derived\anchor-pair-timing-atlas\probe-results\l3b-008-l3-004-kalman-velocity-confirm-pmo-crossover-m5-tr-lb3
9,l3b-009-l3-005-kalman-velocity-confirm-toby-crabel-narrow-range-m5-tr-lb1,9,l3b-009-l3-005-kalman-velocity-confirm-toby-crabel-narrow-range-m5-tr-lb1,5,l3-005-kalman-velocity-confirm-toby-crabel-narrow-range-m5,trigger,TOBY_CRABEL_NARROW_RANGE,1,2,trend,trend_pullback_continuation,KALMAN_VELOCITY_CONFIRM,setup,confirm,TOBY_CRABEL_NARROW_RANGE,trigger,confirm,M5,"EURUSD,GBPUSD,USDJPY,XAUUSD",M5,87.82,probe_now,skipped_existing,0.0,688.0,-0.1555,685,0.645,C:\repos\fuzzfolio-autoresearch\runs\derived\anchor-pair-timing-atlas\profiles\l3b-009-l3-005-kalman-velocity-confirm-toby-crabel-narrow-range-m5-tr-lb1.json,C:\repos\fuzzfolio-autoresearch\runs\derived\anchor-pair-timing-atlas\probe-results\l3b-009-l3-005-kalman-velocity-confirm-toby-crabel-narrow-range-m5-tr-lb1
10,l3b-010-l3-005-kalman-velocity-confirm-toby-crabel-narrow-range-m5-tr-lb3,10,l3b-010-l3-005-kalman-velocity-confirm-toby-crabel-narrow-range-m5-tr-lb3,5,l3-005-kalman-velocity-confirm-toby-crabel-narrow-range-m5,trigger,TOBY_CRABEL_NARROW_RANGE,3,2,trend,trend_pullback_continuation,KALMAN_VELOCITY_CONFIRM,setup,confirm,TOBY_CRABEL_NARROW_RANGE,trigger,confirm,M5,"EURUSD,GBPUSD,USDJPY,XAUUSD",M5,87.82,probe_now,skipped_existing,0.0,688.0,-0.1555,685,0.645,C:\repos\fuzzfolio-autoresearch\runs\derived\anchor-pair-timing-atlas\profiles\l3b-010-l3-005-kalman-velocity-confirm-toby-crabel-narrow-range-m5-tr-lb3.json,C:\repos\fuzzfolio-autoresearch\runs\derived\anchor-pair-timing-atlas\probe-results\l3b-010-l3-005-kalman-velocity-confirm-toby-crabel-narrow-range-m5-tr-lb3
11,l3b-011-l3-006-adx-pmo-crossover-m5-tr-lb1,11,l3b-011-l3-006-adx-pmo-crossover-m5-tr-lb1,6,l3-006-adx-pmo-crossover-m5,trigger,PMO_CROSSOVER,1,2,trend,trend_pullback_continuation,ADX,filter,,PMO_CROSSOVER,trigger,confirm,M5,"EURUSD,GBPUSD,USDJPY,XAUUSD",M5,86.99,probe_now,skipped_existing,0.0,1926.0,-0.0785,1889,0.7804,C:\repos\fuzzfolio-autoresearch\runs\derived\anchor-pair-timing-atlas\profiles\l3b-011-l3-006-adx-pmo-crossover-m5-tr-lb1.json,C:\repos\fuzzfolio-autoresearch\runs\derived\anchor-pair-timing-atlas\probe-results\l3b-011-l3-006-adx-pmo-crossover-m5-tr-lb1
12,l3b-012-l3-006-adx-pmo-crossover-m5-tr-lb3,12,l3b-012-l3-006-adx-pmo-crossover-m5-tr-lb3,6,l3-006-adx-pmo-crossover-m5,trigger,PMO_CROSSOVER,3,2,trend,trend_pullback_continuation,ADX,filter,,PMO_CROSSOVER,trigger,confirm,M5,"EURUSD,GBPUSD,USDJPY,XAUUSD",M5,86.99,probe_now,skipped_existing,0.0,1926.0,-0.0785,1889,0.7804,C:\repos\fuzzfolio-autoresearch\runs\derived\anchor-pair-timing-atlas\profiles\l3b-012-l3-006-adx-pmo-crossover-m5-tr-lb3.json,C:\repos\fuzzfolio-autoresearch\runs\derived\anchor-pair-timing-atlas\probe-results\l3b-012-l3-006-adx-pmo-crossover-m5-tr-lb3
13,l3b-013-l3-007-toby-crabel-narrow-range-market-mode-transition-m15-tr-lb1,13,l3b-013-l3-007-toby-crabel-narrow-range-market-mode-transition-m15-tr-lb1,7,l3-007-toby-crabel-narrow-range-market-mode-transition-m15,trigger,MARKET_MODE_TRANSITION,1,2,compression,breakout_compression_release,TOBY_CRABEL_NARROW_RANGE,trigger,confirm,MARKET_MODE_TRANSITION,trigger,confirm,M15,"EURUSD,GBPUSD,USDJPY,XAUUSD",M15,86.9,probe_now,skipped_existing,0.0,125.0,-0.1205,120,0.8483,C:\repos\fuzzfolio-autoresearch\runs\derived\anchor-pair-timing-atlas\profiles\l3b-013-l3-007-toby-crabel-narrow-range-market-mode-transition-m15-tr-lb1.json,C:\repos\fuzzfolio-autoresearch\runs\derived\anchor-pair-timing-atlas\probe-results\l3b-013-l3-007-toby-crabel-narrow-range-market-mode-transition-m15-tr-lb1
14,l3b-014-l3-007-toby-crabel-narrow-range-market-mode-transition-m15-tr-lb3,14,l3b-014-l3-007-toby-crabel-narrow-range-market-mode-transition-m15-tr-lb3,7,l3-007-toby-crabel-narrow-range-market-mode-transition-m15,trigger,MARKET_MODE_TRANSITION,3,2,compression,breakout_compression_release,TOBY_CRABEL_NARROW_RANGE,trigger,confirm,MARKET_MODE_TRANSITION,trigger,confirm,M15,"EURUSD,GBPUSD,USDJPY,XAUUSD",M15,86.9,probe_now,skipped_existing,0.0,125.0,-0.1205,120,0.8483,C:\repos\fuzzfolio-autoresearch\runs\derived\anchor-pair-timing-atlas\profiles\l3b-014-l3-007-toby-crabel-narrow-range-market-mode-transition-m15-tr-lb3.json,C:\repos\fuzzfolio-autoresearch\runs\derived\anchor-pair-timing-atlas\probe-results\l3b-014-l3-007-toby-crabel-narrow-range-market-mode-transition-m15-tr-lb3
15,l3b-015-l3-008-ma-slope-trend-pmo-crossover-m5-tr-lb1,15,l3b-015-l3-008-ma-slope-trend-pmo-crossover-m5-tr-lb1,8,l3-008-ma-slope-trend-pmo-crossover-m5,trigger,PMO_CROSSOVER,1,2,trend,trend_pullback_continuation,MA_SLOPE_TREND,context,trend,PMO_CROSSOVER,trigger,confirm,M5,"EURUSD,GBPUSD,USDJPY,XAUUSD",M5,86.73,probe_now,skipped_existing,60.5492,48.0,0.385,48,1.817,C:\repos\fuzzfolio-autoresearch\runs\derived\anchor-pair-timing-atlas\profiles\l3b-015-l3-008-ma-slope-trend-pmo-crossover-m5-tr-lb1.json,C:\repos\fuzzfolio-autoresearch\runs\derived\anchor-pair-timing-atlas\probe-results\l3b-015-l3-008-ma-slope-trend-pmo-crossover-m5-tr-lb1
16,l3b-016-l3-008-ma-slope-trend-pmo-crossover-m5-tr-lb3,16,l3b-016-l3-008-ma-slope-trend-pmo-crossover-m5-tr-lb3,8,l3-008-ma-slope-trend-pmo-crossover-m5,trigger,PMO_CROSSOVER,3,2,trend,trend_pullback_continuation,MA_SLOPE_TREND,context,trend,PMO_CROSSOVER,trigger,confirm,M5,"EURUSD,GBPUSD,USDJPY,XAUUSD",M5,86.73,probe_now,skipped_existing,60.5492,48.0,0.385,48,1.817,C:\repos\fuzzfolio-autoresearch\runs\derived\anchor-pair-timing-atlas\profiles\l3b-016-l3-008-ma-slope-trend-pmo-crossover-m5-tr-lb3.json,C:\repos\fuzzfolio-autoresearch\runs\derived\anchor-pair-timing-atlas\probe-results\l3b-016-l3-008-ma-slope-trend-pmo-crossover-m5-tr-lb3
17,l3b-017-l3-009-bollinger-keltner-squeeze-filter-pmo-crossover-m5-tr-lb1,17,l3b-017-l3-009-bollinger-keltner-squeeze-filter-pmo-crossover-m5-tr-lb1,9,l3-009-bollinger-keltner-squeeze-filter-pmo-crossover-m5,trigger,PMO_CROSSOVER,1,2,compression,breakout_compression_release,BOLLINGER_KELTNER_SQUEEZE_FILTER,filter,filter,PMO_CROSSOVER,trigger,confirm,M5,"EURUSD,GBPUSD,USDJPY,XAUUSD",M15,86.54,probe_now,ok,0.0,2776.0,-0.0921,2659,0.8612,C:\repos\fuzzfolio-autoresearch\runs\derived\anchor-pair-timing-atlas\profiles\l3b-017-l3-009-bollinger-keltner-squeeze-filter-pmo-crossover-m5-tr-lb1.json,C:\repos\fuzzfolio-autoresearch\runs\derived\anchor-pair-timing-atlas\probe-results\l3b-017-l3-009-bollinger-keltner-squeeze-filter-pmo-crossover-m5-tr-lb1
18,l3b-018-l3-009-bollinger-keltner-squeeze-filter-pmo-crossover-m5-tr-lb3,18,l3b-018-l3-009-bollinger-keltner-squeeze-filter-pmo-crossover-m5-tr-lb3,9,l3-009-bollinger-keltner-squeeze-filter-pmo-crossover-m5,trigger,PMO_CROSSOVER,3,2,compression,breakout_compression_release,BOLLINGER_KELTNER_SQUEEZE_FILTER,filter,filter,PMO_CROSSOVER,trigger,confirm,M5,"EURUSD,GBPUSD,USDJPY,XAUUSD",M15,86.54,probe_now,ok,0.0,2776.0,-0.0921,2659,0.8612,C:\repos\fuzzfolio-autoresearch\runs\derived\anchor-pair-timing-atlas\profiles\l3b-018-l3-009-bollinger-keltner-squeeze-filter-pmo-crossover-m5-tr-lb3.json,C:\repos\fuzzfolio-autoresearch\runs\derived\anchor-pair-timing-atlas\probe-results\l3b-018-l3-009-bollinger-keltner-squeeze-filter-pmo-crossover-m5-tr-lb3
19,l3b-019-l3-010-adx-toby-crabel-narrow-range-m5-tr-lb1,19,l3b-019-l3-010-adx-toby-crabel-narrow-range-m5-tr-lb1,10,l3-010-adx-toby-crabel-narrow-range-m5,trigger,TOBY_CRABEL_NARROW_RANGE,1,2,trend,trend_pullback_continuation,ADX,filter,,TOBY_CRABEL_NARROW_RANGE,trigger,confirm,M5,"EURUSD,GBPUSD,USDJPY,XAUUSD",M5,86.54,probe_now,ok,0.0,1984.0,-0.0569,1955,0.8337,C:\repos\fuzzfolio-autoresearch\runs\derived\anchor-pair-timing-atlas\profiles\l3b-019-l3-010-adx-toby-crabel-narrow-range-m5-tr-lb1.json,C:\repos\fuzzfolio-autoresearch\runs\derived\anchor-pair-timing-atlas\probe-results\l3b-019-l3-010-adx-toby-crabel-narrow-range-m5-tr-lb1
20,l3b-020-l3-010-adx-toby-crabel-narrow-range-m5-tr-lb3,20,l3b-020-l3-010-adx-toby-crabel-narrow-range-m5-tr-lb3,10,l3-010-adx-toby-crabel-narrow-range-m5,trigger,TOBY_CRABEL_NARROW_RANGE,3,2,trend,trend_pullback_continuation,ADX,filter,,TOBY_CRABEL_NARROW_RANGE,trigger,confirm,M5,"EURUSD,GBPUSD,USDJPY,XAUUSD",M5,86.54,probe_now,ok,0.0,1984.0,-0.0569,1955,0.8337,C:\repos\fuzzfolio-autoresearch\runs\derived\anchor-pair-timing-atlas\profiles\l3b-020-l3-010-adx-toby-crabel-narrow-range-m5-tr-lb3.json,C:\repos\fuzzfolio-autoresearch\runs\derived\anchor-pair-timing-atlas\probe-results\l3b-020-l3-010-adx-toby-crabel-narrow-range-m5-tr-lb3
21,l3b-021-l3-011-toby-crabel-narrow-range-ttf-dsl-transition-m15-tr-lb2,21,l3b-021-l3-011-toby-crabel-narrow-range-ttf-dsl-transition-m15-tr-lb2,11,l3-011-toby-crabel-narrow-range-ttf-dsl-transition-m15,trigger,TTF_DSL_TRANSITION,2,1,compression,breakout_compression_release,TOBY_CRABEL_NARROW_RANGE,trigger,confirm,TTF_DSL_TRANSITION,trigger,confirm,M15,"EURUSD,GBPUSD,USDJPY,XAUUSD",M15,86.46,probe_now,ok,0.0,86.0,0.0133,82,1.2435,C:\repos\fuzzfolio-autoresearch\runs\derived\anchor-pair-timing-atlas\profiles\l3b-021-l3-011-toby-crabel-narrow-range-ttf-dsl-transition-m15-tr-lb2.json,C:\repos\fuzzfolio-autoresearch\runs\derived\anchor-pair-timing-atlas\probe-results\l3b-021-l3-011-toby-crabel-narrow-range-ttf-dsl-transition-m15-tr-lb2
22,l3b-022-l3-011-toby-crabel-narrow-range-ttf-dsl-transition-m15-tr-lb3,22,l3b-022-l3-011-toby-crabel-narrow-range-ttf-dsl-transition-m15-tr-lb3,11,l3-011-toby-crabel-narrow-range-ttf-dsl-transition-m15,trigger,TTF_DSL_TRANSITION,3,1,compression,breakout_compression_release,TOBY_CRABEL_NARROW_RANGE,trigger,confirm,TTF_DSL_TRANSITION,trigger,confirm,M15,"EURUSD,GBPUSD,USDJPY,XAUUSD",M15,86.46,probe_now,ok,0.0,86.0,0.0133,82,1.2435,C:\repos\fuzzfolio-autoresearch\runs\derived\anchor-pair-timing-atlas\profiles\l3b-022-l3-011-toby-crabel-narrow-range-ttf-dsl-transition-m15-tr-lb3.json,C:\repos\fuzzfolio-autoresearch\runs\derived\anchor-pair-timing-atlas\probe-results\l3b-022-l3-011-toby-crabel-narrow-range-ttf-dsl-transition-m15-tr-lb3
23,l3b-023-l3-012-ma-slope-trend-toby-crabel-narrow-range-m5-tr-lb1,23,l3b-023-l3-012-ma-slope-trend-toby-crabel-narrow-range-m5-tr-lb1,12,l3-012-ma-slope-trend-toby-crabel-narrow-range-m5,trigger,TOBY_CRABEL_NARROW_RANGE,1,2,trend,trend_pullback_continuation,MA_SLOPE_TREND,context,trend,TOBY_CRABEL_NARROW_RANGE,trigger,confirm,M5,"EURUSD,GBPUSD,USDJPY,XAUUSD",M5,86.28,probe_now,ok,0.0,41.0,-0.5236,41,0.5985,C:\repos\fuzzfolio-autoresearch\runs\derived\anchor-pair-timing-atlas\profiles\l3b-023-l3-012-ma-slope-trend-toby-crabel-narrow-range-m5-tr-lb1.json,C:\repos\fuzzfolio-autoresearch\runs\derived\anchor-pair-timing-atlas\probe-results\l3b-023-l3-012-ma-slope-trend-toby-crabel-narrow-range-m5-tr-lb1
24,l3b-024-l3-012-ma-slope-trend-toby-crabel-narrow-range-m5-tr-lb3,24,l3b-024-l3-012-ma-slope-trend-toby-crabel-narrow-range-m5-tr-lb3,12,l3-012-ma-slope-trend-toby-crabel-narrow-range-m5,trigger,TOBY_CRABEL_NARROW_RANGE,3,2,trend,trend_pullback_continuation,MA_SLOPE_TREND,context,trend,TOBY_CRABEL_NARROW_RANGE,trigger,confirm,M5,"EURUSD,GBPUSD,USDJPY,XAUUSD",M5,86.28,probe_now,ok,0.0,41.0,-0.5236,41,0.5985,C:\repos\fuzzfolio-autoresearch\runs\derived\anchor-pair-timing-atlas\profiles\l3b-024-l3-012-ma-slope-trend-toby-crabel-narrow-range-m5-tr-lb3.json,C:\repos\fuzzfolio-autoresearch\runs\derived\anchor-pair-timing-atlas\probe-results\l3b-024-l3-012-ma-slope-trend-toby-crabel-narrow-range-m5-tr-lb3
25,l3b-025-l3-013-kalman-velocity-confirm-market-mode-transition-m15-tr-lb1,25,l3b-025-l3-013-kalman-velocity-confirm-market-mode-transition-m15-tr-lb1,13,l3-013-kalman-velocity-confirm-market-mode-transition-m15,trigger,MARKET_MODE_TRANSITION,1,2,trend,trend_pullback_continuation,KALMAN_VELOCITY_CONFIRM,setup,confirm,MARKET_MODE_TRANSITION,trigger,confirm,M15,"EURUSD,GBPUSD,USDJPY,XAUUSD",M15,86.2,probe_now,ok,0.0,225.0,-0.0419,218,0.8904,C:\repos\fuzzfolio-autoresearch\runs\derived\anchor-pair-timing-atlas\profiles\l3b-025-l3-013-kalman-velocity-confirm-market-mode-transition-m15-tr-lb1.json,C:\repos\fuzzfolio-autoresearch\runs\derived\anchor-pair-timing-atlas\probe-results\l3b-025-l3-013-kalman-velocity-confirm-market-mode-transition-m15-tr-lb1
26,l3b-026-l3-013-kalman-velocity-confirm-market-mode-transition-m15-tr-lb3,26,l3b-026-l3-013-kalman-velocity-confirm-market-mode-transition-m15-tr-lb3,13,l3-013-kalman-velocity-confirm-market-mode-transition-m15,trigger,MARKET_MODE_TRANSITION,3,2,trend,trend_pullback_continuation,KALMAN_VELOCITY_CONFIRM,setup,confirm,MARKET_MODE_TRANSITION,trigger,confirm,M15,"EURUSD,GBPUSD,USDJPY,XAUUSD",M15,86.2,probe_now,ok,0.0,225.0,-0.0419,218,0.8904,C:\repos\fuzzfolio-autoresearch\runs\derived\anchor-pair-timing-atlas\profiles\l3b-026-l3-013-kalman-velocity-confirm-market-mode-transition-m15-tr-lb3.json,C:\repos\fuzzfolio-autoresearch\runs\derived\anchor-pair-timing-atlas\probe-results\l3b-026-l3-013-kalman-velocity-confirm-market-mode-transition-m15-tr-lb3
27,l3b-027-l3-014-bollinger-keltner-squeeze-filter-toby-crabel-narrow-range-m5-tr-lb1,27,l3b-027-l3-014-bollinger-keltner-squeeze-filter-toby-crabel-narrow-range-m5-tr-lb1,14,l3-014-bollinger-keltner-squeeze-filter-toby-crabel-narrow-range-m5,trigger,TOBY_CRABEL_NARROW_RANGE,1,2,compression,breakout_compression_release,BOLLINGER_KELTNER_SQUEEZE_FILTER,filter,filter,TOBY_CRABEL_NARROW_RANGE,trigger,confirm,M5,"EURUSD,GBPUSD,USDJPY,XAUUSD",M15,86.09,probe_now,ok,0.0,3090.0,-0.0607,2898,0.9061,C:\repos\fuzzfolio-autoresearch\runs\derived\anchor-pair-timing-atlas\profiles\l3b-027-l3-014-bollinger-keltner-squeeze-filter-toby-crabel-narrow-range-m5-tr-lb1.json,C:\repos\fuzzfolio-autoresearch\runs\derived\anchor-pair-timing-atlas\probe-results\l3b-027-l3-014-bollinger-keltner-squeeze-filter-toby-crabel-narrow-range-m5-tr-lb1
28,l3b-028-l3-014-bollinger-keltner-squeeze-filter-toby-crabel-narrow-range-m5-tr-lb3,28,l3b-028-l3-014-bollinger-keltner-squeeze-filter-toby-crabel-narrow-range-m5-tr-lb3,14,l3-014-bollinger-keltner-squeeze-filter-toby-crabel-narrow-range-m5,trigger,TOBY_CRABEL_NARROW_RANGE,3,2,compression,breakout_compression_release,BOLLINGER_KELTNER_SQUEEZE_FILTER,filter,filter,TOBY_CRABEL_NARROW_RANGE,trigger,confirm,M5,"EURUSD,GBPUSD,USDJPY,XAUUSD",M15,86.09,probe_now,ok,0.0,3090.0,-0.0607,2898,0.9061,C:\repos\fuzzfolio-autoresearch\runs\derived\anchor-pair-timing-atlas\profiles\l3b-028-l3-014-bollinger-keltner-squeeze-filter-toby-crabel-narrow-range-m5-tr-lb3.json,C:\repos\fuzzfolio-autoresearch\runs\derived\anchor-pair-timing-atlas\probe-results\l3b-028-l3-014-bollinger-keltner-squeeze-filter-toby-crabel-narrow-range-m5-tr-lb3
29,l3b-029-l3-015-kalman-velocity-confirm-ttf-dsl-transition-m15-tr-lb2,29,l3b-029-l3-015-kalman-velocity-confirm-ttf-dsl-transition-m15-tr-lb2,15,l3-015-kalman-velocity-confirm-ttf-dsl-transition-m15,trigger,TTF_DSL_TRANSITION,2,1,trend,trend_pullback_continuation,KALMAN_VELOCITY_CONFIRM,setup,confirm,TTF_DSL_TRANSITION,trigger,confirm,M15,"EURUSD,GBPUSD,USDJPY,XAUUSD",M15,85.76,probe_now,ok,0.0,166.0,-0.0315,162,0.9335,C:\repos\fuzzfolio-autoresearch\runs\derived\anchor-pair-timing-atlas\profiles\l3b-029-l3-015-kalman-velocity-confirm-ttf-dsl-transition-m15-tr-lb2.json,C:\repos\fuzzfolio-autoresearch\runs\derived\anchor-pair-timing-atlas\probe-results\l3b-029-l3-015-kalman-velocity-confirm-ttf-dsl-transition-m15-tr-lb2
30,l3b-030-l3-015-kalman-velocity-confirm-ttf-dsl-transition-m15-tr-lb3,30,l3b-030-l3-015-kalman-velocity-confirm-ttf-dsl-transition-m15-tr-lb3,15,l3-015-kalman-velocity-confirm-ttf-dsl-transition-m15,trigger,TTF_DSL_TRANSITION,3,1,trend,trend_pullback_continuation,KALMAN_VELOCITY_CONFIRM,setup,confirm,TTF_DSL_TRANSITION,trigger,confirm,M15,"EURUSD,GBPUSD,USDJPY,XAUUSD",M15,85.76,probe_now,ok,0.0,166.0,-0.0315,162,0.9335,C:\repos\fuzzfolio-autoresearch\runs\derived\anchor-pair-timing-atlas\profiles\l3b-030-l3-015-kalman-velocity-confirm-ttf-dsl-transition-m15-tr-lb3.json,C:\repos\fuzzfolio-autoresearch\runs\derived\anchor-pair-timing-atlas\probe-results\l3b-030-l3-015-kalman-velocity-confirm-ttf-dsl-transition-m15-tr-lb3
31,l3b-031-l3-016-rsi-mean-reversion-channel-reentry-m15-tr-lb2,31,l3b-031-l3-016-rsi-mean-reversion-channel-reentry-m15-tr-lb2,16,l3-016-rsi-mean-reversion-channel-reentry-m15,trigger,CHANNEL_REENTRY,2,1,mean_reversion,mean_reversion_reclaim,RSI_MEAN_REVERSION,setup,mean-reversion,CHANNEL_REENTRY,trigger,mean-reversion,M15,"EURUSD,GBPUSD,USDJPY,XAUUSD",M15,85.34,probe_now,ok,41.462,220.0,0.0887,214,1.1254,C:\repos\fuzzfolio-autoresearch\runs\derived\anchor-pair-timing-atlas\profiles\l3b-031-l3-016-rsi-mean-reversion-channel-reentry-m15-tr-lb2.json,C:\repos\fuzzfolio-autoresearch\runs\derived\anchor-pair-timing-atlas\probe-results\l3b-031-l3-016-rsi-mean-reversion-channel-reentry-m15-tr-lb2
32,l3b-032-l3-016-rsi-mean-reversion-channel-reentry-m15-tr-lb3,32,l3b-032-l3-016-rsi-mean-reversion-channel-reentry-m15-tr-lb3,16,l3-016-rsi-mean-reversion-channel-reentry-m15,trigger,CHANNEL_REENTRY,3,1,mean_reversion,mean_reversion_reclaim,RSI_MEAN_REVERSION,setup,mean-reversion,CHANNEL_REENTRY,trigger,mean-reversion,M15,"EURUSD,GBPUSD,USDJPY,XAUUSD",M15,85.34,probe_now,ok,41.462,220.0,0.0887,214,1.1254,C:\repos\fuzzfolio-autoresearch\runs\derived\anchor-pair-timing-atlas\profiles\l3b-032-l3-016-rsi-mean-reversion-channel-reentry-m15-tr-lb3.json,C:\repos\fuzzfolio-autoresearch\runs\derived\anchor-pair-timing-atlas\probe-results\l3b-032-l3-016-rsi-mean-reversion-channel-reentry-m15-tr-lb3
33,l3b-033-l3-017-toby-crabel-narrow-range-pmo-crossover-m15-tr-lb1,33,l3b-033-l3-017-toby-crabel-narrow-range-pmo-crossover-m15-tr-lb1,17,l3-017-toby-crabel-narrow-range-pmo-crossover-m15,trigger,PMO_CROSSOVER,1,2,compression,breakout_compression_release,TOBY_CRABEL_NARROW_RANGE,trigger,confirm,PMO_CROSSOVER,trigger,confirm,M15,"EURUSD,GBPUSD,USDJPY,XAUUSD",M15,84.97,probe_now,ok,0.0,156.0,-0.1115,155,0.8598,C:\repos\fuzzfolio-autoresearch\runs\derived\anchor-pair-timing-atlas\profiles\l3b-033-l3-017-toby-crabel-narrow-range-pmo-crossover-m15-tr-lb1.json,C:\repos\fuzzfolio-autoresearch\runs\derived\anchor-pair-timing-atlas\probe-results\l3b-033-l3-017-toby-crabel-narrow-range-pmo-crossover-m15-tr-lb1
34,l3b-034-l3-017-toby-crabel-narrow-range-pmo-crossover-m15-tr-lb3,34,l3b-034-l3-017-toby-crabel-narrow-range-pmo-crossover-m15-tr-lb3,17,l3-017-toby-crabel-narrow-range-pmo-crossover-m15,trigger,PMO_CROSSOVER,3,2,compression,breakout_compression_release,TOBY_CRABEL_NARROW_RANGE,trigger,confirm,PMO_CROSSOVER,trigger,confirm,M15,"EURUSD,GBPUSD,USDJPY,XAUUSD",M15,84.97,probe_now,ok,0.0,156.0,-0.1115,155,0.8598,C:\repos\fuzzfolio-autoresearch\runs\derived\anchor-pair-timing-atlas\profiles\l3b-034-l3-017-toby-crabel-narrow-range-pmo-crossover-m15-tr-lb3.json,C:\repos\fuzzfolio-autoresearch\runs\derived\anchor-pair-timing-atlas\probe-results\l3b-034-l3-017-toby-crabel-narrow-range-pmo-crossover-m15-tr-lb3
35,l3b-035-l3-018-adx-market-mode-transition-m15-tr-lb1,35,l3b-035-l3-018-adx-market-mode-transition-m15-tr-lb1,18,l3-018-adx-market-mode-transition-m15,trigger,MARKET_MODE_TRANSITION,1,2,trend,trend_pullback_continuation,ADX,filter,,MARKET_MODE_TRANSITION,trigger,confirm,M15,"EURUSD,GBPUSD,USDJPY,XAUUSD",M5,84.92,probe_now,ok,0.0,866.0,-0.0218,838,0.9531,C:\repos\fuzzfolio-autoresearch\runs\derived\anchor-pair-timing-atlas\profiles\l3b-035-l3-018-adx-market-mode-transition-m15-tr-lb1.json,C:\repos\fuzzfolio-autoresearch\runs\derived\anchor-pair-timing-atlas\probe-results\l3b-035-l3-018-adx-market-mode-transition-m15-tr-lb1
36,l3b-036-l3-018-adx-market-mode-transition-m15-tr-lb3,36,l3b-036-l3-018-adx-market-mode-transition-m15-tr-lb3,18,l3-018-adx-market-mode-transition-m15,trigger,MARKET_MODE_TRANSITION,3,2,trend,trend_pullback_continuation,ADX,filter,,MARKET_MODE_TRANSITION,trigger,confirm,M15,"EURUSD,GBPUSD,USDJPY,XAUUSD",M5,84.92,probe_now,ok,0.0,866.0,-0.0218,838,0.9531,C:\repos\fuzzfolio-autoresearch\runs\derived\anchor-pair-timing-atlas\profiles\l3b-036-l3-018-adx-market-mode-transition-m15-tr-lb3.json,C:\repos\fuzzfolio-autoresearch\runs\derived\anchor-pair-timing-atlas\probe-results\l3b-036-l3-018-adx-market-mode-transition-m15-tr-lb3
37,l3b-037-l3-019-ma-slope-trend-market-mode-transition-m15-tr-lb1,37,l3b-037-l3-019-ma-slope-trend-market-mode-transition-m15-tr-lb1,19,l3-019-ma-slope-trend-market-mode-transition-m15,trigger,MARKET_MODE_TRANSITION,1,2,trend,trend_pullback_continuation,MA_SLOPE_TREND,context,trend,MARKET_MODE_TRANSITION,trigger,confirm,M15,"EURUSD,GBPUSD,USDJPY,XAUUSD",M5,84.66,probe_now,ok,0.0,126.0,0.0257,122,1.9504,C:\repos\fuzzfolio-autoresearch\runs\derived\anchor-pair-timing-atlas\profiles\l3b-037-l3-019-ma-slope-trend-market-mode-transition-m15-tr-lb1.json,C:\repos\fuzzfolio-autoresearch\runs\derived\anchor-pair-timing-atlas\probe-results\l3b-037-l3-019-ma-slope-trend-market-mode-transition-m15-tr-lb1
38,l3b-038-l3-019-ma-slope-trend-market-mode-transition-m15-tr-lb3,38,l3b-038-l3-019-ma-slope-trend-market-mode-transition-m15-tr-lb3,19,l3-019-ma-slope-trend-market-mode-transition-m15,trigger,MARKET_MODE_TRANSITION,3,2,trend,trend_pullback_continuation,MA_SLOPE_TREND,context,trend,MARKET_MODE_TRANSITION,trigger,confirm,M15,"EURUSD,GBPUSD,USDJPY,XAUUSD",M5,84.66,probe_now,ok,0.0,126.0,0.0257,122,1.9504,C:\repos\fuzzfolio-autoresearch\runs\derived\anchor-pair-timing-atlas\profiles\l3b-038-l3-019-ma-slope-trend-market-mode-transition-m15-tr-lb3.json,C:\repos\fuzzfolio-autoresearch\runs\derived\anchor-pair-timing-atlas\probe-results\l3b-038-l3-019-ma-slope-trend-market-mode-transition-m15-tr-lb3
39,l3b-039-l3-020-bbands-position-mean-reversion-channel-reentry-m15-tr-lb2,39,l3b-039-l3-020-bbands-position-mean-reversion-channel-reentry-m15-tr-lb2,20,l3-020-bbands-position-mean-reversion-channel-reentry-m15,trigger,CHANNEL_REENTRY,2,1,mean_reversion,mean_reversion_reclaim,BBANDS_POSITION_MEAN_REVERSION,setup,mean-reversion,CHANNEL_REENTRY,trigger,mean-reversion,M15,"EURUSD,GBPUSD,USDJPY,XAUUSD",M15,84.57,probe_now,ok,0.0,416.0,0.0408,403,1.0773,C:\repos\fuzzfolio-autoresearch\runs\derived\anchor-pair-timing-atlas\profiles\l3b-039-l3-020-bbands-position-mean-reversion-channel-reentry-m15-tr-lb2.json,C:\repos\fuzzfolio-autoresearch\runs\derived\anchor-pair-timing-atlas\probe-results\l3b-039-l3-020-bbands-position-mean-reversion-channel-reentry-m15-tr-lb2
40,l3b-040-l3-020-bbands-position-mean-reversion-channel-reentry-m15-tr-lb3,40,l3b-040-l3-020-bbands-position-mean-reversion-channel-reentry-m15-tr-lb3,20,l3-020-bbands-position-mean-reversion-channel-reentry-m15,trigger,CHANNEL_REENTRY,3,1,mean_reversion,mean_reversion_reclaim,BBANDS_POSITION_MEAN_REVERSION,setup,mean-reversion,CHANNEL_REENTRY,trigger,mean-reversion,M15,"EURUSD,GBPUSD,USDJPY,XAUUSD",M15,84.57,probe_now,ok,0.0,416.0,0.0408,403,1.0773,C:\repos\fuzzfolio-autoresearch\runs\derived\anchor-pair-timing-atlas\profiles\l3b-040-l3-020-bbands-position-mean-reversion-channel-reentry-m15-tr-lb3.json,C:\repos\fuzzfolio-autoresearch\runs\derived\anchor-pair-timing-atlas\probe-results\l3b-040-l3-020-bbands-position-mean-reversion-channel-reentry-m15-tr-lb3
41,l3b-041-l3-021-toby-crabel-narrow-range-wavetrend-crossover-m15-tr-lb1,41,l3b-041-l3-021-toby-crabel-narrow-range-wavetrend-crossover-m15-tr-lb1,21,l3-021-toby-crabel-narrow-range-wavetrend-crossover-m15,trigger,WAVETREND_CROSSOVER,1,2,compression,breakout_compression_release,TOBY_CRABEL_NARROW_RANGE,trigger,confirm,WAVETREND_CROSSOVER,trigger,confirm,M15,"EURUSD,GBPUSD,USDJPY,XAUUSD",M15,84.53,probe_now,ok,0.0,55.0,-0.1404,55,0.6986,C:\repos\fuzzfolio-autoresearch\runs\derived\anchor-pair-timing-atlas\profiles\l3b-041-l3-021-toby-crabel-narrow-range-wavetrend-crossover-m15-tr-lb1.json,C:\repos\fuzzfolio-autoresearch\runs\derived\anchor-pair-timing-atlas\probe-results\l3b-041-l3-021-toby-crabel-narrow-range-wavetrend-crossover-m15-tr-lb1
42,l3b-042-l3-021-toby-crabel-narrow-range-wavetrend-crossover-m15-tr-lb3,42,l3b-042-l3-021-toby-crabel-narrow-range-wavetrend-crossover-m15-tr-lb3,21,l3-021-toby-crabel-narrow-range-wavetrend-crossover-m15,trigger,WAVETREND_CROSSOVER,3,2,compression,breakout_compression_release,TOBY_CRABEL_NARROW_RANGE,trigger,confirm,WAVETREND_CROSSOVER,trigger,confirm,M15,"EURUSD,GBPUSD,USDJPY,XAUUSD",M15,84.53,probe_now,ok,0.0,55.0,-0.1404,55,0.6986,C:\repos\fuzzfolio-autoresearch\runs\derived\anchor-pair-timing-atlas\profiles\l3b-042-l3-021-toby-crabel-narrow-range-wavetrend-crossover-m15-tr-lb3.json,C:\repos\fuzzfolio-autoresearch\runs\derived\anchor-pair-timing-atlas\probe-results\l3b-042-l3-021-toby-crabel-narrow-range-wavetrend-crossover-m15-tr-lb3
43,l3b-043-l3-022-adx-ttf-dsl-transition-m15-tr-lb2,43,l3b-043-l3-022-adx-ttf-dsl-transition-m15-tr-lb2,22,l3-022-adx-ttf-dsl-transition-m15,trigger,TTF_DSL_TRANSITION,2,1,trend,trend_pullback_continuation,ADX,filter,,TTF_DSL_TRANSITION,trigger,confirm,M15,"EURUSD,GBPUSD,USDJPY,XAUUSD",M5,84.48,probe_now,ok,0.0,745.0,-0.0379,710,0.951,C:\repos\fuzzfolio-autoresearch\runs\derived\anchor-pair-timing-atlas\profiles\l3b-043-l3-022-adx-ttf-dsl-transition-m15-tr-lb2.json,C:\repos\fuzzfolio-autoresearch\runs\derived\anchor-pair-timing-atlas\probe-results\l3b-043-l3-022-adx-ttf-dsl-transition-m15-tr-lb2
44,l3b-044-l3-022-adx-ttf-dsl-transition-m15-tr-lb3,44,l3b-044-l3-022-adx-ttf-dsl-transition-m15-tr-lb3,22,l3-022-adx-ttf-dsl-transition-m15,trigger,TTF_DSL_TRANSITION,3,1,trend,trend_pullback_continuation,ADX,filter,,TTF_DSL_TRANSITION,trigger,confirm,M15,"EURUSD,GBPUSD,USDJPY,XAUUSD",M5,84.48,probe_now,ok,0.0,745.0,-0.0379,710,0.951,C:\repos\fuzzfolio-autoresearch\runs\derived\anchor-pair-timing-atlas\profiles\l3b-044-l3-022-adx-ttf-dsl-transition-m15-tr-lb3.json,C:\repos\fuzzfolio-autoresearch\runs\derived\anchor-pair-timing-atlas\probe-results\l3b-044-l3-022-adx-ttf-dsl-transition-m15-tr-lb3
45,l3b-045-l3-023-bollinger-keltner-squeeze-filter-market-mode-transition-m15-tr-lb1,45,l3b-045-l3-023-bollinger-keltner-squeeze-filter-market-mode-transition-m15-tr-lb1,23,l3-023-bollinger-keltner-squeeze-filter-market-mode-transition-m15,trigger,MARKET_MODE_TRANSITION,1,2,compression,breakout_compression_release,BOLLINGER_KELTNER_SQUEEZE_FILTER,filter,filter,MARKET_MODE_TRANSITION,trigger,confirm,M15,"EURUSD,GBPUSD,USDJPY,XAUUSD",M15,84.47,probe_now,ok,0.0,429.0,-0.1528,415,0.6793,C:\repos\fuzzfolio-autoresearch\runs\derived\anchor-pair-timing-atlas\profiles\l3b-045-l3-023-bollinger-keltner-squeeze-filter-market-mode-transition-m15-tr-lb1.json,C:\repos\fuzzfolio-autoresearch\runs\derived\anchor-pair-timing-atlas\probe-results\l3b-045-l3-023-bollinger-keltner-squeeze-filter-market-mode-transition-m15-tr-lb1
46,l3b-046-l3-023-bollinger-keltner-squeeze-filter-market-mode-transition-m15-tr-lb3,46,l3b-046-l3-023-bollinger-keltner-squeeze-filter-market-mode-transition-m15-tr-lb3,23,l3-023-bollinger-keltner-squeeze-filter-market-mode-transition-m15,trigger,MARKET_MODE_TRANSITION,3,2,compression,breakout_compression_release,BOLLINGER_KELTNER_SQUEEZE_FILTER,filter,filter,MARKET_MODE_TRANSITION,trigger,confirm,M15,"EURUSD,GBPUSD,USDJPY,XAUUSD",M15,84.47,probe_now,ok,0.0,429.0,-0.1528,415,0.6793,C:\repos\fuzzfolio-autoresearch\runs\derived\anchor-pair-timing-atlas\profiles\l3b-046-l3-023-bollinger-keltner-squeeze-filter-market-mode-transition-m15-tr-lb3.json,C:\repos\fuzzfolio-autoresearch\runs\derived\anchor-pair-timing-atlas\probe-results\l3b-046-l3-023-bollinger-keltner-squeeze-filter-market-mode-transition-m15-tr-lb3
47,l3b-047-l3-024-kalman-velocity-confirm-pmo-crossover-m15-tr-lb1,47,l3b-047-l3-024-kalman-velocity-confirm-pmo-crossover-m15-tr-lb1,24,l3-024-kalman-velocity-confirm-pmo-crossover-m15,trigger,PMO_CROSSOVER,1,2,trend,trend_pullback_continuation,KALMAN_VELOCITY_CONFIRM,setup,confirm,PMO_CROSSOVER,trigger,confirm,M15,"EURUSD,GBPUSD,USDJPY,XAUUSD",M15,84.27,probe_now,ok,67.0715,48.0,0.6257,44,2.4589,C:\repos\fuzzfolio-autoresearch\runs\derived\anchor-pair-timing-atlas\profiles\l3b-047-l3-024-kalman-velocity-confirm-pmo-crossover-m15-tr-lb1.json,C:\repos\fuzzfolio-autoresearch\runs\derived\anchor-pair-timing-atlas\probe-results\l3b-047-l3-024-kalman-velocity-confirm-pmo-crossover-m15-tr-lb1
48,l3b-048-l3-024-kalman-velocity-confirm-pmo-crossover-m15-tr-lb3,48,l3b-048-l3-024-kalman-velocity-confirm-pmo-crossover-m15-tr-lb3,24,l3-024-kalman-velocity-confirm-pmo-crossover-m15,trigger,PMO_CROSSOVER,3,2,trend,trend_pullback_continuation,KALMAN_VELOCITY_CONFIRM,setup,confirm,PMO_CROSSOVER,trigger,confirm,M15,"EURUSD,GBPUSD,USDJPY,XAUUSD",M15,84.27,probe_now,ok,67.0715,48.0,0.6257,44,2.4589,C:\repos\fuzzfolio-autoresearch\runs\derived\anchor-pair-timing-atlas\profiles\l3b-048-l3-024-kalman-velocity-confirm-pmo-crossover-m15-tr-lb3.json,C:\repos\fuzzfolio-autoresearch\runs\derived\anchor-pair-timing-atlas\probe-results\l3b-048-l3-024-kalman-velocity-confirm-pmo-crossover-m15-tr-lb3
49,l3b-049-l3-025-toby-crabel-narrow-range-key-reversal-signal-m15-tr-lb2,49,l3b-049-l3-025-toby-crabel-narrow-range-key-reversal-signal-m15-tr-lb2,25,l3-025-toby-crabel-narrow-range-key-reversal-signal-m15,trigger,KEY_REVERSAL_SIGNAL,2,1,compression,breakout_compression_release,TOBY_CRABEL_NARROW_RANGE,trigger,confirm,KEY_REVERSAL_SIGNAL,trigger,confirm,M15,"EURUSD,GBPUSD,USDJPY,XAUUSD",M15,84.19,probe_now,ok,0.0,131.0,-0.1345,124,0.8669,C:\repos\fuzzfolio-autoresearch\runs\derived\anchor-pair-timing-atlas\profiles\l3b-049-l3-025-toby-crabel-narrow-range-key-reversal-signal-m15-tr-lb2.json,C:\repos\fuzzfolio-autoresearch\runs\derived\anchor-pair-timing-atlas\probe-results\l3b-049-l3-025-toby-crabel-narrow-range-key-reversal-signal-m15-tr-lb2
50,l3b-050-l3-025-toby-crabel-narrow-range-key-reversal-signal-m15-tr-lb3,50,l3b-050-l3-025-toby-crabel-narrow-range-key-reversal-signal-m15-tr-lb3,25,l3-025-toby-crabel-narrow-range-key-reversal-signal-m15,trigger,KEY_REVERSAL_SIGNAL,3,1,compression,breakout_compression_release,TOBY_CRABEL_NARROW_RANGE,trigger,confirm,KEY_REVERSAL_SIGNAL,trigger,confirm,M15,"EURUSD,GBPUSD,USDJPY,XAUUSD",M15,84.19,probe_now,ok,0.0,131.0,-0.1345,124,0.8669,C:\repos\fuzzfolio-autoresearch\runs\derived\anchor-pair-timing-atlas\profiles\l3b-050-l3-025-toby-crabel-narrow-range-key-reversal-signal-m15-tr-lb3.json,C:\repos\fuzzfolio-autoresearch\runs\derived\anchor-pair-timing-atlas\probe-results\l3b-050-l3-025-toby-crabel-narrow-range-key-reversal-signal-m15-tr-lb3
51,l3b-051-l3-026-bollinger-keltner-squeeze-filter-ttf-dsl-transition-m15-tr-lb2,51,l3b-051-l3-026-bollinger-keltner-squeeze-filter-ttf-dsl-transition-m15-tr-lb2,26,l3-026-bollinger-keltner-squeeze-filter-ttf-dsl-transition-m15,trigger,TTF_DSL_TRANSITION,2,1,compression,breakout_compression_release,BOLLINGER_KELTNER_SQUEEZE_FILTER,filter,filter,TTF_DSL_TRANSITION,trigger,confirm,M15,"EURUSD,GBPUSD,USDJPY,XAUUSD",M15,84.03,probe_now,ok,0.0,269.0,0.0187,256,1.0714,C:\repos\fuzzfolio-autoresearch\runs\derived\anchor-pair-timing-atlas\profiles\l3b-051-l3-026-bollinger-keltner-squeeze-filter-ttf-dsl-transition-m15-tr-lb2.json,C:\repos\fuzzfolio-autoresearch\runs\derived\anchor-pair-timing-atlas\probe-results\l3b-051-l3-026-bollinger-keltner-squeeze-filter-ttf-dsl-transition-m15-tr-lb2
52,l3b-052-l3-026-bollinger-keltner-squeeze-filter-ttf-dsl-transition-m15-tr-lb3,52,l3b-052-l3-026-bollinger-keltner-squeeze-filter-ttf-dsl-transition-m15-tr-lb3,26,l3-026-bollinger-keltner-squeeze-filter-ttf-dsl-transition-m15,trigger,TTF_DSL_TRANSITION,3,1,compression,breakout_compression_release,BOLLINGER_KELTNER_SQUEEZE_FILTER,filter,filter,TTF_DSL_TRANSITION,trigger,confirm,M15,"EURUSD,GBPUSD,USDJPY,XAUUSD",M15,84.03,probe_now,ok,0.0,269.0,0.0187,256,1.0714,C:\repos\fuzzfolio-autoresearch\runs\derived\anchor-pair-timing-atlas\profiles\l3b-052-l3-026-bollinger-keltner-squeeze-filter-ttf-dsl-transition-m15-tr-lb3.json,C:\repos\fuzzfolio-autoresearch\runs\derived\anchor-pair-timing-atlas\probe-results\l3b-052-l3-026-bollinger-keltner-squeeze-filter-ttf-dsl-transition-m15-tr-lb3
53,l3b-053-l3-027-toby-crabel-narrow-range-candle-direction-index-m5-tr-lb2,53,l3b-053-l3-027-toby-crabel-narrow-range-candle-direction-index-m5-tr-lb2,27,l3-027-toby-crabel-narrow-range-candle-direction-index-m5,trigger,CANDLE_DIRECTION_INDEX,2,1,compression,breakout_compression_release,TOBY_CRABEL_NARROW_RANGE,trigger,confirm,CANDLE_DIRECTION_INDEX,trigger,confirm,M5,"EURUSD,GBPUSD,USDJPY,XAUUSD",M5,83.54,probe_now,ok,0.0,4.0,2.381,3,,C:\repos\fuzzfolio-autoresearch\runs\derived\anchor-pair-timing-atlas\profiles\l3b-053-l3-027-toby-crabel-narrow-range-candle-direction-index-m5-tr-lb2.json,C:\repos\fuzzfolio-autoresearch\runs\derived\anchor-pair-timing-atlas\probe-results\l3b-053-l3-027-toby-crabel-narrow-range-candle-direction-index-m5-tr-lb2
54,l3b-054-l3-027-toby-crabel-narrow-range-candle-direction-index-m5-tr-lb3,54,l3b-054-l3-027-toby-crabel-narrow-range-candle-direction-index-m5-tr-lb3,27,l3-027-toby-crabel-narrow-range-candle-direction-index-m5,trigger,CANDLE_DIRECTION_INDEX,3,1,compression,breakout_compression_release,TOBY_CRABEL_NARROW_RANGE,trigger,confirm,CANDLE_DIRECTION_INDEX,trigger,confirm,M5,"EURUSD,GBPUSD,USDJPY,XAUUSD",M5,83.54,probe_now,ok,0.0,4.0,2.381,3,,C:\repos\fuzzfolio-autoresearch\runs\derived\anchor-pair-timing-atlas\profiles\l3b-054-l3-027-toby-crabel-narrow-range-candle-direction-index-m5-tr-lb3.json,C:\repos\fuzzfolio-autoresearch\runs\derived\anchor-pair-timing-atlas\probe-results\l3b-054-l3-027-toby-crabel-narrow-range-candle-direction-index-m5-tr-lb3
55,l3b-055-l3-028-toby-crabel-narrow-range-nvo-volume-impulse-m5-tr-lb2,55,l3b-055-l3-028-toby-crabel-narrow-range-nvo-volume-impulse-m5-tr-lb2,28,l3-028-toby-crabel-narrow-range-nvo-volume-impulse-m5,trigger,NVO_VOLUME_IMPULSE,2,1,compression,breakout_compression_release,TOBY_CRABEL_NARROW_RANGE,trigger,confirm,NVO_VOLUME_IMPULSE,trigger,confirm,M5,"EURUSD,GBPUSD,USDJPY,XAUUSD",M5,83.43,probe_now,ok,0.0,138.0,-0.0584,136,0.9607,C:\repos\fuzzfolio-autoresearch\runs\derived\anchor-pair-timing-atlas\profiles\l3b-055-l3-028-toby-crabel-narrow-range-nvo-volume-impulse-m5-tr-lb2.json,C:\repos\fuzzfolio-autoresearch\runs\derived\anchor-pair-timing-atlas\probe-results\l3b-055-l3-028-toby-crabel-narrow-range-nvo-volume-impulse-m5-tr-lb2
56,l3b-056-l3-028-toby-crabel-narrow-range-nvo-volume-impulse-m5-tr-lb3,56,l3b-056-l3-028-toby-crabel-narrow-range-nvo-volume-impulse-m5-tr-lb3,28,l3-028-toby-crabel-narrow-range-nvo-volume-impulse-m5,trigger,NVO_VOLUME_IMPULSE,3,1,compression,breakout_compression_release,TOBY_CRABEL_NARROW_RANGE,trigger,confirm,NVO_VOLUME_IMPULSE,trigger,confirm,M5,"EURUSD,GBPUSD,USDJPY,XAUUSD",M5,83.43,probe_now,ok,0.0,138.0,-0.0584,136,0.9607,C:\repos\fuzzfolio-autoresearch\runs\derived\anchor-pair-timing-atlas\profiles\l3b-056-l3-028-toby-crabel-narrow-range-nvo-volume-impulse-m5-tr-lb3.json,C:\repos\fuzzfolio-autoresearch\runs\derived\anchor-pair-timing-atlas\probe-results\l3b-056-l3-028-toby-crabel-narrow-range-nvo-volume-impulse-m5-tr-lb3
57,l3b-057-l3-029-rolling-volume-profile-context-channel-reentry-m5-tr-lb2,57,l3b-057-l3-029-rolling-volume-profile-context-channel-reentry-m5-tr-lb2,29,l3-029-rolling-volume-profile-context-channel-reentry-m5,trigger,CHANNEL_REENTRY,2,1,profile_value,profile_value_context,ROLLING_VOLUME_PROFILE_CONTEXT,filter,filter,CHANNEL_REENTRY,trigger,mean-reversion,M5,"EURUSD,GBPUSD,USDJPY,XAUUSD",M15,83.38,probe_now,ok,0.0,480.0,-0.0234,469,0.955,C:\repos\fuzzfolio-autoresearch\runs\derived\anchor-pair-timing-atlas\profiles\l3b-057-l3-029-rolling-volume-profile-context-channel-reentry-m5-tr-lb2.json,C:\repos\fuzzfolio-autoresearch\runs\derived\anchor-pair-timing-atlas\probe-results\l3b-057-l3-029-rolling-volume-profile-context-channel-reentry-m5-tr-lb2
58,l3b-058-l3-029-rolling-volume-profile-context-channel-reentry-m5-tr-lb3,58,l3b-058-l3-029-rolling-volume-profile-context-channel-reentry-m5-tr-lb3,29,l3-029-rolling-volume-profile-context-channel-reentry-m5,trigger,CHANNEL_REENTRY,3,1,profile_value,profile_value_context,ROLLING_VOLUME_PROFILE_CONTEXT,filter,filter,CHANNEL_REENTRY,trigger,mean-reversion,M5,"EURUSD,GBPUSD,USDJPY,XAUUSD",M15,83.38,probe_now,ok,0.0,480.0,-0.0234,469,0.955,C:\repos\fuzzfolio-autoresearch\runs\derived\anchor-pair-timing-atlas\profiles\l3b-058-l3-029-rolling-volume-profile-context-channel-reentry-m5-tr-lb3.json,C:\repos\fuzzfolio-autoresearch\runs\derived\anchor-pair-timing-atlas\probe-results\l3b-058-l3-029-rolling-volume-profile-context-channel-reentry-m5-tr-lb3
59,l3b-059-l3-030-bbands-position-mean-reversion-rsi-crossback-m5-tr-lb2,59,l3b-059-l3-030-bbands-position-mean-reversion-rsi-crossback-m5-tr-lb2,30,l3-030-bbands-position-mean-reversion-rsi-crossback-m5,trigger,RSI_CROSSBACK,2,1,mean_reversion,mean_reversion_reclaim,BBANDS_POSITION_MEAN_REVERSION,setup,mean-reversion,RSI_CROSSBACK,trigger,mean-reversion,M5,"EURUSD,GBPUSD,USDJPY,XAUUSD",M5,83.3,probe_now,ok,69.4983,136.0,0.2681,128,1.5094,C:\repos\fuzzfolio-autoresearch\runs\derived\anchor-pair-timing-atlas\profiles\l3b-059-l3-030-bbands-position-mean-reversion-rsi-crossback-m5-tr-lb2.json,C:\repos\fuzzfolio-autoresearch\runs\derived\anchor-pair-timing-atlas\probe-results\l3b-059-l3-030-bbands-position-mean-reversion-rsi-crossback-m5-tr-lb2
60,l3b-060-l3-030-bbands-position-mean-reversion-rsi-crossback-m5-tr-lb3,60,l3b-060-l3-030-bbands-position-mean-reversion-rsi-crossback-m5-tr-lb3,30,l3-030-bbands-position-mean-reversion-rsi-crossback-m5,trigger,RSI_CROSSBACK,3,1,mean_reversion,mean_reversion_reclaim,BBANDS_POSITION_MEAN_REVERSION,setup,mean-reversion,RSI_CROSSBACK,trigger,mean-reversion,M5,"EURUSD,GBPUSD,USDJPY,XAUUSD",M5,83.3,probe_now,ok,69.4983,136.0,0.2681,128,1.5094,C:\repos\fuzzfolio-autoresearch\runs\derived\anchor-pair-timing-atlas\profiles\l3b-060-l3-030-bbands-position-mean-reversion-rsi-crossback-m5-tr-lb3.json,C:\repos\fuzzfolio-autoresearch\runs\derived\anchor-pair-timing-atlas\probe-results\l3b-060-l3-030-bbands-position-mean-reversion-rsi-crossback-m5-tr-lb3
61,l3b-061-l3-031-rolling-volume-profile-context-pmo-crossover-m5-tr-lb1,61,l3b-061-l3-031-rolling-volume-profile-context-pmo-crossover-m5-tr-lb1,31,l3-031-rolling-volume-profile-context-pmo-crossover-m5,trigger,PMO_CROSSOVER,1,2,profile_value,profile_value_context,ROLLING_VOLUME_PROFILE_CONTEXT,filter,filter,PMO_CROSSOVER,trigger,confirm,M5,"EURUSD,GBPUSD,USDJPY,XAUUSD",M15,82.7,probe_now,ok,0.0,1360.0,-0.0858,1304,0.8748,C:\repos\fuzzfolio-autoresearch\runs\derived\anchor-pair-timing-atlas\profiles\l3b-061-l3-031-rolling-volume-profile-context-pmo-crossover-m5-tr-lb1.json,C:\repos\fuzzfolio-autoresearch\runs\derived\anchor-pair-timing-atlas\probe-results\l3b-061-l3-031-rolling-volume-profile-context-pmo-crossover-m5-tr-lb1
62,l3b-062-l3-031-rolling-volume-profile-context-pmo-crossover-m5-tr-lb3,62,l3b-062-l3-031-rolling-volume-profile-context-pmo-crossover-m5-tr-lb3,31,l3-031-rolling-volume-profile-context-pmo-crossover-m5,trigger,PMO_CROSSOVER,3,2,profile_value,profile_value_context,ROLLING_VOLUME_PROFILE_CONTEXT,filter,filter,PMO_CROSSOVER,trigger,confirm,M5,"EURUSD,GBPUSD,USDJPY,XAUUSD",M15,82.7,probe_now,ok,0.0,1360.0,-0.0858,1304,0.8748,C:\repos\fuzzfolio-autoresearch\runs\derived\anchor-pair-timing-atlas\profiles\l3b-062-l3-031-rolling-volume-profile-context-pmo-crossover-m5-tr-lb3.json,C:\repos\fuzzfolio-autoresearch\runs\derived\anchor-pair-timing-atlas\probe-results\l3b-062-l3-031-rolling-volume-profile-context-pmo-crossover-m5-tr-lb3
63,l3b-063-l3-032-rolling-volume-profile-context-toby-crabel-narrow-range-m5-tr-lb1,63,l3b-063-l3-032-rolling-volume-profile-context-toby-crabel-narrow-range-m5-tr-lb1,32,l3-032-rolling-volume-profile-context-toby-crabel-narrow-range-m5,trigger,TOBY_CRABEL_NARROW_RANGE,1,2,profile_value,profile_value_context,ROLLING_VOLUME_PROFILE_CONTEXT,filter,filter,TOBY_CRABEL_NARROW_RANGE,trigger,confirm,M5,"EURUSD,GBPUSD,USDJPY,XAUUSD",M15,82.25,probe_now,ok,0.0,1726.0,-0.0017,1651,1.0004,C:\repos\fuzzfolio-autoresearch\runs\derived\anchor-pair-timing-atlas\profiles\l3b-063-l3-032-rolling-volume-profile-context-toby-crabel-narrow-range-m5-tr-lb1.json,C:\repos\fuzzfolio-autoresearch\runs\derived\anchor-pair-timing-atlas\probe-results\l3b-063-l3-032-rolling-volume-profile-context-toby-crabel-narrow-range-m5-tr-lb1
64,l3b-064-l3-032-rolling-volume-profile-context-toby-crabel-narrow-range-m5-tr-lb3,64,l3b-064-l3-032-rolling-volume-profile-context-toby-crabel-narrow-range-m5-tr-lb3,32,l3-032-rolling-volume-profile-context-toby-crabel-narrow-range-m5,trigger,TOBY_CRABEL_NARROW_RANGE,3,2,profile_value,profile_value_context,ROLLING_VOLUME_PROFILE_CONTEXT,filter,filter,TOBY_CRABEL_NARROW_RANGE,trigger,confirm,M5,"EURUSD,GBPUSD,USDJPY,XAUUSD",M15,82.25,probe_now,ok,0.0,1726.0,-0.0017,1651,1.0004,C:\repos\fuzzfolio-autoresearch\runs\derived\anchor-pair-timing-atlas\profiles\l3b-064-l3-032-rolling-volume-profile-context-toby-crabel-narrow-range-m5-tr-lb3.json,C:\repos\fuzzfolio-autoresearch\runs\derived\anchor-pair-timing-atlas\probe-results\l3b-064-l3-032-rolling-volume-profile-context-toby-crabel-narrow-range-m5-tr-lb3
65,l3b-065-l3-033-rsi-mean-reversion-pmo-crossover-m5-tr-lb1,65,l3b-065-l3-033-rsi-mean-reversion-pmo-crossover-m5-tr-lb1,33,l3-033-rsi-mean-reversion-pmo-crossover-m5,trigger,PMO_CROSSOVER,1,2,mean_reversion,mean_reversion_reclaim,RSI_MEAN_REVERSION,setup,mean-reversion,PMO_CROSSOVER,trigger,confirm,M5,"EURUSD,GBPUSD,USDJPY,XAUUSD",M5,80.65,probe_now,ok,0.0,12.0,-0.1875,12,0.0,C:\repos\fuzzfolio-autoresearch\runs\derived\anchor-pair-timing-atlas\profiles\l3b-065-l3-033-rsi-mean-reversion-pmo-crossover-m5-tr-lb1.json,C:\repos\fuzzfolio-autoresearch\runs\derived\anchor-pair-timing-atlas\probe-results\l3b-065-l3-033-rsi-mean-reversion-pmo-crossover-m5-tr-lb1
66,l3b-066-l3-033-rsi-mean-reversion-pmo-crossover-m5-tr-lb3,66,l3b-066-l3-033-rsi-mean-reversion-pmo-crossover-m5-tr-lb3,33,l3-033-rsi-mean-reversion-pmo-crossover-m5,trigger,PMO_CROSSOVER,3,2,mean_reversion,mean_reversion_reclaim,RSI_MEAN_REVERSION,setup,mean-reversion,PMO_CROSSOVER,trigger,confirm,M5,"EURUSD,GBPUSD,USDJPY,XAUUSD",M5,80.65,probe_now,ok,0.0,12.0,-0.1875,12,0.0,C:\repos\fuzzfolio-autoresearch\runs\derived\anchor-pair-timing-atlas\profiles\l3b-066-l3-033-rsi-mean-reversion-pmo-crossover-m5-tr-lb3.json,C:\repos\fuzzfolio-autoresearch\runs\derived\anchor-pair-timing-atlas\probe-results\l3b-066-l3-033-rsi-mean-reversion-pmo-crossover-m5-tr-lb3
67,l3b-067-l3-034-rolling-volume-profile-context-market-mode-transition-m15-tr-lb1,67,l3b-067-l3-034-rolling-volume-profile-context-market-mode-transition-m15-tr-lb1,34,l3-034-rolling-volume-profile-context-market-mode-transition-m15,trigger,MARKET_MODE_TRANSITION,1,2,profile_value,profile_value_context,ROLLING_VOLUME_PROFILE_CONTEXT,filter,filter,MARKET_MODE_TRANSITION,trigger,confirm,M15,"EURUSD,GBPUSD,USDJPY,XAUUSD",M15,80.63,probe_now,ok,0.0,273.0,-0.0954,271,0.7722,C:\repos\fuzzfolio-autoresearch\runs\derived\anchor-pair-timing-atlas\profiles\l3b-067-l3-034-rolling-volume-profile-context-market-mode-transition-m15-tr-lb1.json,C:\repos\fuzzfolio-autoresearch\runs\derived\anchor-pair-timing-atlas\probe-results\l3b-067-l3-034-rolling-volume-profile-context-market-mode-transition-m15-tr-lb1
68,l3b-068-l3-034-rolling-volume-profile-context-market-mode-transition-m15-tr-lb3,68,l3b-068-l3-034-rolling-volume-profile-context-market-mode-transition-m15-tr-lb3,34,l3-034-rolling-volume-profile-context-market-mode-transition-m15,trigger,MARKET_MODE_TRANSITION,3,2,profile_value,profile_value_context,ROLLING_VOLUME_PROFILE_CONTEXT,filter,filter,MARKET_MODE_TRANSITION,trigger,confirm,M15,"EURUSD,GBPUSD,USDJPY,XAUUSD",M15,80.63,probe_now,ok,0.0,273.0,-0.0954,271,0.7722,C:\repos\fuzzfolio-autoresearch\runs\derived\anchor-pair-timing-atlas\profiles\l3b-068-l3-034-rolling-volume-profile-context-market-mode-transition-m15-tr-lb3.json,C:\repos\fuzzfolio-autoresearch\runs\derived\anchor-pair-timing-atlas\probe-results\l3b-068-l3-034-rolling-volume-profile-context-market-mode-transition-m15-tr-lb3
69,l3b-069-l3-035-rsi-mean-reversion-toby-crabel-narrow-range-m5-tr-lb1,69,l3b-069-l3-035-rsi-mean-reversion-toby-crabel-narrow-range-m5-tr-lb1,35,l3-035-rsi-mean-reversion-toby-crabel-narrow-range-m5,trigger,TOBY_CRABEL_NARROW_RANGE,1,2,mean_reversion,mean_reversion_reclaim,RSI_MEAN_REVERSION,setup,mean-reversion,TOBY_CRABEL_NARROW_RANGE,trigger,confirm,M5,"EURUSD,GBPUSD,USDJPY,XAUUSD",M5,80.2,probe_now,ok,73.3871,53.0,1.0446,53,2.7451,C:\repos\fuzzfolio-autoresearch\runs\derived\anchor-pair-timing-atlas\profiles\l3b-069-l3-035-rsi-mean-reversion-toby-crabel-narrow-range-m5-tr-lb1.json,C:\repos\fuzzfolio-autoresearch\runs\derived\anchor-pair-timing-atlas\probe-results\l3b-069-l3-035-rsi-mean-reversion-toby-crabel-narrow-range-m5-tr-lb1
70,l3b-070-l3-035-rsi-mean-reversion-toby-crabel-narrow-range-m5-tr-lb3,70,l3b-070-l3-035-rsi-mean-reversion-toby-crabel-narrow-range-m5-tr-lb3,35,l3-035-rsi-mean-reversion-toby-crabel-narrow-range-m5,trigger,TOBY_CRABEL_NARROW_RANGE,3,2,mean_reversion,mean_reversion_reclaim,RSI_MEAN_REVERSION,setup,mean-reversion,TOBY_CRABEL_NARROW_RANGE,trigger,confirm,M5,"EURUSD,GBPUSD,USDJPY,XAUUSD",M5,80.2,probe_now,ok,73.3871,53.0,1.0446,53,2.7451,C:\repos\fuzzfolio-autoresearch\runs\derived\anchor-pair-timing-atlas\profiles\l3b-070-l3-035-rsi-mean-reversion-toby-crabel-narrow-range-m5-tr-lb3.json,C:\repos\fuzzfolio-autoresearch\runs\derived\anchor-pair-timing-atlas\probe-results\l3b-070-l3-035-rsi-mean-reversion-toby-crabel-narrow-range-m5-tr-lb3
71,l3b-071-l3-036-rolling-volume-profile-context-ttf-dsl-transition-m15-tr-lb2,71,l3b-071-l3-036-rolling-volume-profile-context-ttf-dsl-transition-m15-tr-lb2,36,l3-036-rolling-volume-profile-context-ttf-dsl-transition-m15,trigger,TTF_DSL_TRANSITION,2,1,profile_value,profile_value_context,ROLLING_VOLUME_PROFILE_CONTEXT,filter,filter,TTF_DSL_TRANSITION,trigger,confirm,M15,"EURUSD,GBPUSD,USDJPY,XAUUSD",M15,80.19,probe_now,ok,0.0,148.0,0.0376,146,1.1161,C:\repos\fuzzfolio-autoresearch\runs\derived\anchor-pair-timing-atlas\profiles\l3b-071-l3-036-rolling-volume-profile-context-ttf-dsl-transition-m15-tr-lb2.json,C:\repos\fuzzfolio-autoresearch\runs\derived\anchor-pair-timing-atlas\probe-results\l3b-071-l3-036-rolling-volume-profile-context-ttf-dsl-transition-m15-tr-lb2
72,l3b-072-l3-036-rolling-volume-profile-context-ttf-dsl-transition-m15-tr-lb3,72,l3b-072-l3-036-rolling-volume-profile-context-ttf-dsl-transition-m15-tr-lb3,36,l3-036-rolling-volume-profile-context-ttf-dsl-transition-m15,trigger,TTF_DSL_TRANSITION,3,1,profile_value,profile_value_context,ROLLING_VOLUME_PROFILE_CONTEXT,filter,filter,TTF_DSL_TRANSITION,trigger,confirm,M15,"EURUSD,GBPUSD,USDJPY,XAUUSD",M15,80.19,probe_now,ok,0.0,148.0,0.0376,146,1.1161,C:\repos\fuzzfolio-autoresearch\runs\derived\anchor-pair-timing-atlas\profiles\l3b-072-l3-036-rolling-volume-profile-context-ttf-dsl-transition-m15-tr-lb3.json,C:\repos\fuzzfolio-autoresearch\runs\derived\anchor-pair-timing-atlas\probe-results\l3b-072-l3-036-rolling-volume-profile-context-ttf-dsl-transition-m15-tr-lb3
73,l3b-073-l3-037-rsi-mean-reversion-wick-rejection-m5-tr-lb2,73,l3b-073-l3-037-rsi-mean-reversion-wick-rejection-m5-tr-lb2,37,l3-037-rsi-mean-reversion-wick-rejection-m5,trigger,WICK_REJECTION,2,1,mean_reversion,mean_reversion_reclaim,RSI_MEAN_REVERSION,setup,mean-reversion,WICK_REJECTION,trigger,mean-reversion,M5,"EURUSD,GBPUSD,USDJPY,XAUUSD",M5,80.02,probe_now,ok,0.0,334.0,-0.0324,326,0.9703,C:\repos\fuzzfolio-autoresearch\runs\derived\anchor-pair-timing-atlas\profiles\l3b-073-l3-037-rsi-mean-reversion-wick-rejection-m5-tr-lb2.json,C:\repos\fuzzfolio-autoresearch\runs\derived\anchor-pair-timing-atlas\probe-results\l3b-073-l3-037-rsi-mean-reversion-wick-rejection-m5-tr-lb2
74,l3b-074-l3-037-rsi-mean-reversion-wick-rejection-m5-tr-lb3,74,l3b-074-l3-037-rsi-mean-reversion-wick-rejection-m5-tr-lb3,37,l3-037-rsi-mean-reversion-wick-rejection-m5,trigger,WICK_REJECTION,3,1,mean_reversion,mean_reversion_reclaim,RSI_MEAN_REVERSION,setup,mean-reversion,WICK_REJECTION,trigger,mean-reversion,M5,"EURUSD,GBPUSD,USDJPY,XAUUSD",M5,80.02,probe_now,ok,0.0,334.0,-0.0324,326,0.9703,C:\repos\fuzzfolio-autoresearch\runs\derived\anchor-pair-timing-atlas\profiles\l3b-074-l3-037-rsi-mean-reversion-wick-rejection-m5-tr-lb3.json,C:\repos\fuzzfolio-autoresearch\runs\derived\anchor-pair-timing-atlas\probe-results\l3b-074-l3-037-rsi-mean-reversion-wick-rejection-m5-tr-lb3
75,l3b-075-l3-038-bbands-position-mean-reversion-pmo-crossover-m5-tr-lb1,75,l3b-075-l3-038-bbands-position-mean-reversion-pmo-crossover-m5-tr-lb1,38,l3-038-bbands-position-mean-reversion-pmo-crossover-m5,trigger,PMO_CROSSOVER,1,2,mean_reversion,mean_reversion_reclaim,BBANDS_POSITION_MEAN_REVERSION,setup,mean-reversion,PMO_CROSSOVER,trigger,confirm,M5,"EURUSD,GBPUSD,USDJPY,XAUUSD",M5,79.88,probe_now,ok,64.4568,19.0,0.5098,19,2.3158,C:\repos\fuzzfolio-autoresearch\runs\derived\anchor-pair-timing-atlas\profiles\l3b-075-l3-038-bbands-position-mean-reversion-pmo-crossover-m5-tr-lb1.json,C:\repos\fuzzfolio-autoresearch\runs\derived\anchor-pair-timing-atlas\probe-results\l3b-075-l3-038-bbands-position-mean-reversion-pmo-crossover-m5-tr-lb1
76,l3b-076-l3-038-bbands-position-mean-reversion-pmo-crossover-m5-tr-lb3,76,l3b-076-l3-038-bbands-position-mean-reversion-pmo-crossover-m5-tr-lb3,38,l3-038-bbands-position-mean-reversion-pmo-crossover-m5,trigger,PMO_CROSSOVER,3,2,mean_reversion,mean_reversion_reclaim,BBANDS_POSITION_MEAN_REVERSION,setup,mean-reversion,PMO_CROSSOVER,trigger,confirm,M5,"EURUSD,GBPUSD,USDJPY,XAUUSD",M5,79.88,probe_now,ok,64.4568,19.0,0.5098,19,2.3158,C:\repos\fuzzfolio-autoresearch\runs\derived\anchor-pair-timing-atlas\profiles\l3b-076-l3-038-bbands-position-mean-reversion-pmo-crossover-m5-tr-lb3.json,C:\repos\fuzzfolio-autoresearch\runs\derived\anchor-pair-timing-atlas\probe-results\l3b-076-l3-038-bbands-position-mean-reversion-pmo-crossover-m5-tr-lb3
77,l3b-077-l3-039-bbands-position-mean-reversion-toby-crabel-narrow-range-m5-tr-lb1,77,l3b-077-l3-039-bbands-position-mean-reversion-toby-crabel-narrow-range-m5-tr-lb1,39,l3-039-bbands-position-mean-reversion-toby-crabel-narrow-range-m5,trigger,TOBY_CRABEL_NARROW_RANGE,1,2,mean_reversion,mean_reversion_reclaim,BBANDS_POSITION_MEAN_REVERSION,setup,mean-reversion,TOBY_CRABEL_NARROW_RANGE,trigger,confirm,M5,"EURUSD,GBPUSD,USDJPY,XAUUSD",M5,79.44,probe_now,ok,0.0,159.0,0.1095,155,1.1675,C:\repos\fuzzfolio-autoresearch\runs\derived\anchor-pair-timing-atlas\profiles\l3b-077-l3-039-bbands-position-mean-reversion-toby-crabel-narrow-range-m5-tr-lb1.json,C:\repos\fuzzfolio-autoresearch\runs\derived\anchor-pair-timing-atlas\probe-results\l3b-077-l3-039-bbands-position-mean-reversion-toby-crabel-narrow-range-m5-tr-lb1
78,l3b-078-l3-039-bbands-position-mean-reversion-toby-crabel-narrow-range-m5-tr-lb3,78,l3b-078-l3-039-bbands-position-mean-reversion-toby-crabel-narrow-range-m5-tr-lb3,39,l3-039-bbands-position-mean-reversion-toby-crabel-narrow-range-m5,trigger,TOBY_CRABEL_NARROW_RANGE,3,2,mean_reversion,mean_reversion_reclaim,BBANDS_POSITION_MEAN_REVERSION,setup,mean-reversion,TOBY_CRABEL_NARROW_RANGE,trigger,confirm,M5,"EURUSD,GBPUSD,USDJPY,XAUUSD",M5,79.44,probe_now,ok,0.0,159.0,0.1095,155,1.1675,C:\repos\fuzzfolio-autoresearch\runs\derived\anchor-pair-timing-atlas\profiles\l3b-078-l3-039-bbands-position-mean-reversion-toby-crabel-narrow-range-m5-tr-lb3.json,C:\repos\fuzzfolio-autoresearch\runs\derived\anchor-pair-timing-atlas\probe-results\l3b-078-l3-039-bbands-position-mean-reversion-toby-crabel-narrow-range-m5-tr-lb3
79,l3b-079-l3-040-rsi-mean-reversion-ma-crossover-m15-tr-lb2,79,l3b-079-l3-040-rsi-mean-reversion-ma-crossover-m15-tr-lb2,40,l3-040-rsi-mean-reversion-ma-crossover-m15,trigger,MA_CROSSOVER,2,1,mean_reversion,mean_reversion_reclaim,RSI_MEAN_REVERSION,setup,mean-reversion,MA_CROSSOVER,trigger,,M15,"EURUSD,GBPUSD,USDJPY,XAUUSD",M15,79.41,probe_now,ok,0.0,11.0,-0.1893,11,1.5114,C:\repos\fuzzfolio-autoresearch\runs\derived\anchor-pair-timing-atlas\profiles\l3b-079-l3-040-rsi-mean-reversion-ma-crossover-m15-tr-lb2.json,C:\repos\fuzzfolio-autoresearch\runs\derived\anchor-pair-timing-atlas\probe-results\l3b-079-l3-040-rsi-mean-reversion-ma-crossover-m15-tr-lb2
80,l3b-080-l3-040-rsi-mean-reversion-ma-crossover-m15-tr-lb3,80,l3b-080-l3-040-rsi-mean-reversion-ma-crossover-m15-tr-lb3,40,l3-040-rsi-mean-reversion-ma-crossover-m15,trigger,MA_CROSSOVER,3,1,mean_reversion,mean_reversion_reclaim,RSI_MEAN_REVERSION,setup,mean-reversion,MA_CROSSOVER,trigger,,M15,"EURUSD,GBPUSD,USDJPY,XAUUSD",M15,79.41,probe_now,ok,0.0,11.0,-0.1893,11,1.5114,C:\repos\fuzzfolio-autoresearch\runs\derived\anchor-pair-timing-atlas\profiles\l3b-080-l3-040-rsi-mean-reversion-ma-crossover-m15-tr-lb3.json,C:\repos\fuzzfolio-autoresearch\runs\derived\anchor-pair-timing-atlas\probe-results\l3b-080-l3-040-rsi-mean-reversion-ma-crossover-m15-tr-lb3
81,l3b-081-l3-041-rolling-volume-profile-context-channel-reentry-m15-tr-lb2,81,l3b-081-l3-041-rolling-volume-profile-context-channel-reentry-m15-tr-lb2,41,l3-041-rolling-volume-profile-context-channel-reentry-m15,trigger,CHANNEL_REENTRY,2,1,profile_value,profile_value_context,ROLLING_VOLUME_PROFILE_CONTEXT,filter,filter,CHANNEL_REENTRY,trigger,mean-reversion,M15,"EURUSD,GBPUSD,USDJPY,XAUUSD",M15,79.38,probe_now,ok,0.0,108.0,-0.0417,104,0.9722,C:\repos\fuzzfolio-autoresearch\runs\derived\anchor-pair-timing-atlas\profiles\l3b-081-l3-041-rolling-volume-profile-context-channel-reentry-m15-tr-lb2.json,C:\repos\fuzzfolio-autoresearch\runs\derived\anchor-pair-timing-atlas\probe-results\l3b-081-l3-041-rolling-volume-profile-context-channel-reentry-m15-tr-lb2
82,l3b-082-l3-041-rolling-volume-profile-context-channel-reentry-m15-tr-lb3,82,l3b-082-l3-041-rolling-volume-profile-context-channel-reentry-m15-tr-lb3,41,l3-041-rolling-volume-profile-context-channel-reentry-m15,trigger,CHANNEL_REENTRY,3,1,profile_value,profile_value_context,ROLLING_VOLUME_PROFILE_CONTEXT,filter,filter,CHANNEL_REENTRY,trigger,mean-reversion,M15,"EURUSD,GBPUSD,USDJPY,XAUUSD",M15,79.38,probe_now,ok,0.0,108.0,-0.0417,104,0.9722,C:\repos\fuzzfolio-autoresearch\runs\derived\anchor-pair-timing-atlas\profiles\l3b-082-l3-041-rolling-volume-profile-context-channel-reentry-m15-tr-lb3.json,C:\repos\fuzzfolio-autoresearch\runs\derived\anchor-pair-timing-atlas\probe-results\l3b-082-l3-041-rolling-volume-profile-context-channel-reentry-m15-tr-lb3
83,l3b-083-l3-042-bbands-position-mean-reversion-rsi-crossback-m15-tr-lb2,83,l3b-083-l3-042-bbands-position-mean-reversion-rsi-crossback-m15-tr-lb2,42,l3-042-bbands-position-mean-reversion-rsi-crossback-m15,trigger,RSI_CROSSBACK,2,1,mean_reversion,mean_reversion_reclaim,BBANDS_POSITION_MEAN_REVERSION,setup,mean-reversion,RSI_CROSSBACK,trigger,mean-reversion,M15,"EURUSD,GBPUSD,USDJPY,XAUUSD",M15,79.3,probe_now,ok,64.5931,52.0,0.325,52,1.576,C:\repos\fuzzfolio-autoresearch\runs\derived\anchor-pair-timing-atlas\profiles\l3b-083-l3-042-bbands-position-mean-reversion-rsi-crossback-m15-tr-lb2.json,C:\repos\fuzzfolio-autoresearch\runs\derived\anchor-pair-timing-atlas\probe-results\l3b-083-l3-042-bbands-position-mean-reversion-rsi-crossback-m15-tr-lb2
84,l3b-084-l3-042-bbands-position-mean-reversion-rsi-crossback-m15-tr-lb3,84,l3b-084-l3-042-bbands-position-mean-reversion-rsi-crossback-m15-tr-lb3,42,l3-042-bbands-position-mean-reversion-rsi-crossback-m15,trigger,RSI_CROSSBACK,3,1,mean_reversion,mean_reversion_reclaim,BBANDS_POSITION_MEAN_REVERSION,setup,mean-reversion,RSI_CROSSBACK,trigger,mean-reversion,M15,"EURUSD,GBPUSD,USDJPY,XAUUSD",M15,79.3,probe_now,ok,64.5931,52.0,0.325,52,1.576,C:\repos\fuzzfolio-autoresearch\runs\derived\anchor-pair-timing-atlas\profiles\l3b-084-l3-042-bbands-position-mean-reversion-rsi-crossback-m15-tr-lb3.json,C:\repos\fuzzfolio-autoresearch\runs\derived\anchor-pair-timing-atlas\probe-results\l3b-084-l3-042-bbands-position-mean-reversion-rsi-crossback-m15-tr-lb3
85,l3b-085-l3-043-rolling-volume-profile-context-pmo-crossover-m15-tr-lb1,85,l3b-085-l3-043-rolling-volume-profile-context-pmo-crossover-m15-tr-lb1,43,l3-043-rolling-volume-profile-context-pmo-crossover-m15,trigger,PMO_CROSSOVER,1,2,profile_value,profile_value_context,ROLLING_VOLUME_PROFILE_CONTEXT,filter,filter,PMO_CROSSOVER,trigger,confirm,M15,"EURUSD,GBPUSD,USDJPY,XAUUSD",M15,78.7,probe_now,ok,0.0,416.0,-0.0475,397,0.927,C:\repos\fuzzfolio-autoresearch\runs\derived\anchor-pair-timing-atlas\profiles\l3b-085-l3-043-rolling-volume-profile-context-pmo-crossover-m15-tr-lb1.json,C:\repos\fuzzfolio-autoresearch\runs\derived\anchor-pair-timing-atlas\probe-results\l3b-085-l3-043-rolling-volume-profile-context-pmo-crossover-m15-tr-lb1
86,l3b-086-l3-043-rolling-volume-profile-context-pmo-crossover-m15-tr-lb3,86,l3b-086-l3-043-rolling-volume-profile-context-pmo-crossover-m15-tr-lb3,43,l3-043-rolling-volume-profile-context-pmo-crossover-m15,trigger,PMO_CROSSOVER,3,2,profile_value,profile_value_context,ROLLING_VOLUME_PROFILE_CONTEXT,filter,filter,PMO_CROSSOVER,trigger,confirm,M15,"EURUSD,GBPUSD,USDJPY,XAUUSD",M15,78.7,probe_now,ok,0.0,416.0,-0.0475,397,0.927,C:\repos\fuzzfolio-autoresearch\runs\derived\anchor-pair-timing-atlas\profiles\l3b-086-l3-043-rolling-volume-profile-context-pmo-crossover-m15-tr-lb3.json,C:\repos\fuzzfolio-autoresearch\runs\derived\anchor-pair-timing-atlas\probe-results\l3b-086-l3-043-rolling-volume-profile-context-pmo-crossover-m15-tr-lb3
87,l3b-087-l3-044-rolling-volume-profile-context-ma-crossover-m15-tr-lb2,87,l3b-087-l3-044-rolling-volume-profile-context-ma-crossover-m15-tr-lb2,44,l3-044-rolling-volume-profile-context-ma-crossover-m15,trigger,MA_CROSSOVER,2,1,profile_value,profile_value_context,ROLLING_VOLUME_PROFILE_CONTEXT,filter,filter,MA_CROSSOVER,trigger,,M15,"EURUSD,GBPUSD,USDJPY,XAUUSD",M15,78.26,probe_now,ok,0.0,195.0,0.0147,191,1.0961,C:\repos\fuzzfolio-autoresearch\runs\derived\anchor-pair-timing-atlas\profiles\l3b-087-l3-044-rolling-volume-profile-context-ma-crossover-m15-tr-lb2.json,C:\repos\fuzzfolio-autoresearch\runs\derived\anchor-pair-timing-atlas\probe-results\l3b-087-l3-044-rolling-volume-profile-context-ma-crossover-m15-tr-lb2
88,l3b-088-l3-044-rolling-volume-profile-context-ma-crossover-m15-tr-lb3,88,l3b-088-l3-044-rolling-volume-profile-context-ma-crossover-m15-tr-lb3,44,l3-044-rolling-volume-profile-context-ma-crossover-m15,trigger,MA_CROSSOVER,3,1,profile_value,profile_value_context,ROLLING_VOLUME_PROFILE_CONTEXT,filter,filter,MA_CROSSOVER,trigger,,M15,"EURUSD,GBPUSD,USDJPY,XAUUSD",M15,78.26,probe_now,ok,0.0,195.0,0.0147,191,1.0961,C:\repos\fuzzfolio-autoresearch\runs\derived\anchor-pair-timing-atlas\profiles\l3b-088-l3-044-rolling-volume-profile-context-ma-crossover-m15-tr-lb3.json,C:\repos\fuzzfolio-autoresearch\runs\derived\anchor-pair-timing-atlas\probe-results\l3b-088-l3-044-rolling-volume-profile-context-ma-crossover-m15-tr-lb3
89,l3b-089-l3-045-rolling-volume-profile-context-wavetrend-crossover-m15-tr-lb1,89,l3b-089-l3-045-rolling-volume-profile-context-wavetrend-crossover-m15-tr-lb1,45,l3-045-rolling-volume-profile-context-wavetrend-crossover-m15,trigger,WAVETREND_CROSSOVER,1,2,profile_value,profile_value_context,ROLLING_VOLUME_PROFILE_CONTEXT,filter,filter,WAVETREND_CROSSOVER,trigger,confirm,M15,"EURUSD,GBPUSD,USDJPY,XAUUSD",M15,78.26,probe_now,ok,0.0,24.0,0.1979,24,0.4014,C:\repos\fuzzfolio-autoresearch\runs\derived\anchor-pair-timing-atlas\profiles\l3b-089-l3-045-rolling-volume-profile-context-wavetrend-crossover-m15-tr-lb1.json,C:\repos\fuzzfolio-autoresearch\runs\derived\anchor-pair-timing-atlas\probe-results\l3b-089-l3-045-rolling-volume-profile-context-wavetrend-crossover-m15-tr-lb1
90,l3b-090-l3-045-rolling-volume-profile-context-wavetrend-crossover-m15-tr-lb3,90,l3b-090-l3-045-rolling-volume-profile-context-wavetrend-crossover-m15-tr-lb3,45,l3-045-rolling-volume-profile-context-wavetrend-crossover-m15,trigger,WAVETREND_CROSSOVER,3,2,profile_value,profile_value_context,ROLLING_VOLUME_PROFILE_CONTEXT,filter,filter,WAVETREND_CROSSOVER,trigger,confirm,M15,"EURUSD,GBPUSD,USDJPY,XAUUSD",M15,78.26,probe_now,ok,0.0,24.0,0.1979,24,0.4014,C:\repos\fuzzfolio-autoresearch\runs\derived\anchor-pair-timing-atlas\profiles\l3b-090-l3-045-rolling-volume-profile-context-wavetrend-crossover-m15-tr-lb3.json,C:\repos\fuzzfolio-autoresearch\runs\derived\anchor-pair-timing-atlas\probe-results\l3b-090-l3-045-rolling-volume-profile-context-wavetrend-crossover-m15-tr-lb3
91,l3b-091-l3-046-rolling-volume-profile-context-toby-crabel-narrow-range-m15-tr-lb1,91,l3b-091-l3-046-rolling-volume-profile-context-toby-crabel-narrow-range-m15-tr-lb1,46,l3-046-rolling-volume-profile-context-toby-crabel-narrow-range-m15,trigger,TOBY_CRABEL_NARROW_RANGE,1,2,profile_value,profile_value_context,ROLLING_VOLUME_PROFILE_CONTEXT,filter,filter,TOBY_CRABEL_NARROW_RANGE,trigger,confirm,M15,"EURUSD,GBPUSD,USDJPY,XAUUSD",M15,78.25,probe_now,ok,0.0,716.0,-0.0394,706,0.939,C:\repos\fuzzfolio-autoresearch\runs\derived\anchor-pair-timing-atlas\profiles\l3b-091-l3-046-rolling-volume-profile-context-toby-crabel-narrow-range-m15-tr-lb1.json,C:\repos\fuzzfolio-autoresearch\runs\derived\anchor-pair-timing-atlas\probe-results\l3b-091-l3-046-rolling-volume-profile-context-toby-crabel-narrow-range-m15-tr-lb1
92,l3b-092-l3-046-rolling-volume-profile-context-toby-crabel-narrow-range-m15-tr-lb3,92,l3b-092-l3-046-rolling-volume-profile-context-toby-crabel-narrow-range-m15-tr-lb3,46,l3-046-rolling-volume-profile-context-toby-crabel-narrow-range-m15,trigger,TOBY_CRABEL_NARROW_RANGE,3,2,profile_value,profile_value_context,ROLLING_VOLUME_PROFILE_CONTEXT,filter,filter,TOBY_CRABEL_NARROW_RANGE,trigger,confirm,M15,"EURUSD,GBPUSD,USDJPY,XAUUSD",M15,78.25,probe_now,ok,0.0,716.0,-0.0394,706,0.939,C:\repos\fuzzfolio-autoresearch\runs\derived\anchor-pair-timing-atlas\profiles\l3b-092-l3-046-rolling-volume-profile-context-toby-crabel-narrow-range-m15-tr-lb3.json,C:\repos\fuzzfolio-autoresearch\runs\derived\anchor-pair-timing-atlas\probe-results\l3b-092-l3-046-rolling-volume-profile-context-toby-crabel-narrow-range-m15-tr-lb3
93,l3b-093-l3-047-rolling-volume-profile-context-rsi-crossback-m5-tr-lb2,93,l3b-093-l3-047-rolling-volume-profile-context-rsi-crossback-m5-tr-lb2,47,l3-047-rolling-volume-profile-context-rsi-crossback-m5,trigger,RSI_CROSSBACK,2,1,profile_value,profile_value_context,ROLLING_VOLUME_PROFILE_CONTEXT,filter,filter,RSI_CROSSBACK,trigger,mean-reversion,M5,"EURUSD,GBPUSD,USDJPY,XAUUSD",M15,78.12,probe_now,ok,0.0,90.0,-0.0372,90,0.9806,C:\repos\fuzzfolio-autoresearch\runs\derived\anchor-pair-timing-atlas\profiles\l3b-093-l3-047-rolling-volume-profile-context-rsi-crossback-m5-tr-lb2.json,C:\repos\fuzzfolio-autoresearch\runs\derived\anchor-pair-timing-atlas\probe-results\l3b-093-l3-047-rolling-volume-profile-context-rsi-crossback-m5-tr-lb2
94,l3b-094-l3-047-rolling-volume-profile-context-rsi-crossback-m5-tr-lb3,94,l3b-094-l3-047-rolling-volume-profile-context-rsi-crossback-m5-tr-lb3,47,l3-047-rolling-volume-profile-context-rsi-crossback-m5,trigger,RSI_CROSSBACK,3,1,profile_value,profile_value_context,ROLLING_VOLUME_PROFILE_CONTEXT,filter,filter,RSI_CROSSBACK,trigger,mean-reversion,M5,"EURUSD,GBPUSD,USDJPY,XAUUSD",M15,78.12,probe_now,ok,0.0,90.0,-0.0372,90,0.9806,C:\repos\fuzzfolio-autoresearch\runs\derived\anchor-pair-timing-atlas\profiles\l3b-094-l3-047-rolling-volume-profile-context-rsi-crossback-m5-tr-lb3.json,C:\repos\fuzzfolio-autoresearch\runs\derived\anchor-pair-timing-atlas\probe-results\l3b-094-l3-047-rolling-volume-profile-context-rsi-crossback-m5-tr-lb3
95,l3b-095-l3-048-rolling-volume-profile-context-key-reversal-signal-m15-tr-lb2,95,l3b-095-l3-048-rolling-volume-profile-context-key-reversal-signal-m15-tr-lb2,48,l3-048-rolling-volume-profile-context-key-reversal-signal-m15,trigger,KEY_REVERSAL_SIGNAL,2,1,profile_value,profile_value_context,ROLLING_VOLUME_PROFILE_CONTEXT,filter,filter,KEY_REVERSAL_SIGNAL,trigger,confirm,M15,"EURUSD,GBPUSD,USDJPY,XAUUSD",M15,77.92,probe_now,ok,0.0,260.0,-0.0674,252,0.8095,C:\repos\fuzzfolio-autoresearch\runs\derived\anchor-pair-timing-atlas\profiles\l3b-095-l3-048-rolling-volume-profile-context-key-reversal-signal-m15-tr-lb2.json,C:\repos\fuzzfolio-autoresearch\runs\derived\anchor-pair-timing-atlas\probe-results\l3b-095-l3-048-rolling-volume-profile-context-key-reversal-signal-m15-tr-lb2
96,l3b-096-l3-048-rolling-volume-profile-context-key-reversal-signal-m15-tr-lb3,96,l3b-096-l3-048-rolling-volume-profile-context-key-reversal-signal-m15-tr-lb3,48,l3-048-rolling-volume-profile-context-key-reversal-signal-m15,trigger,KEY_REVERSAL_SIGNAL,3,1,profile_value,profile_value_context,ROLLING_VOLUME_PROFILE_CONTEXT,filter,filter,KEY_REVERSAL_SIGNAL,trigger,confirm,M15,"EURUSD,GBPUSD,USDJPY,XAUUSD",M15,77.92,probe_now,ok,0.0,260.0,-0.0674,252,0.8095,C:\repos\fuzzfolio-autoresearch\runs\derived\anchor-pair-timing-atlas\profiles\l3b-096-l3-048-rolling-volume-profile-context-key-reversal-signal-m15-tr-lb3.json,C:\repos\fuzzfolio-autoresearch\runs\derived\anchor-pair-timing-atlas\probe-results\l3b-096-l3-048-rolling-volume-profile-context-key-reversal-signal-m15-tr-lb3
