score,legacy_quality_score,score_delta_vs_legacy,reward_landed,reward_best,stop_landed,trade_count,trades_per_month,max_drawdown_r,max_consecutive_losses,path_win_rate,proof,edge,ride,stability,viability,positive_cell_ratio,bars_per_signal,max_signal_run,trigger_indicator_count,indicator_ids,lookbacks,flags,run_id,candidate_name,artifact_dir,profile_path
86.8414,79.2655,7.5759,12.0,10.5,0.04,69.0,1.9198664440734559,1.3866,15.0,0.3623,0.975006,0.983244,0.582045,0.914969,0.967391,0.9984,3170.5942,3.0,1.0,MFI_MEAN_REVERSION|STOCHF_MEAN_REVERSION|RSI_CROSSBACK,1|1|1,high_r_10_plus|r_12_plus|tiny_stop_le_0_06|low_cadence_lt_2pm,20260430T234454261065Z-agentic-c237af,eval_det8_top_20260501T000834257404Z,C:\repos\fuzzfolio-autoresearch\runs\20260430T234454261065Z-agentic-c237af\evals\eval_det8_top_20260501T000834257404Z,C:\repos\fuzzfolio-autoresearch\runs\20260430T234454261065Z-agentic-c237af\profiles\det8_top.json
86.4779,76.3632,10.1147,12.0,12.0,0.04,53.0,1.4746800222593213,1.3589,11.0,0.3019,0.950397,0.971679,0.643438,0.895133,0.909294,0.9808,4128.4151,3.0,1.0,MFI_MEAN_REVERSION|STOCHF_MEAN_REVERSION|RSI_CROSSBACK,1|1|1,high_r_10_plus|r_12_plus|tiny_stop_le_0_06|low_cadence_lt_2pm,20260430T234454261065Z-agentic-c237af,eval_usdjpy_check_20260501T002108126609Z,C:\repos\fuzzfolio-autoresearch\runs\20260430T234454261065Z-agentic-c237af\evals\eval_usdjpy_check_20260501T002108126609Z,C:\repos\fuzzfolio-autoresearch\runs\20260430T234454261065Z-agentic-c237af\profiles\usdjpy_check.json
85.7947,79.0669,6.7278,9.0,10.0,0.04,80.0,2.2259321090706736,0.868,10.0,0.2375,0.984306,0.880449,0.606667,0.894592,0.988307,0.5456,2734.475,2.0,1.0,ATR_VOLATILITY_FILTER|CHAIKIN_AD_MEAN_REVERSION|OBV_TREND|WICK_REJECTION,1|1|1|1,tiny_stop_le_0_06,20260501T002657136119Z-agentic-5fc358,eval_cand8_gbpusd_20260501T003801381982Z,C:\repos\fuzzfolio-autoresearch\runs\20260501T002657136119Z-agentic-5fc358\evals\eval_cand8_gbpusd_20260501T003801381982Z,C:\repos\fuzzfolio-autoresearch\runs\20260501T002657136119Z-agentic-5fc358\profiles\cand8_gbpusd.json
83.5863,66.7419,16.8444,3.0,5.0,0.12,31.0,0.862548692264886,1.0547,7.0,0.4194,0.867686,0.920505,0.661338,0.928475,0.83194,0.4224,21172.0,5.0,1.0,ADX|CANDLESTICK_PATTERNS|PLUS_DI_TREND|MA_DISTANCE_MEAN_REVERSION,1|1|1|1,thin_sample_lt_36|low_cadence_lt_2pm,20260430T233710259953Z-agentic-a5d75f,eval_cand10_20260501T000138136363Z,C:\repos\fuzzfolio-autoresearch\runs\20260430T233710259953Z-agentic-a5d75f\evals\eval_cand10_20260501T000138136363Z,C:\repos\fuzzfolio-autoresearch\runs\20260430T233710259953Z-agentic-a5d75f\profiles\cand10.json
81.8563,75.7221,6.1342,11.0,12.5,0.04,69.0,1.9198664440734559,1.2193,23.0,0.2899,0.975006,0.969953,0.51085,0.795488,0.956258,0.5424,3170.4058,4.0,1.0,MFI_MEAN_REVERSION|STOCHF_MEAN_REVERSION|RSI_CROSSBACK,1|1|1,high_r_10_plus|tiny_stop_le_0_06|low_cadence_lt_2pm|loss_streak_20_plus,20260430T234454261065Z-agentic-c237af,eval_gbpusd_eurusd_family_20260501T001605426759Z,C:\repos\fuzzfolio-autoresearch\runs\20260430T234454261065Z-agentic-c237af\evals\eval_gbpusd_eurusd_family_20260501T001605426759Z,C:\repos\fuzzfolio-autoresearch\runs\20260430T234454261065Z-agentic-c237af\profiles\gbpusd_eurusd_family.json
81.8008,65.0138,16.787,12.0,12.5,0.3,21.0,0.5843071786310517,0.9776,7.0,0.2857,0.785537,0.967796,0.679958,0.9228,0.7678,0.9808,10416.9524,1.0,1.0,MFI_MEAN_REVERSION|STOCHF_MEAN_REVERSION|RSI_CROSSBACK,1|1|1,high_r_10_plus|r_12_plus|thin_sample_lt_36|low_cadence_lt_2pm,20260430T234454261065Z-agentic-c237af,eval_cross_pair1_20260501T000402198577Z,C:\repos\fuzzfolio-autoresearch\runs\20260430T234454261065Z-agentic-c237af\evals\eval_cross_pair1_20260501T000402198577Z,C:\repos\fuzzfolio-autoresearch\runs\20260430T234454261065Z-agentic-c237af\profiles\cross_pair1.json
81.4874,78.6117,2.8757,12.0,10.5,0.08,110.0,3.060656649972176,2.0775,22.0,0.2,0.995542,0.828438,0.479257,0.93046,0.976934,0.8896,1988.8273,3.0,1.0,ULTOSC_TREND|MA_SPREAD_MEAN_REVERSION|WICK_REJECTION,1|1|1,high_r_10_plus|r_12_plus|loss_streak_20_plus,20260430T230050390397Z-agentic-7e9992,eval_sw_cand20_top_20260430T232355262206Z,C:\repos\fuzzfolio-autoresearch\runs\20260430T230050390397Z-agentic-7e9992\evals\eval_sw_cand20_top_20260430T232355262206Z,C:\repos\fuzzfolio-autoresearch\runs\20260430T230050390397Z-agentic-7e9992\profiles\sw_cand20_top.json
80.584,72.4406,8.1434,12.0,11.5,0.22,50.0,1.391207568169171,1.9286,21.0,0.24,0.943494,0.917267,0.444333,0.962341,0.918272,0.7808,4375.42,1.0,1.0,MACD_CROSSOVER|MA_SLOPE_TREND,1|1,high_r_10_plus|r_12_plus|low_cadence_lt_2pm|loss_streak_20_plus|weak_ride_lt_45,20260501T004246401500Z-agentic-1b8fa5,eval_cand_hybrid1_20260501T010754881304Z,C:\repos\fuzzfolio-autoresearch\runs\20260501T004246401500Z-agentic-1b8fa5\evals\eval_cand_hybrid1_20260501T010754881304Z,C:\repos\fuzzfolio-autoresearch\runs\20260501T004246401500Z-agentic-1b8fa5\profiles\cand_hybrid1.json
80.584,72.4406,8.1434,12.0,11.5,0.22,50.0,1.391207568169171,1.9286,21.0,0.24,0.943494,0.917267,0.444333,0.962341,0.918272,0.7808,4375.36,1.0,1.0,MACD_CROSSOVER|MA_SLOPE_TREND,1|1,high_r_10_plus|r_12_plus|low_cadence_lt_2pm|loss_streak_20_plus|weak_ride_lt_45,20260501T004246401500Z-agentic-1b8fa5,eval_cand7_20260501T005220878228Z,C:\repos\fuzzfolio-autoresearch\runs\20260501T004246401500Z-agentic-1b8fa5\evals\eval_cand7_20260501T005220878228Z,C:\repos\fuzzfolio-autoresearch\runs\20260501T004246401500Z-agentic-1b8fa5\profiles\cand7.json
80.2574,63.8503,16.4071,12.0,12.5,0.08,20.0,0.5564830272676684,0.8591,7.0,0.25,0.774342,0.943011,0.669367,0.895133,0.761071,0.9744,10938.55,1.0,1.0,MFI_MEAN_REVERSION|STOCHF_MEAN_REVERSION|RSI_CROSSBACK,1|1|1,high_r_10_plus|r_12_plus|thin_sample_lt_36|low_cadence_lt_2pm,20260430T234454261065Z-agentic-c237af,eval_evo3_top_20260430T235651683192Z,C:\repos\fuzzfolio-autoresearch\runs\20260430T234454261065Z-agentic-c237af\evals\eval_evo3_top_20260430T235651683192Z,C:\repos\fuzzfolio-autoresearch\runs\20260430T234454261065Z-agentic-c237af\profiles\evo3_top.json
80.0245,70.6417,9.3828,10.0,10.0,0.2,67.0,1.864218141346689,1.8132,16.0,0.1642,0.964348,0.707959,0.50218,0.97367,0.983112,0.648,3265.209,1.0,2.0,CCI_MEAN_REVERSION|OBV_TREND|STOCHRSI_CROSSBACK|CHANNEL_REENTRY,1|1|1|1,high_r_10_plus|low_cadence_lt_2pm|win_rate_lt_20,20260430T234537381907Z-agentic-ae53b3,eval_cand1_20260430T234555580399Z,C:\repos\fuzzfolio-autoresearch\runs\20260430T234537381907Z-agentic-ae53b3\evals\eval_cand1_20260430T234555580399Z,C:\repos\fuzzfolio-autoresearch\runs\20260430T234537381907Z-agentic-ae53b3\profiles\cand1.json
79.8647,79.442,0.4227,7.5,8.0,0.04,132.0,3.6727879799666114,0.9149,16.0,0.1894,0.998221,0.680867,0.518281,0.922577,0.999812,0.4544,1656.1591,1.0,1.0,AROON_TREND|PLUS_DI_TREND|MA_SLOPE_TREND|STOCHRSI_CROSSBACK,1|1|1|1,tiny_stop_le_0_06|win_rate_lt_20,20260430T234537381907Z-agentic-ae53b3,eval_leader_nzdusd_check_20260501T003413868215Z,C:\repos\fuzzfolio-autoresearch\runs\20260430T234537381907Z-agentic-ae53b3\evals\eval_leader_nzdusd_check_20260501T003413868215Z,C:\repos\fuzzfolio-autoresearch\runs\20260430T234537381907Z-agentic-ae53b3\profiles\sw13_top.json
79.8425,73.2908,6.5517,12.0,12.5,0.18,73.0,2.0311630495269895,1.4962,17.0,0.1507,0.978905,0.764452,0.467999,0.926652,0.999812,0.4992,2956.8378,1.0,1.0,OBV_MEAN_REVERSION|STOCH_TREND|PRICE_RECLAIM_MA,1|1|1,high_r_10_plus|r_12_plus|win_rate_lt_20,20260501T002420700291Z-agentic-d2a90e,eval_cand18_20260501T004639700714Z,C:\repos\fuzzfolio-autoresearch\runs\20260501T002420700291Z-agentic-d2a90e\evals\eval_cand18_20260501T004639700714Z,C:\repos\fuzzfolio-autoresearch\runs\20260501T002420700291Z-agentic-d2a90e\profiles\cand18.json
79.7531,76.553,3.2001,11.0,12.5,0.1,106.0,2.9493600445186425,2.5597,18.0,0.1698,0.99473,0.815145,0.432566,0.936866,0.981903,0.8464,4127.6321,3.0,1.0,ADX|CANDLESTICK_PATTERNS|AROON_TREND|MA_DISTANCE_MEAN_REVERSION,1|1|1|1,high_r_10_plus|win_rate_lt_20|weak_ride_lt_45,20260430T233710259953Z-agentic-a5d75f,eval_sw9_top_20260501T000800799748Z,C:\repos\fuzzfolio-autoresearch\runs\20260430T233710259953Z-agentic-a5d75f\evals\eval_sw9_top_20260501T000800799748Z,C:\repos\fuzzfolio-autoresearch\runs\20260430T233710259953Z-agentic-a5d75f\profiles\sw9_top.json
79.4644,80.1553,-0.6909,12.0,11.5,0.2,151.0,4.201446855870897,1.5402,21.0,0.1523,0.999194,0.732912,0.439614,0.984399,0.999812,0.8144,1449.0464,1.0,1.0,AROON_TREND|PLUS_DI_TREND|MA_SLOPE_TREND|STOCHRSI_CROSSBACK,1|1|1|1,high_r_10_plus|r_12_plus|loss_streak_20_plus|win_rate_lt_20|weak_ride_lt_45,20260430T234537381907Z-agentic-ae53b3,eval_leader_usdjpy_check_20260501T003727921796Z,C:\repos\fuzzfolio-autoresearch\runs\20260430T234537381907Z-agentic-ae53b3\evals\eval_leader_usdjpy_check_20260501T003727921796Z,C:\repos\fuzzfolio-autoresearch\runs\20260430T234537381907Z-agentic-ae53b3\profiles\sw13_top.json
79.3949,62.9346,16.4603,7.5,8.5,0.18,26.0,0.7234279354479689,0.9364,9.0,0.2308,0.813299,0.818221,0.648333,0.914768,0.799342,0.5232,8413.7692,1.0,1.0,STOCH_CROSSOVER|MOM_TREND|SAR_MEAN_REVERSION|MA_SLOPE_TREND,1|1|1|1,thin_sample_lt_36|low_cadence_lt_2pm,20260501T011410480457Z-agentic-c80c39,eval_candidate_20260501T012709013207Z,C:\repos\fuzzfolio-autoresearch\runs\20260501T011410480457Z-agentic-c80c39\evals\eval_candidate_20260501T012709013207Z,C:\repos\fuzzfolio-autoresearch\runs\20260501T011410480457Z-agentic-c80c39\profiles\cand10b.json
78.8949,82.0807,-3.1858,12.0,12.5,0.14,171.0,4.757929883138565,1.143,22.0,0.1345,0.99965,0.725651,0.434805,0.969253,0.999853,0.9216,2558.8538,1.0,2.0,MACD_CROSSOVER|CCI_TREND|MA_SPREAD_TREND|PRICE_RECLAIM_MA,1|1|1|1,high_r_10_plus|r_12_plus|loss_streak_20_plus|win_rate_lt_20|weak_ride_lt_45,20260430T234209100828Z-agentic-cf3af2,eval_cand12_20260501T002700424297Z,C:\repos\fuzzfolio-autoresearch\runs\20260430T234209100828Z-agentic-cf3af2\evals\eval_cand12_20260501T002700424297Z,C:\repos\fuzzfolio-autoresearch\runs\20260430T234209100828Z-agentic-cf3af2\profiles\cand12.json
78.0663,77.3782,0.6881,3.5,6.0,0.06,128.0,3.5614913745130776,1.0846,27.0,0.2344,0.997897,0.668996,0.485249,0.895213,0.999812,0.4576,1709.0469,1.0,1.0,AROON_TREND|PLUS_DI_TREND|MA_SLOPE_TREND|STOCHRSI_CROSSBACK,1|1|1|1,tiny_stop_le_0_06|loss_streak_20_plus,20260430T234537381907Z-agentic-ae53b3,eval_sw13_gbpusd_check_20260501T002733897532Z,C:\repos\fuzzfolio-autoresearch\runs\20260430T234537381907Z-agentic-ae53b3\evals\eval_sw13_gbpusd_check_20260501T002733897532Z,C:\repos\fuzzfolio-autoresearch\runs\20260430T234537381907Z-agentic-ae53b3\profiles\sw13_top.json
77.531,69.2414,8.2896,10.0,10.0,0.2,73.0,2.0311630495269895,1.8132,19.0,0.1507,0.94239,0.652317,0.467455,0.975058,0.999812,0.5664,2996.8356,1.0,2.0,CCI_MEAN_REVERSION|OBV_TREND|STOCHRSI_CROSSBACK|CHANNEL_REENTRY,1|1|3|1,high_r_10_plus|win_rate_lt_20,20260430T234537381907Z-agentic-ae53b3,eval_candidate_20260430T234735700551Z,C:\repos\fuzzfolio-autoresearch\runs\20260430T234537381907Z-agentic-ae53b3\evals\eval_candidate_20260430T234735700551Z,C:\repos\fuzzfolio-autoresearch\runs\20260430T234537381907Z-agentic-ae53b3\profiles\candidate.json
77.3492,57.7606,19.5886,3.0,6.5,0.04,13.0,0.36171396772398445,0.5472,2.0,0.3846,0.664818,0.938739,0.756567,0.858957,0.682675,0.28,16823.2308,1.0,1.0,MFI_MEAN_REVERSION|STOCHF_MEAN_REVERSION|RSI_CROSSBACK,1|1|1,tiny_stop_le_0_06|thin_sample_lt_36|low_cadence_lt_2pm,20260430T234454261065Z-agentic-c237af,eval_cross_pair2_20260501T000520661503Z,C:\repos\fuzzfolio-autoresearch\runs\20260430T234454261065Z-agentic-c237af\evals\eval_cross_pair2_20260501T000520661503Z,C:\repos\fuzzfolio-autoresearch\runs\20260430T234454261065Z-agentic-c237af\profiles\cross_pair2.json
77.2388,63.7353,13.5035,5.0,6.5,0.22,38.0,1.05731775180857,4.0521,13.0,0.2632,0.903939,0.782178,0.503916,0.913805,0.844346,0.3648,5756.7895,3.0,1.0,MACD_HISTOGRAM_PIPS_TREND|STOCH_CROSSOVER|PLUS_DI_MEAN_REVERSION|MA_SPREAD_TREND,1|3|1|1,low_cadence_lt_2pm,20260501T004133832474Z-agentic-32d0fa,eval_sw12_top_gbpusd_20260501T012411495141Z,C:\repos\fuzzfolio-autoresearch\runs\20260501T004133832474Z-agentic-32d0fa\evals\eval_sw12_top_gbpusd_20260501T012411495141Z,C:\repos\fuzzfolio-autoresearch\runs\20260501T004133832474Z-agentic-32d0fa\profiles\sw12_top.json
76.9057,73.2737,3.632,8.5,12.5,0.18,87.0,2.4207011686143574,0.81,14.0,0.1494,0.988312,0.760245,0.489752,0.748347,0.976934,0.3776,2514.4598,3.0,1.0,STOCH_CROSSOVER|MOM_TREND|SAR_MEAN_REVERSION|MA_SLOPE_TREND,3|1|1|1,win_rate_lt_20,20260501T011410480457Z-agentic-c80c39,eval_candidate_20260501T012823724199Z,C:\repos\fuzzfolio-autoresearch\runs\20260501T011410480457Z-agentic-c80c39\evals\eval_candidate_20260501T012823724199Z,C:\repos\fuzzfolio-autoresearch\runs\20260501T011410480457Z-agentic-c80c39\profiles\sw10b_top.json
76.7794,75.8665,0.9129,5.0,5.0,0.24,189.0,5.258764607679466,1.9712,17.0,0.2275,0.999835,0.532351,0.514214,0.975025,0.999853,0.4912,3454.3947,1.0,1.0,MINUS_DI_TREND|STOCHRSI_MEAN_REVERSION|STOCHRSI_CROSSBACK,1|1|1,,20260501T005559178330Z-agentic-493aa1,eval_sw_local_top_20260501T010633068189Z,C:\repos\fuzzfolio-autoresearch\runs\20260501T005559178330Z-agentic-493aa1\evals\eval_sw_local_top_20260501T010633068189Z,C:\repos\fuzzfolio-autoresearch\runs\20260501T005559178330Z-agentic-493aa1\profiles\sw_local_top.json
76.6615,62.4066,14.2549,11.5,12.5,0.24,34.0,0.9460211463550362,1.8725,15.0,0.1765,0.878615,0.835287,0.475302,0.909904,0.834231,0.4192,6434.4412,2.0,1.0,MACD_HISTOGRAM_PIPS_TREND|STOCH_CROSSOVER|PLUS_DI_MEAN_REVERSION|MA_SPREAD_TREND,1|3|1|1,high_r_10_plus|thin_sample_lt_36|low_cadence_lt_2pm|win_rate_lt_20,20260501T004133832474Z-agentic-32d0fa,eval_evo11_top_36m_20260501T011839498717Z,C:\repos\fuzzfolio-autoresearch\runs\20260501T004133832474Z-agentic-32d0fa\evals\eval_evo11_top_36m_20260501T011839498717Z,C:\repos\fuzzfolio-autoresearch\runs\20260501T004133832474Z-agentic-32d0fa\profiles\evo11_top.json
76.5612,86.1335,-9.5723,7.0,7.0,0.48,323.0,8.987200890372844,1.4128,18.0,0.1858,0.999999,0.580311,0.464018,0.977083,0.999812,0.7008,660.9003,1.0,2.0,MACD_CROSSOVER|CHAIKIN_AD_TREND|STOCHF_TREND|STOCHRSI_CROSSBACK,1|1|1|1,win_rate_lt_20,20260430T230053877421Z-agentic-79f031,eval_cand19_20260430T233848810366Z,C:\repos\fuzzfolio-autoresearch\runs\20260430T230053877421Z-agentic-79f031\evals\eval_cand19_20260430T233848810366Z,C:\repos\fuzzfolio-autoresearch\runs\20260430T230053877421Z-agentic-79f031\profiles\cand19.json
76.544,76.6826,-0.1386,11.0,12.5,0.3,132.0,3.6727879799666114,1.8231,18.0,0.1212,0.992639,0.656785,0.421692,0.955895,0.999853,0.8432,3289.6917,1.0,2.0,MACD_CROSSOVER|CCI_TREND|MA_SPREAD_TREND|PRICE_RECLAIM_MA,1|1|1|1,high_r_10_plus|win_rate_lt_20|weak_ride_lt_45,20260430T234209100828Z-agentic-cf3af2,eval_cand12_20260501T001031818262Z,C:\repos\fuzzfolio-autoresearch\runs\20260430T234209100828Z-agentic-cf3af2\evals\eval_cand12_20260501T001031818262Z,C:\repos\fuzzfolio-autoresearch\runs\20260430T234209100828Z-agentic-cf3af2\profiles\cand12.json
76.2156,55.3593,20.8563,8.0,9.5,0.38,15.0,0.4173622704507513,1.2403,5.0,0.2,0.600567,0.952542,0.702114,0.913868,0.700622,0.3312,54689.9375,1.0,1.0,BBANDS_POSITION_TREND|STOCHF_TREND|RSI_CROSSBACK,1|1|1,thin_sample_lt_36|low_cadence_lt_2pm,20260430T230056484668Z-agentic-b481e1,eval_ctx_h1_tf_lb_top_36m_20260501T000208220321Z,C:\repos\fuzzfolio-autoresearch\runs\20260430T230056484668Z-agentic-b481e1\evals\eval_ctx_h1_tf_lb_top_36m_20260501T000208220321Z,C:\repos\fuzzfolio-autoresearch\runs\20260430T230056484668Z-agentic-b481e1\profiles\ctx_h1_tf_lb_top.json
75.9357,67.2774,8.6583,5.0,6.0,0.48,102.0,2.8380634390651087,1.817,14.0,0.2255,0.993769,0.639001,0.517431,0.777498,0.988307,0.2384,2144.8039,2.0,1.0,ATR_VOLATILITY_FILTER|CHAIKIN_AD_MEAN_REVERSION|MFI_MEAN_REVERSION|OBV_TREND|WICK_REJECTION,1|1|1|1|1,,20260501T002657136119Z-agentic-5fc358,eval_cand7_flowvol_20260501T003732593910Z,C:\repos\fuzzfolio-autoresearch\runs\20260501T002657136119Z-agentic-5fc358\evals\eval_cand7_flowvol_20260501T003732593910Z,C:\repos\fuzzfolio-autoresearch\runs\20260501T002657136119Z-agentic-5fc358\profiles\cand7_flowvol.json
75.5669,73.3052,2.2617,12.0,12.0,0.32,108.0,3.005008347245409,2.2634,30.0,0.1296,0.987496,0.657458,0.396641,0.968202,0.988307,0.6992,1988.8273,2.0,1.0,ATR_VOLATILITY_FILTER|CHAIKIN_AD_MEAN_REVERSION|OBV_TREND|WICK_REJECTION,1|1|1|1,high_r_10_plus|r_12_plus|loss_streak_20_plus|win_rate_lt_20|weak_ride_lt_45,20260501T002657136119Z-agentic-5fc358,eval_cand3_contrast_20260501T003203990038Z,C:\repos\fuzzfolio-autoresearch\runs\20260501T002657136119Z-agentic-5fc358\evals\eval_cand3_contrast_20260501T003203990038Z,C:\repos\fuzzfolio-autoresearch\runs\20260501T002657136119Z-agentic-5fc358\profiles\cand3_contrast.json
75.4611,63.1824,12.2787,12.0,12.5,0.06,35.0,0.9738452977184197,0.8106,14.0,0.1429,0.813742,0.736851,0.525248,0.915006,0.849105,0.6944,6251.5714,1.0,1.0,MACD_CROSSOVER|MA_SLOPE_TREND,1|1,high_r_10_plus|r_12_plus|tiny_stop_le_0_06|thin_sample_lt_36|low_cadence_lt_2pm|win_rate_lt_20,20260501T004246401500Z-agentic-1b8fa5,eval_sw_hyb_top_20260501T011348268249Z,C:\repos\fuzzfolio-autoresearch\runs\20260501T004246401500Z-agentic-1b8fa5\evals\eval_sw_hyb_top_20260501T011348268249Z,C:\repos\fuzzfolio-autoresearch\runs\20260501T004246401500Z-agentic-1b8fa5\profiles\cand_hybrid1.json
75.1181,83.9658,-8.8477,12.0,11.0,0.04,190.0,5.286588759042849,0.9744,19.0,0.1368,0.999842,0.709201,0.431263,0.917742,0.852238,0.6,2302.7842,2.0,1.0,ATR_VOLATILITY_FILTER|CHAIKIN_AD_MEAN_REVERSION|OBV_TREND|WICK_REJECTION,1|1|1|1,high_r_10_plus|r_12_plus|tiny_stop_le_0_06|win_rate_lt_20|weak_ride_lt_45,20260501T002657136119Z-agentic-5fc358,eval_sw_eurusd_thresh_top_20260501T005903723292Z,C:\repos\fuzzfolio-autoresearch\runs\20260501T002657136119Z-agentic-5fc358\evals\eval_sw_eurusd_thresh_top_20260501T005903723292Z,C:\repos\fuzzfolio-autoresearch\runs\20260501T002657136119Z-agentic-5fc358\profiles\sw_eurusd_thresh_top.json
75.0161,82.0709,-7.0548,12.0,12.5,0.12,214.0,5.954368391764052,0.9912,20.0,0.1215,0.999942,0.637698,0.406423,0.916821,0.999812,0.8128,1022.2336,1.0,2.0,MACD_CROSSOVER|CCI_TREND|SAR_TREND|PRICE_RECLAIM_MA,1|1|1|1,high_r_10_plus|r_12_plus|loss_streak_20_plus|win_rate_lt_20|weak_ride_lt_45,20260430T234209100828Z-agentic-cf3af2,eval_cand9_20260501T000628348595Z,C:\repos\fuzzfolio-autoresearch\runs\20260430T234209100828Z-agentic-cf3af2\evals\eval_cand9_20260501T000628348595Z,C:\repos\fuzzfolio-autoresearch\runs\20260430T234209100828Z-agentic-cf3af2\profiles\cand9.json
74.9482,60.9555,13.9927,6.0,12.5,0.16,33.0,0.9181969949916529,0.9751,9.0,0.1515,0.823339,0.76718,0.571452,0.781171,0.838698,0.4272,6629.3939,1.0,2.0,MOM_MEAN_REVERSION|CANDLESTICK_PATTERNS|CHAIKIN_AD_TREND|PRICE_RECLAIM_MA,1|1|1|1,thin_sample_lt_36|low_cadence_lt_2pm|win_rate_lt_20,20260430T230054735134Z-agentic-7018d0,eval_cand9_20260501T000459829797Z,C:\repos\fuzzfolio-autoresearch\runs\20260430T230054735134Z-agentic-7018d0\evals\eval_cand9_20260501T000459829797Z,C:\repos\fuzzfolio-autoresearch\runs\20260430T230054735134Z-agentic-7018d0\profiles\cand9.json
74.6345,54.2963,20.3382,8.5,9.5,0.3,10.0,0.2782415136338342,0.9878,4.0,0.3,0.5702,0.939128,0.744695,0.914968,0.634692,0.7824,21876.7,1.0,1.0,MACD_HISTOGRAM_PIPS_TREND|STOCH_CROSSOVER|MA_SPREAD_TREND|MA_SPREAD_MEAN_REVERSION,1|1|5|1,thin_sample_lt_36|low_cadence_lt_2pm,20260501T004133832474Z-agentic-32d0fa,eval_candidate_20260501T004514693143Z,C:\repos\fuzzfolio-autoresearch\runs\20260501T004133832474Z-agentic-32d0fa\evals\eval_candidate_20260501T004514693143Z,C:\repos\fuzzfolio-autoresearch\runs\20260501T004133832474Z-agentic-32d0fa\profiles\candidate.json
74.0326,66.8363,7.1963,11.5,12.0,0.3,54.0,1.5025041736227045,2.917,26.0,0.1296,0.861874,0.870083,0.365956,0.941637,0.860592,0.4224,2026.4815,2.0,1.0,MINUS_DI_TREND|STOCHRSI_MEAN_REVERSION|STOCHRSI_CROSSBACK,1|1|1,high_r_10_plus|low_cadence_lt_2pm|loss_streak_20_plus|win_rate_lt_20|weak_ride_lt_45,20260501T005559178330Z-agentic-493aa1,eval_sw_tf_top_20260501T011354110909Z,C:\repos\fuzzfolio-autoresearch\runs\20260501T005559178330Z-agentic-493aa1\evals\eval_sw_tf_top_20260501T011354110909Z,C:\repos\fuzzfolio-autoresearch\runs\20260501T005559178330Z-agentic-493aa1\profiles\sw_tf_top.json
73.5347,75.8849,-2.3502,12.0,12.5,0.14,125.0,3.4780189204229273,1.4509,38.0,0.136,0.997617,0.709427,0.324417,0.93663,0.999812,0.7904,1749.12,1.0,1.0,AROON_TREND|PLUS_DI_TREND|MA_SLOPE_TREND|STOCHRSI_CROSSBACK,1|1|1|1,high_r_10_plus|r_12_plus|loss_streak_20_plus|win_rate_lt_20|weak_ride_lt_45,20260430T234537381907Z-agentic-ae53b3,eval_leader_gbpjpy_final_20260501T003902981836Z,C:\repos\fuzzfolio-autoresearch\runs\20260430T234537381907Z-agentic-ae53b3\evals\eval_leader_gbpjpy_final_20260501T003902981836Z,C:\repos\fuzzfolio-autoresearch\runs\20260430T234537381907Z-agentic-ae53b3\profiles\sw13_top.json
73.2787,78.3848,-5.1061,9.5,10.5,0.26,177.0,4.9248747913188655,2.4891,37.0,0.1525,0.999728,0.688117,0.318058,0.965871,0.999812,0.912,1235.9944,1.0,1.0,AROON_TREND|PLUS_DI_TREND|MA_SLOPE_TREND|STOCHRSI_CROSSBACK,1|1|1|1,loss_streak_20_plus|win_rate_lt_20|weak_ride_lt_45,20260430T234537381907Z-agentic-ae53b3,eval_cand3_20260501T000045830603Z,C:\repos\fuzzfolio-autoresearch\runs\20260430T234537381907Z-agentic-ae53b3\evals\eval_cand3_20260501T000045830603Z,C:\repos\fuzzfolio-autoresearch\runs\20260430T234537381907Z-agentic-ae53b3\profiles\cand3.json
73.0538,58.8091,14.2447,9.0,10.5,0.32,44.0,1.2242626599888704,2.5892,19.0,0.1591,0.87498,0.713726,0.421075,0.897134,0.881996,0.3728,4972.0455,2.0,1.0,ATR_VOLATILITY_FILTER|MFI_MEAN_REVERSION|OBV_TREND|WICK_REJECTION,1|1|1|1,low_cadence_lt_2pm|win_rate_lt_20|weak_ride_lt_45,20260501T002657136119Z-agentic-5fc358,eval_sw_local2_top_20260501T003017438212Z,C:\repos\fuzzfolio-autoresearch\runs\20260501T002657136119Z-agentic-5fc358\evals\eval_sw_local2_top_20260501T003017438212Z,C:\repos\fuzzfolio-autoresearch\runs\20260501T002657136119Z-agentic-5fc358\profiles\sw_local2_top.json
72.8895,76.9391,-4.0496,11.5,12.5,0.38,163.0,4.535336672231497,2.7548,30.0,0.1227,0.999511,0.644548,0.332218,0.96148,0.999812,0.9824,1341.7362,1.0,1.0,AROON_TREND|PLUS_DI_TREND|MA_SLOPE_TREND|STOCHRSI_CROSSBACK,1|1|1|1,high_r_10_plus|loss_streak_20_plus|win_rate_lt_20|weak_ride_lt_45,20260430T234537381907Z-agentic-ae53b3,eval_leader_audusd_check_20260501T003341934802Z,C:\repos\fuzzfolio-autoresearch\runs\20260430T234537381907Z-agentic-ae53b3\evals\eval_leader_audusd_check_20260501T003341934802Z,C:\repos\fuzzfolio-autoresearch\runs\20260430T234537381907Z-agentic-ae53b3\profiles\sw13_top.json
72.7931,60.0268,12.7663,4.5,9.0,0.32,42.0,1.1686143572621035,0.9559,12.0,0.1429,0.68271,0.824347,0.541638,0.859163,0.780406,0.6176,20834.1667,1.0,1.0,BBANDS_POSITION_TREND|STOCHRSI_TREND|RSI_CROSSBACK,1|1|1,low_cadence_lt_2pm|win_rate_lt_20,20260430T230056484668Z-agentic-b481e1,eval_contrast_stochrsi_20260501T000829393545Z,C:\repos\fuzzfolio-autoresearch\runs\20260430T230056484668Z-agentic-b481e1\evals\eval_contrast_stochrsi_20260501T000829393545Z,C:\repos\fuzzfolio-autoresearch\runs\20260430T230056484668Z-agentic-b481e1\profiles\contrast_stochrsi.json
72.433,53.3073,19.1257,2.0,4.5,0.04,19.0,0.528658875904285,0.0,5.0,0.3684,0.743635,0.873048,0.646916,0.682665,0.695391,0.1488,34543.3158,7.0,0.0,MFI_TREND|PLUS_DI_TREND|ULTOSC_MEAN_REVERSION|MA_SPREAD_TREND,1|1|1|1,tiny_stop_le_0_06|thin_sample_lt_36|low_cadence_lt_2pm,20260430T234454261065Z-agentic-c237af,eval_cand6_20260430T235212719551Z,C:\repos\fuzzfolio-autoresearch\runs\20260430T234454261065Z-agentic-c237af\evals\eval_cand6_20260430T235212719551Z,C:\repos\fuzzfolio-autoresearch\runs\20260430T234454261065Z-agentic-c237af\profiles\cand6.json
71.7095,52.9493,18.7602,5.0,3.5,0.3,18.0,0.5008347245409015,0.7713,3.0,0.4444,0.739359,0.847882,0.732121,0.552988,0.747129,0.1904,12153.8333,1.0,2.0,CCI_MEAN_REVERSION|OBV_TREND|STOCHRSI_CROSSBACK|CHANNEL_REENTRY,1|1|3|1,thin_sample_lt_36|low_cadence_lt_2pm,20260430T234537381907Z-agentic-ae53b3,eval_sw3_top_20260430T235333252358Z,C:\repos\fuzzfolio-autoresearch\runs\20260430T234537381907Z-agentic-ae53b3\evals\eval_sw3_top_20260430T235333252358Z,C:\repos\fuzzfolio-autoresearch\runs\20260430T234537381907Z-agentic-ae53b3\profiles\sw3_top.json
71.1927,83.8796,-12.6869,10.5,10.0,0.06,403.0,11.213132999443518,1.907,27.0,0.134,1.0,0.560111,0.351147,0.946992,0.981903,0.7472,1085.6749,3.0,1.0,MA_SPREAD_TREND|KELTNER_CHANNEL_MEAN_REVERSION|WICK_REJECTION,1|1|1,high_r_10_plus|tiny_stop_le_0_06|loss_streak_20_plus|win_rate_lt_20|weak_ride_lt_45,20260430T230055660327Z-agentic-ac0c48,eval_cand_durability1_20260430T233709393211Z,C:\repos\fuzzfolio-autoresearch\runs\20260430T230055660327Z-agentic-ac0c48\evals\eval_cand_durability1_20260430T233709393211Z,C:\repos\fuzzfolio-autoresearch\runs\20260430T230055660327Z-agentic-ac0c48\profiles\cand_durability1.json
71.1256,75.207,-4.0814,11.0,11.0,0.2,147.0,4.090150250417363,0.954,23.0,0.1224,0.959491,0.55482,0.400011,0.854962,0.999812,0.5968,1488.2381,1.0,2.0,STOCH_CROSSOVER|ATR_VOLATILITY_FILTER|MFI_TREND|PRICE_RECLAIM_MA,1|1|1|1,high_r_10_plus|loss_streak_20_plus|win_rate_lt_20|weak_ride_lt_45,20260501T005200039265Z-agentic-f6e64f,eval_sw_mfi_top_20260501T005424071847Z,C:\repos\fuzzfolio-autoresearch\runs\20260501T005200039265Z-agentic-f6e64f\evals\eval_sw_mfi_top_20260501T005424071847Z,C:\repos\fuzzfolio-autoresearch\runs\20260501T005200039265Z-agentic-f6e64f\profiles\sw_mfi_top.json
71.0064,49.1878,21.8186,12.0,2.5,0.06,8.0,0.22259321090706735,0.8441,2.0,0.625,0.508613,0.94231,0.754328,0.836954,0.596545,0.4944,27346.25,1.0,1.0,CCI_TREND|MA_SPREAD_MEAN_REVERSION|WICK_REJECTION,1|1|1,high_r_10_plus|r_12_plus|tiny_stop_le_0_06|thin_sample_lt_36|low_cadence_lt_2pm,20260430T230050390397Z-agentic-7e9992,eval_cand15_20260430T231004775156Z,C:\repos\fuzzfolio-autoresearch\runs\20260430T230050390397Z-agentic-7e9992\evals\eval_cand15_20260430T231004775156Z,C:\repos\fuzzfolio-autoresearch\runs\20260430T230050390397Z-agentic-7e9992\profiles\cand15.json
71.0064,49.1878,21.8186,12.0,2.5,0.06,8.0,0.22259321090706735,0.8441,2.0,0.625,0.508613,0.94231,0.754328,0.836954,0.596545,0.4944,27346.25,1.0,1.0,ULTOSC_TREND|MA_SPREAD_MEAN_REVERSION|WICK_REJECTION,1|1|1,high_r_10_plus|r_12_plus|tiny_stop_le_0_06|thin_sample_lt_36|low_cadence_lt_2pm,20260430T230050390397Z-agentic-7e9992,eval_candidate_20260430T231111831546Z,C:\repos\fuzzfolio-autoresearch\runs\20260430T230050390397Z-agentic-7e9992\evals\eval_candidate_20260430T231111831546Z,C:\repos\fuzzfolio-autoresearch\runs\20260430T230050390397Z-agentic-7e9992\profiles\candidate.json
70.3477,50.8078,19.5399,12.0,12.5,0.14,9.0,0.25041736227045075,0.9452,6.0,0.2222,0.501059,0.91369,0.682058,0.895133,0.616386,0.808,24307.4444,1.0,1.0,MACD_HISTOGRAM_PIPS_TREND|STOCH_CROSSOVER|PLUS_DI_MEAN_REVERSION|MA_SPREAD_TREND,1|1|1|1,high_r_10_plus|r_12_plus|thin_sample_lt_36|low_cadence_lt_2pm,20260501T004133832474Z-agentic-32d0fa,eval_cand2_20260501T004605098561Z,C:\repos\fuzzfolio-autoresearch\runs\20260501T004133832474Z-agentic-32d0fa\evals\eval_cand2_20260501T004605098561Z,C:\repos\fuzzfolio-autoresearch\runs\20260501T004133832474Z-agentic-32d0fa\profiles\cand2.json
70.3437,79.823,-9.4793,9.0,9.5,0.34,232.0,6.455203116304953,2.1241,37.0,0.1466,0.999972,0.598264,0.296083,0.983876,0.988307,0.72,923.0844,2.0,2.0,ATR_VOLATILITY_FILTER|STOCHRSI_TREND|PRICE_RECLAIM_MA|WICK_REJECTION,1|1|1|1,loss_streak_20_plus|win_rate_lt_20|weak_ride_lt_45,20260501T005200039265Z-agentic-f6e64f,eval_cand3_20260501T005604810378Z,C:\repos\fuzzfolio-autoresearch\runs\20260501T005200039265Z-agentic-f6e64f\evals\eval_cand3_20260501T005604810378Z,C:\repos\fuzzfolio-autoresearch\runs\20260501T005200039265Z-agentic-f6e64f\profiles\cand3.json
70.3079,83.0811,-12.7732,11.0,11.0,0.3,341.0,9.488035614913747,1.7706,26.0,0.1114,0.982737,0.514983,0.347482,0.97706,0.999853,0.7488,2558.5702,1.0,2.0,MACD_CROSSOVER|CCI_TREND|MA_SPREAD_TREND|PRICE_RECLAIM_MA,1|1|1|1,high_r_10_plus|loss_streak_20_plus|win_rate_lt_20|weak_ride_lt_45,20260430T234209100828Z-agentic-cf3af2,eval_cand6_20260501T000306140528Z,C:\repos\fuzzfolio-autoresearch\runs\20260430T234209100828Z-agentic-cf3af2\evals\eval_cand6_20260501T000306140528Z,C:\repos\fuzzfolio-autoresearch\runs\20260430T234209100828Z-agentic-cf3af2\profiles\cand6.json
70.3002,51.3778,18.9224,9.5,4.5,0.34,13.0,0.36171396772398445,0.1862,3.0,0.5385,0.670162,0.972813,0.674039,0.599489,0.65179,0.2432,16828.2308,5.0,1.0,ADX|CANDLESTICK_PATTERNS|PLUS_DI_TREND|MA_SPREAD_MEAN_REVERSION,1|1|1|1,thin_sample_lt_36|low_cadence_lt_2pm,20260430T233710259953Z-agentic-a5d75f,eval_cand8_20260430T234031885515Z,C:\repos\fuzzfolio-autoresearch\runs\20260430T233710259953Z-agentic-a5d75f\evals\eval_cand8_20260430T234031885515Z,C:\repos\fuzzfolio-autoresearch\runs\20260430T233710259953Z-agentic-a5d75f\profiles\cand8.json
69.8632,72.1867,-2.3235,3.5,11.0,0.22,138.0,3.8397328881469117,2.186,26.0,0.1232,0.955779,0.560101,0.35529,0.885411,0.988307,0.4464,1585.029,2.0,1.0,ATR_VOLATILITY_FILTER|CHAIKIN_AD_MEAN_REVERSION|OBV_TREND|WICK_REJECTION,1|1|1|1,loss_streak_20_plus|win_rate_lt_20|weak_ride_lt_45,20260501T002657136119Z-agentic-5fc358,eval_cand10_usdcad_20260501T004302971100Z,C:\repos\fuzzfolio-autoresearch\runs\20260501T002657136119Z-agentic-5fc358\evals\eval_cand10_usdcad_20260501T004302971100Z,C:\repos\fuzzfolio-autoresearch\runs\20260501T002657136119Z-agentic-5fc358\profiles\cand10_usdcad.json
69.8632,72.1867,-2.3235,3.5,11.0,0.22,138.0,3.8397328881469117,2.186,26.0,0.1232,0.955779,0.560101,0.35529,0.885411,0.988307,0.4464,1585.029,2.0,1.0,ATR_VOLATILITY_FILTER|CHAIKIN_AD_MEAN_REVERSION|OBV_TREND|WICK_REJECTION,1|1|1|1,loss_streak_20_plus|win_rate_lt_20|weak_ride_lt_45,20260501T002657136119Z-agentic-5fc358,eval_sw_eurusd_thresh_top_20260501T010653585585Z,C:\repos\fuzzfolio-autoresearch\runs\20260501T002657136119Z-agentic-5fc358\evals\eval_sw_eurusd_thresh_top_20260501T010653585585Z,C:\repos\fuzzfolio-autoresearch\runs\20260501T002657136119Z-agentic-5fc358\profiles\sw_eurusd_thresh_top.json
68.773,77.0996,-8.3266,12.0,12.0,0.24,170.0,4.730105731775181,1.76,51.0,0.1176,0.989839,0.586273,0.268182,0.98873,0.999812,0.3712,1286.2294,1.0,1.0,AROON_TREND|PLUS_DI_TREND|MA_SLOPE_TREND|STOCHRSI_CROSSBACK,1|1|1|1,high_r_10_plus|r_12_plus|loss_streak_20_plus|win_rate_lt_20|weak_ride_lt_45,20260430T234537381907Z-agentic-ae53b3,eval_leader_usdchf_final_20260501T004034425840Z,C:\repos\fuzzfolio-autoresearch\runs\20260430T234537381907Z-agentic-ae53b3\evals\eval_leader_usdchf_final_20260501T004034425840Z,C:\repos\fuzzfolio-autoresearch\runs\20260430T234537381907Z-agentic-ae53b3\profiles\sw13_top.json
68.2594,76.4966,-8.2372,11.5,8.0,0.38,245.0,6.816917084028938,1.749,31.0,0.1469,0.972239,0.457453,0.359556,0.926848,0.999812,0.6944,885.7045,1.0,2.0,MOM_TREND|CANDLESTICK_PATTERNS|MA_SPREAD_MEAN_REVERSION|PRICE_RECLAIM_MA,1|1|1|1,high_r_10_plus|loss_streak_20_plus|win_rate_lt_20|weak_ride_lt_45,20260430T230054735134Z-agentic-7018d0,eval_cand7_20260430T235242920991Z,C:\repos\fuzzfolio-autoresearch\runs\20260430T230054735134Z-agentic-7018d0\evals\eval_cand7_20260430T235242920991Z,C:\repos\fuzzfolio-autoresearch\runs\20260430T230054735134Z-agentic-7018d0\profiles\cand7.json
68.0856,53.8214,14.2642,4.0,6.0,0.1,38.0,1.05731775180857,2.4756,10.0,0.2368,0.849222,0.676761,0.56727,0.531508,0.844346,0.1504,5758.0,3.0,1.0,MACD_HISTOGRAM_PIPS_TREND|STOCH_CROSSOVER|PLUS_DI_MEAN_REVERSION|MA_SPREAD_TREND,1|3|1|1,low_cadence_lt_2pm,20260501T004133832474Z-agentic-32d0fa,eval_sw12_top_usdjpy_20260501T012535407769Z,C:\repos\fuzzfolio-autoresearch\runs\20260501T004133832474Z-agentic-32d0fa\evals\eval_sw12_top_usdjpy_20260501T012535407769Z,C:\repos\fuzzfolio-autoresearch\runs\20260501T004133832474Z-agentic-32d0fa\profiles\sw12_top.json
68.0021,76.7841,-8.782,11.5,10.0,0.22,242.0,6.733444629938787,1.6731,36.0,0.124,0.972237,0.485286,0.325607,0.946741,0.999812,0.4512,896.6025,1.0,2.0,MACD_CROSSOVER|CCI_TREND|SAR_TREND|PRICE_RECLAIM_MA,1|1|1|1,high_r_10_plus|loss_streak_20_plus|win_rate_lt_20|weak_ride_lt_45,20260430T234209100828Z-agentic-cf3af2,eval_cand7_20260501T000407758819Z,C:\repos\fuzzfolio-autoresearch\runs\20260430T234209100828Z-agentic-cf3af2\evals\eval_cand7_20260501T000407758819Z,C:\repos\fuzzfolio-autoresearch\runs\20260430T234209100828Z-agentic-cf3af2\profiles\cand7.json
68.0021,76.7841,-8.782,11.5,10.0,0.22,242.0,6.733444629938787,1.6731,36.0,0.124,0.972237,0.485286,0.325607,0.946741,0.999812,0.4512,896.5943,1.0,2.0,MACD_CROSSOVER|CCI_TREND|SAR_TREND|PRICE_RECLAIM_MA,1|1|1|1,high_r_10_plus|loss_streak_20_plus|win_rate_lt_20|weak_ride_lt_45,20260430T234209100828Z-agentic-cf3af2,eval_sw10_top_20260501T002848411220Z,C:\repos\fuzzfolio-autoresearch\runs\20260430T234209100828Z-agentic-cf3af2\evals\eval_sw10_top_20260501T002848411220Z,C:\repos\fuzzfolio-autoresearch\runs\20260430T234209100828Z-agentic-cf3af2\profiles\sw10_top.json
67.7258,48.3804,19.3454,11.0,12.5,0.08,5.0,0.1391207568169171,0.8902,1.0,0.4,0.383096,0.99657,0.796387,0.895133,0.523533,0.6608,43760.4,1.0,1.0,ADOSC_TREND|STOCHF_MEAN_REVERSION|STOCHRSI_CROSSBACK,1|1|1,high_r_10_plus|thin_sample_lt_36|low_cadence_lt_2pm,20260430T230053877421Z-agentic-79f031,eval_cand6_20260430T230723291472Z,C:\repos\fuzzfolio-autoresearch\runs\20260430T230053877421Z-agentic-79f031\evals\eval_cand6_20260430T230723291472Z,C:\repos\fuzzfolio-autoresearch\runs\20260430T230053877421Z-agentic-79f031\profiles\cand6.json
67.541,47.5825,19.9585,12.0,12.5,0.04,7.0,0.19476905954368393,0.8553,3.0,0.2857,0.460321,0.967796,0.69013,0.795294,0.574823,0.5856,31252.4286,1.0,2.0,MA_CROSSOVER|MOM_TREND|STOCHRSI_MEAN_REVERSION|WICK_REJECTION,1|1|1|1,high_r_10_plus|r_12_plus|tiny_stop_le_0_06|thin_sample_lt_36|low_cadence_lt_2pm,20260430T230050390397Z-agentic-7e9992,eval_cand5_20260430T230357376740Z,C:\repos\fuzzfolio-autoresearch\runs\20260430T230050390397Z-agentic-7e9992\evals\eval_cand5_20260430T230357376740Z,C:\repos\fuzzfolio-autoresearch\runs\20260430T230050390397Z-agentic-7e9992\profiles\cand5.json
67.2842,74.1216,-6.8374,12.0,11.5,0.04,240.0,6.677796327212021,1.1981,25.0,0.1083,0.948729,0.518322,0.364402,0.776676,0.990837,0.2432,2734.7167,2.0,2.0,MOM_MEAN_REVERSION|CANDLESTICK_PATTERNS|MA_DISTANCE_TREND|PRICE_RECLAIM_MA,1|1|1|1,high_r_10_plus|r_12_plus|tiny_stop_le_0_06|loss_streak_20_plus|win_rate_lt_20|weak_ride_lt_45,20260430T230054735134Z-agentic-7018d0,eval_sw_cand1_lb_top_20260430T232327923886Z,C:\repos\fuzzfolio-autoresearch\runs\20260430T230054735134Z-agentic-7018d0\evals\eval_sw_cand1_lb_top_20260430T232327923886Z,C:\repos\fuzzfolio-autoresearch\runs\20260430T230054735134Z-agentic-7018d0\profiles\sw_cand1_tp_top.json
66.536,62.8665,3.6695,1.5,6.0,0.08,126.0,3.5058430717863107,0.9642,31.0,0.2063,0.991576,0.560841,0.409293,0.579684,0.988307,0.2464,1736.5,2.0,1.0,ATR_VOLATILITY_FILTER|CHAIKIN_AD_MEAN_REVERSION|OBV_TREND|WICK_REJECTION,1|1|1|1,loss_streak_20_plus|weak_ride_lt_45,20260501T002657136119Z-agentic-5fc358,eval_cand11_eurgbp_20260501T004431497994Z,C:\repos\fuzzfolio-autoresearch\runs\20260501T002657136119Z-agentic-5fc358\evals\eval_cand11_eurgbp_20260501T004431497994Z,C:\repos\fuzzfolio-autoresearch\runs\20260501T002657136119Z-agentic-5fc358\profiles\cand11_eurgbp.json
66.0112,80.0225,-14.0113,7.5,8.0,0.08,387.0,10.767946577629383,1.7365,31.0,0.1473,1.0,0.443206,0.358282,0.840392,0.939238,0.3648,2261.1421,1.0,1.0,MOM_MEAN_REVERSION|ADOSC_MEAN_REVERSION|MA_SPREAD_TREND|PRICE_RECLAIM_MA,1|1|1|1,loss_streak_20_plus|win_rate_lt_20|weak_ride_lt_45,20260430T230051139123Z-agentic-73e23c,eval_contrast1_20260501T003319622879Z,C:\repos\fuzzfolio-autoresearch\runs\20260430T230051139123Z-agentic-73e23c\evals\eval_contrast1_20260501T003319622879Z,C:\repos\fuzzfolio-autoresearch\runs\20260430T230051139123Z-agentic-73e23c\profiles\contrast1.json
65.8315,78.9107,-13.0792,9.5,6.0,0.06,634.0,17.640511964385087,1.6628,29.0,0.1782,1.0,0.39818,0.379176,0.834028,0.981903,0.704,690.0994,3.0,1.0,AROON_TREND|SAR_MEAN_REVERSION|MA_SPREAD_TREND|WICK_REJECTION,1|1|1|1,tiny_stop_le_0_06|loss_streak_20_plus|win_rate_lt_20|weak_ride_lt_45,20260430T230055660327Z-agentic-ac0c48,eval_sw3_top_20260430T231018498501Z,C:\repos\fuzzfolio-autoresearch\runs\20260430T230055660327Z-agentic-ac0c48\evals\eval_sw3_top_20260430T231018498501Z,C:\repos\fuzzfolio-autoresearch\runs\20260430T230055660327Z-agentic-ac0c48\profiles\sw3_top.json
65.6497,69.4618,-3.8121,10.0,12.0,0.06,166.0,4.618809126321647,1.8973,48.0,0.1145,0.972546,0.563457,0.229412,0.970192,0.999812,0.744,1317.6687,1.0,1.0,AROON_TREND|PLUS_DI_TREND|MA_SLOPE_TREND|STOCHRSI_CROSSBACK,1|1|1|1,high_r_10_plus|tiny_stop_le_0_06|loss_streak_20_plus|win_rate_lt_20|weak_ride_lt_45,20260430T234537381907Z-agentic-ae53b3,eval_leader_usdcad_final_20260501T003250165013Z,C:\repos\fuzzfolio-autoresearch\runs\20260430T234537381907Z-agentic-ae53b3\evals\eval_leader_usdcad_final_20260501T003250165013Z,C:\repos\fuzzfolio-autoresearch\runs\20260430T234537381907Z-agentic-ae53b3\profiles\sw13_top.json
65.5313,62.9948,2.5365,2.5,12.5,0.04,74.0,2.058987200890373,1.1625,31.0,0.1216,0.911033,0.638425,0.343229,0.619654,0.976934,0.2176,2955.4324,3.0,1.0,MACD_HISTOGRAM_PIPS_TREND|STOCH_CROSSOVER|PLUS_DI_MEAN_REVERSION|MA_SPREAD_TREND,1|3|1|1,tiny_stop_le_0_06|loss_streak_20_plus|win_rate_lt_20|weak_ride_lt_45,20260501T004133832474Z-agentic-32d0fa,eval_sw12_top_audusd_20260501T012654767263Z,C:\repos\fuzzfolio-autoresearch\runs\20260501T004133832474Z-agentic-32d0fa\evals\eval_sw12_top_audusd_20260501T012654767263Z,C:\repos\fuzzfolio-autoresearch\runs\20260501T004133832474Z-agentic-32d0fa\profiles\sw12_top.json
65.193,84.0203,-18.8273,6.5,7.0,0.48,645.0,17.946577629382304,1.6004,44.0,0.1612,1.0,0.431675,0.292522,0.943621,0.988307,0.464,333.4695,2.0,2.0,MACD_CROSSOVER|CHAIKIN_AD_TREND|STOCHRSI_CROSSBACK,1|1|1,loss_streak_20_plus|win_rate_lt_20|weak_ride_lt_45,20260430T230053877421Z-agentic-79f031,eval_cand5_20260430T230620256236Z,C:\repos\fuzzfolio-autoresearch\runs\20260430T230053877421Z-agentic-79f031\evals\eval_cand5_20260430T230620256236Z,C:\repos\fuzzfolio-autoresearch\runs\20260430T230053877421Z-agentic-79f031\profiles\cand5.json
65.1818,86.1094,-20.9276,12.0,12.5,0.22,456.0,12.687813021702839,1.6375,60.0,0.1075,1.0,0.545258,0.225543,0.956895,0.999853,0.7312,955.3035,1.0,2.0,MACD_CROSSOVER|CCI_TREND|SAR_TREND|PRICE_RECLAIM_MA,1|1|1|1,high_r_10_plus|r_12_plus|loss_streak_20_plus|win_rate_lt_20|weak_ride_lt_45,20260430T234209100828Z-agentic-cf3af2,eval_cand3_20260430T234429918638Z,C:\repos\fuzzfolio-autoresearch\runs\20260430T234209100828Z-agentic-cf3af2\evals\eval_cand3_20260430T234429918638Z,C:\repos\fuzzfolio-autoresearch\runs\20260430T234209100828Z-agentic-cf3af2\profiles\cand3.json
64.9615,72.441,-7.4795,4.5,5.0,0.26,382.0,10.628825820812466,2.7578,21.0,0.1963,0.941212,0.353063,0.426832,0.890898,0.915494,0.4272,3409.2364,1.0,1.0,MINUS_DI_TREND|STOCHRSI_MEAN_REVERSION|STOCHRSI_CROSSBACK,1|1|1,loss_streak_20_plus|win_rate_lt_20|weak_ride_lt_45,20260501T005559178330Z-agentic-493aa1,eval_sw_exploit_top_20260501T012820830063Z,C:\repos\fuzzfolio-autoresearch\runs\20260501T005559178330Z-agentic-493aa1\evals\eval_sw_exploit_top_20260501T012820830063Z,C:\repos\fuzzfolio-autoresearch\runs\20260501T005559178330Z-agentic-493aa1\profiles\sw_exploit_top.json
64.9376,46.6078,18.3298,11.0,11.5,0.04,10.0,0.2782415136338342,0.6658,3.0,0.2,0.497445,0.857635,0.659673,0.646461,0.634692,0.2496,21876.7,1.0,2.0,MA_CROSSOVER|STOCHRSI_MEAN_REVERSION|MA_SPREAD_MEAN_REVERSION|WICK_REJECTION,1|1|1|1,high_r_10_plus|tiny_stop_le_0_06|thin_sample_lt_36|low_cadence_lt_2pm,20260430T230050390397Z-agentic-7e9992,eval_cand13_20260430T230842881963Z,C:\repos\fuzzfolio-autoresearch\runs\20260430T230050390397Z-agentic-7e9992\evals\eval_cand13_20260430T230842881963Z,C:\repos\fuzzfolio-autoresearch\runs\20260430T230050390397Z-agentic-7e9992\profiles\cand13.json
64.3938,77.3407,-12.9469,7.0,4.5,0.4,1184.0,32.94379521424597,3.2176,27.0,0.2264,1.0,0.400172,0.400058,0.743041,0.930761,0.6608,184.8007,5.0,1.0,ADX|CANDLESTICK_PATTERNS|ULTOSC_MEAN_REVERSION,1|1|1,loss_streak_20_plus|weak_ride_lt_45,20260430T230048643818Z-agentic-07f883,eval_cand12_20260430T233450439554Z,C:\repos\fuzzfolio-autoresearch\runs\20260430T230048643818Z-agentic-07f883\evals\eval_cand12_20260430T233450439554Z,C:\repos\fuzzfolio-autoresearch\runs\20260430T230048643818Z-agentic-07f883\profiles\cand12.json
64.3848,76.9957,-12.6109,9.5,12.5,0.3,295.0,8.208124652198109,2.3662,35.0,0.0983,0.944838,0.451243,0.277859,0.934127,0.999812,0.4224,726.9236,1.0,2.0,MACD_CROSSOVER|CHAIKIN_AD_TREND|STOCHF_TREND|STOCHRSI_CROSSBACK,1|1|1|1,loss_streak_20_plus|win_rate_lt_20|weak_ride_lt_45,20260430T230053877421Z-agentic-79f031,eval_cand21_20260430T234450760312Z,C:\repos\fuzzfolio-autoresearch\runs\20260430T230053877421Z-agentic-79f031\evals\eval_cand21_20260430T234450760312Z,C:\repos\fuzzfolio-autoresearch\runs\20260430T230053877421Z-agentic-79f031\profiles\cand21.json
64.3379,43.7644,20.5735,12.0,12.5,0.32,15.0,0.4173622704507513,0.9655,7.0,0.1333,0.483991,0.697788,0.645486,0.711882,0.710358,0.2368,14586.8,1.0,1.0,STOCH_CROSSOVER|MOM_MEAN_REVERSION|PLUS_DI_MEAN_REVERSION|SAR_TREND,1|1|1|1,high_r_10_plus|r_12_plus|thin_sample_lt_36|low_cadence_lt_2pm|win_rate_lt_20,20260501T011410480457Z-agentic-c80c39,eval_candidate_20260501T012509818625Z,C:\repos\fuzzfolio-autoresearch\runs\20260501T011410480457Z-agentic-c80c39\evals\eval_candidate_20260501T012509818625Z,C:\repos\fuzzfolio-autoresearch\runs\20260501T011410480457Z-agentic-c80c39\profiles\cand9.json
63.789,78.6436,-14.8546,5.0,11.5,0.38,324.0,9.015025041736228,2.067,48.0,0.108,0.980618,0.471707,0.251131,0.93066,0.976934,0.8176,675.216,3.0,1.0,AROON_TREND|SAR_MEAN_REVERSION|MA_SPREAD_TREND|WICK_REJECTION,1|1|1|1,loss_streak_20_plus|win_rate_lt_20|weak_ride_lt_45,20260430T230055660327Z-agentic-ac0c48,eval_cand1_20260430T230133739137Z,C:\repos\fuzzfolio-autoresearch\runs\20260430T230055660327Z-agentic-ac0c48\evals\eval_cand1_20260430T230133739137Z,C:\repos\fuzzfolio-autoresearch\runs\20260430T230055660327Z-agentic-ac0c48\profiles\cand1.json
62.7624,77.7546,-14.9922,4.5,12.5,0.04,310.0,8.625486922648859,0.9794,46.0,0.1032,0.989638,0.502315,0.269895,0.734445,0.988307,0.3616,705.6645,2.0,1.0,AROON_TREND|SAR_MEAN_REVERSION|MA_SPREAD_TREND|WICK_REJECTION,1|1|1|1,tiny_stop_le_0_06|loss_streak_20_plus|win_rate_lt_20|weak_ride_lt_45,20260430T230055660327Z-agentic-ac0c48,eval_sw1_top_20260430T230437770405Z,C:\repos\fuzzfolio-autoresearch\runs\20260430T230055660327Z-agentic-ac0c48\evals\eval_sw1_top_20260430T230437770405Z,C:\repos\fuzzfolio-autoresearch\runs\20260430T230055660327Z-agentic-ac0c48\profiles\sw1_top.json
61.8798,73.8391,-11.9593,9.5,10.0,0.26,302.0,8.402893711741793,1.7671,50.0,0.1159,0.931589,0.408499,0.265122,0.909898,0.988307,0.5136,724.5232,2.0,2.0,MACD_CROSSOVER|CCI_TREND|SAR_TREND|PRICE_RECLAIM_MA,1|1|1|1,loss_streak_20_plus|win_rate_lt_20|weak_ride_lt_45,20260430T234209100828Z-agentic-cf3af2,eval_cand11_20260501T000906059597Z,C:\repos\fuzzfolio-autoresearch\runs\20260430T234209100828Z-agentic-cf3af2\evals\eval_cand11_20260501T000906059597Z,C:\repos\fuzzfolio-autoresearch\runs\20260430T234209100828Z-agentic-cf3af2\profiles\cand11.json
61.8798,73.8391,-11.9593,9.5,10.0,0.26,302.0,8.402893711741793,1.7671,50.0,0.1159,0.931589,0.408499,0.265122,0.909898,0.988307,0.5136,724.5166,2.0,2.0,MACD_CROSSOVER|CCI_TREND|SAR_TREND|PRICE_RECLAIM_MA,1|1|1|1,loss_streak_20_plus|win_rate_lt_20|weak_ride_lt_45,20260430T234209100828Z-agentic-cf3af2,eval_sw10_top_20260501T003214789634Z,C:\repos\fuzzfolio-autoresearch\runs\20260430T234209100828Z-agentic-cf3af2\evals\eval_sw10_top_20260501T003214789634Z,C:\repos\fuzzfolio-autoresearch\runs\20260430T234209100828Z-agentic-cf3af2\profiles\sw10_top.json
61.7894,85.5922,-23.8028,12.0,12.5,0.22,758.0,21.09070673344463,1.8829,61.0,0.1003,1.0,0.489392,0.197502,0.94046,0.990837,0.656,863.5947,2.0,2.0,MACD_CROSSOVER|CCI_TREND|SAR_TREND|PRICE_RECLAIM_MA,1|1|1|1,high_r_10_plus|r_12_plus|loss_streak_20_plus|win_rate_lt_20|weak_ride_lt_45,20260430T234209100828Z-agentic-cf3af2,eval_cand4_20260501T000038164847Z,C:\repos\fuzzfolio-autoresearch\runs\20260430T234209100828Z-agentic-cf3af2\evals\eval_cand4_20260501T000038164847Z,C:\repos\fuzzfolio-autoresearch\runs\20260430T234209100828Z-agentic-cf3af2\profiles\cand4.json
61.6757,68.4467,-6.771,4.5,4.0,0.14,616.0,17.139677239844186,3.0176,22.0,0.2289,0.975662,0.273116,0.415792,0.814995,0.988307,0.3056,353.9968,2.0,2.0,MACD_CROSSOVER|CHAIKIN_AD_TREND|STOCHRSI_CROSSBACK,1|1|1,loss_streak_20_plus|weak_ride_lt_45,20260430T230053877421Z-agentic-79f031,eval_cand3_20260430T230314395737Z,C:\repos\fuzzfolio-autoresearch\runs\20260430T230053877421Z-agentic-79f031\evals\eval_cand3_20260430T230314395737Z,C:\repos\fuzzfolio-autoresearch\runs\20260430T230053877421Z-agentic-79f031\profiles\cand3.json
61.5554,39.0836,22.4718,12.0,2.5,0.24,9.0,0.25041736227045075,0.9877,3.0,0.4444,0.4277,0.702629,0.736606,0.647705,0.616386,0.1984,24307.4444,1.0,1.0,CHAIKIN_AD_TREND|STOCHF_MEAN_REVERSION|STOCHRSI_CROSSBACK,1|1|1,high_r_10_plus|r_12_plus|thin_sample_lt_36|low_cadence_lt_2pm,20260430T230053877421Z-agentic-79f031,eval_cand10_20260430T231948289002Z,C:\repos\fuzzfolio-autoresearch\runs\20260430T230053877421Z-agentic-79f031\evals\eval_cand10_20260430T231948289002Z,C:\repos\fuzzfolio-autoresearch\runs\20260430T230053877421Z-agentic-79f031\profiles\cand10.json
61.1832,42.0299,19.1533,11.5,12.5,0.14,4.0,0.11129660545353368,1.8525,2.0,0.5,0.32135,0.999787,0.689674,0.795488,0.486405,0.496,54691.75,2.0,1.0,ATR_VOLATILITY_FILTER|OBV_TREND|STOCHF_MEAN_REVERSION|WICK_REJECTION,1|1|1|1,high_r_10_plus|thin_sample_lt_36|low_cadence_lt_2pm,20260501T002657136119Z-agentic-5fc358,eval_cand4_h1context_20260501T003322583717Z,C:\repos\fuzzfolio-autoresearch\runs\20260501T002657136119Z-agentic-5fc358\evals\eval_cand4_h1context_20260501T003322583717Z,C:\repos\fuzzfolio-autoresearch\runs\20260501T002657136119Z-agentic-5fc358\profiles\cand4_h1context.json
61.1609,75.8637,-14.7028,11.5,3.5,0.04,3475.0,96.68892598775739,2.1199,21.0,0.2642,1.0,0.340861,0.425736,0.774663,0.761273,0.6816,62.9511,1.0,1.0,MACD_HISTOGRAM_PIPS_MEAN_REVERSION|WILLR_MEAN_REVERSION|MA_DISTANCE_MEAN_REVERSION|STOCHRSI_CROSSBACK,1|1|1|1,high_r_10_plus|tiny_stop_le_0_06|loss_streak_20_plus|weak_ride_lt_45,20260430T230049232325Z-agentic-60a45b,eval_cand5_20260430T231636432983Z,C:\repos\fuzzfolio-autoresearch\runs\20260430T230049232325Z-agentic-60a45b\evals\eval_cand5_20260430T231636432983Z,C:\repos\fuzzfolio-autoresearch\runs\20260430T230049232325Z-agentic-60a45b\profiles\cand5.json
60.8202,70.9353,-10.1151,6.0,5.5,0.38,452.0,12.576516416249305,1.7439,28.0,0.177,0.902468,0.274126,0.388767,0.865467,0.999812,0.5536,476.6209,1.0,2.0,CANDLESTICK_PATTERNS|CHAIKIN_AD_TREND|MA_SPREAD_MEAN_REVERSION|PRICE_RECLAIM_MA,1|1|1|1,loss_streak_20_plus|win_rate_lt_20|weak_ride_lt_45,20260430T230054735134Z-agentic-7018d0,eval_cand2_20260430T231137513805Z,C:\repos\fuzzfolio-autoresearch\runs\20260430T230054735134Z-agentic-7018d0\evals\eval_cand2_20260430T231137513805Z,C:\repos\fuzzfolio-autoresearch\runs\20260430T230054735134Z-agentic-7018d0\profiles\cand2.json
60.3748,42.2104,18.1644,12.0,7.5,0.04,19.0,0.528658875904285,0.9411,11.0,0.1579,0.395314,0.753415,0.502892,0.776526,0.689718,0.3616,23027.4211,1.0,1.0,AROON_TREND|MA_SPREAD_TREND|KELTNER_CHANNEL_MEAN_REVERSION|WICK_REJECTION,1|1|1|1,high_r_10_plus|r_12_plus|tiny_stop_le_0_06|thin_sample_lt_36|low_cadence_lt_2pm|win_rate_lt_20,20260430T230055660327Z-agentic-ac0c48,eval_cand_keltner_20260430T230851415317Z,C:\repos\fuzzfolio-autoresearch\runs\20260430T230055660327Z-agentic-ac0c48\evals\eval_cand_keltner_20260430T230851415317Z,C:\repos\fuzzfolio-autoresearch\runs\20260430T230055660327Z-agentic-ac0c48\profiles\cand_keltner.json
59.775,78.6628,-18.8878,12.0,12.5,0.04,822.0,22.87145242070117,0.9993,39.0,0.0949,1.0,0.41038,0.240232,0.774217,0.999812,0.4496,265.9039,1.0,1.0,OBV_TREND|STOCH_TREND|PRICE_RECLAIM_MA,1|1|1,high_r_10_plus|r_12_plus|tiny_stop_le_0_06|loss_streak_20_plus|win_rate_lt_20|weak_ride_lt_45,20260501T002420700291Z-agentic-d2a90e,eval_cand15_20260501T003956825431Z,C:\repos\fuzzfolio-autoresearch\runs\20260501T002420700291Z-agentic-d2a90e\evals\eval_cand15_20260501T003956825431Z,C:\repos\fuzzfolio-autoresearch\runs\20260501T002420700291Z-agentic-d2a90e\profiles\cand15.json
59.5936,78.3767,-18.7831,12.0,12.5,0.2,566.0,15.748469671675014,1.1961,40.0,0.0936,0.972965,0.394112,0.240446,0.824845,0.988307,0.4912,386.5159,2.0,2.0,STOCH_CROSSOVER|ATR_VOLATILITY_FILTER|KELTNER_CHANNEL_BREAKOUT|PRICE_RECLAIM_MA,1|1|1|1,high_r_10_plus|r_12_plus|loss_streak_20_plus|win_rate_lt_20|weak_ride_lt_45,20260501T005200039265Z-agentic-f6e64f,eval_cand1_20260501T005213372452Z,C:\repos\fuzzfolio-autoresearch\runs\20260501T005200039265Z-agentic-f6e64f\evals\eval_cand1_20260501T005213372452Z,C:\repos\fuzzfolio-autoresearch\runs\20260501T005200039265Z-agentic-f6e64f\profiles\cand1.json
59.4474,41.647,17.8004,2.5,4.0,0.12,16.0,0.4451864218141347,0.9535,6.0,0.3125,0.572701,0.658119,0.632641,0.43054,0.723207,0.1184,13672.25,1.0,1.0,MACD_CROSSOVER|MA_SLOPE_TREND,1|1,thin_sample_lt_36|low_cadence_lt_2pm,20260501T004246401500Z-agentic-1b8fa5,eval_sw_hyb_top_20260501T011115485614Z,C:\repos\fuzzfolio-autoresearch\runs\20260501T004246401500Z-agentic-1b8fa5\evals\eval_sw_hyb_top_20260501T011115485614Z,C:\repos\fuzzfolio-autoresearch\runs\20260501T004246401500Z-agentic-1b8fa5\profiles\sw_hyb_top.json
59.418,51.3167,8.1013,8.5,11.0,0.44,70.0,1.9476905954368393,1.065,30.0,0.1143,0.735463,0.488963,0.363381,0.570476,0.993465,0.2032,3125.2429,1.0,2.0,MACD_CROSSOVER|CCI_TREND|MA_SPREAD_TREND|PRICE_RECLAIM_MA,1|1|1|1,low_cadence_lt_2pm|loss_streak_20_plus|win_rate_lt_20|weak_ride_lt_45,20260430T234209100828Z-agentic-cf3af2,eval_cand1_20260430T234231130791Z,C:\repos\fuzzfolio-autoresearch\runs\20260430T234209100828Z-agentic-cf3af2\evals\eval_cand1_20260430T234231130791Z,C:\repos\fuzzfolio-autoresearch\runs\20260430T234209100828Z-agentic-cf3af2\profiles\cand1.json
59.2979,51.1237,8.1742,12.0,12.5,0.1,62.0,1.725097384529772,1.839,13.0,0.1129,0.806147,0.582447,0.429911,0.376297,0.965199,0.2176,3525.371,1.0,1.0,OBV_MEAN_REVERSION|STOCH_TREND|PRICE_RECLAIM_MA,1|1|1,high_r_10_plus|r_12_plus|low_cadence_lt_2pm|win_rate_lt_20|weak_ride_lt_45,20260501T002420700291Z-agentic-d2a90e,eval_cand18_eurjpy_20260501T005013927486Z,C:\repos\fuzzfolio-autoresearch\runs\20260501T002420700291Z-agentic-d2a90e\evals\eval_cand18_eurjpy_20260501T005013927486Z,C:\repos\fuzzfolio-autoresearch\runs\20260501T002420700291Z-agentic-d2a90e\profiles\cand18.json
59.2117,41.67,17.5417,10.5,11.0,0.06,3.0,0.08347245409015025,0.7845,1.0,0.6667,0.225831,1.0,0.77541,0.914969,0.454274,0.504,72922.3333,1.0,1.0,ADX|CANDLESTICK_PATTERNS|STOCH_TREND|ULTOSC_MEAN_REVERSION,1|1|1|1,high_r_10_plus|tiny_stop_le_0_06|thin_sample_lt_36|low_cadence_lt_2pm,20260430T230048643818Z-agentic-07f883,eval_cand1_20260430T230113196823Z,C:\repos\fuzzfolio-autoresearch\runs\20260430T230048643818Z-agentic-07f883\evals\eval_cand1_20260430T230113196823Z,C:\repos\fuzzfolio-autoresearch\runs\20260430T230048643818Z-agentic-07f883\profiles\cand1.json
58.8988,67.5592,-8.6604,5.5,5.5,0.48,318.0,8.848080133555927,1.8991,40.0,0.1792,0.874079,0.294728,0.349956,0.795528,0.988307,0.3904,679.413,2.0,2.0,MACD_CROSSOVER|ADOSC_TREND|STOCHF_TREND|STOCHRSI_CROSSBACK,1|1|1|1,loss_streak_20_plus|win_rate_lt_20|weak_ride_lt_45,20260430T230053877421Z-agentic-79f031,eval_cand4_20260430T230513023358Z,C:\repos\fuzzfolio-autoresearch\runs\20260430T230053877421Z-agentic-79f031\evals\eval_cand4_20260430T230513023358Z,C:\repos\fuzzfolio-autoresearch\runs\20260430T230053877421Z-agentic-79f031\profiles\cand4.json
58.8242,79.7681,-20.9439,11.5,11.0,0.12,836.0,23.260990539788537,1.8344,61.0,0.1029,0.998185,0.400535,0.191586,0.928029,0.990837,0.5616,784.0645,2.0,2.0,MACD_CROSSOVER|CCI_TREND|SAR_TREND|PRICE_RECLAIM_MA,1|1|1|1,high_r_10_plus|loss_streak_20_plus|win_rate_lt_20|weak_ride_lt_45,20260430T234209100828Z-agentic-cf3af2,eval_cand5_20260501T000143387497Z,C:\repos\fuzzfolio-autoresearch\runs\20260430T234209100828Z-agentic-cf3af2\evals\eval_cand5_20260501T000143387497Z,C:\repos\fuzzfolio-autoresearch\runs\20260430T234209100828Z-agentic-cf3af2\profiles\cand5.json
58.4693,82.2667,-23.7974,9.5,10.5,0.26,789.0,21.953255425709518,2.4171,68.0,0.1128,1.0,0.425737,0.17236,0.957032,0.973049,0.6128,553.1315,4.0,1.0,CANDLESTICK_PATTERNS|AROON_TREND|STOCH_TREND|MA_SLOPE_TREND,1|1|1|1,loss_streak_20_plus|win_rate_lt_20|weak_ride_lt_45,20260430T233710259953Z-agentic-a5d75f,eval_cand9_20260430T234901380060Z,C:\repos\fuzzfolio-autoresearch\runs\20260430T233710259953Z-agentic-a5d75f\evals\eval_cand9_20260430T234901380060Z,C:\repos\fuzzfolio-autoresearch\runs\20260430T233710259953Z-agentic-a5d75f\profiles\cand9.json
58.3341,78.7709,-20.4368,10.5,11.0,0.08,2133.0,59.34891485809683,2.8176,49.0,0.1088,1.0,0.433196,0.185669,0.945824,0.88793,0.6928,410.2349,4.0,1.0,ADX|CANDLESTICK_PATTERNS|STOCH_TREND|MA_SPREAD_MEAN_REVERSION,1|1|1|1,high_r_10_plus|loss_streak_20_plus|win_rate_lt_20|weak_ride_lt_45,20260430T233710259953Z-agentic-a5d75f,eval_cand11_20260501T000249833885Z,C:\repos\fuzzfolio-autoresearch\runs\20260430T233710259953Z-agentic-a5d75f\evals\eval_cand11_20260501T000249833885Z,C:\repos\fuzzfolio-autoresearch\runs\20260430T233710259953Z-agentic-a5d75f\profiles\cand11.json
58.2832,85.5718,-27.2886,12.0,12.5,0.22,1045.0,29.07623817473567,1.5295,54.0,0.0957,1.0,0.420444,0.175878,0.933281,0.97451,0.7376,207.7578,2.0,2.0,STOCH_CROSSOVER|SAR_TREND|KELTNER_CHANNEL_BREAKOUT|PRICE_RECLAIM_MA,1|1|1|1,high_r_10_plus|r_12_plus|loss_streak_20_plus|win_rate_lt_20|weak_ride_lt_45,20260501T005200039265Z-agentic-f6e64f,eval_cand4_20260501T005700729006Z,C:\repos\fuzzfolio-autoresearch\runs\20260501T005200039265Z-agentic-f6e64f\evals\eval_cand4_20260501T005700729006Z,C:\repos\fuzzfolio-autoresearch\runs\20260501T005200039265Z-agentic-f6e64f\profiles\cand4.json
58.1777,71.2579,-13.0802,6.0,6.0,0.28,835.0,23.233166388425154,2.7926,32.0,0.1629,0.957679,0.257398,0.330694,0.817734,0.999812,0.592,259.8622,1.0,1.0,OBV_TREND|STOCH_TREND|PRICE_RECLAIM_MA,1|1|1,loss_streak_20_plus|win_rate_lt_20|weak_ride_lt_45,20260501T002420700291Z-agentic-d2a90e,eval_sw10_top_usdjpy_20260501T005441245940Z,C:\repos\fuzzfolio-autoresearch\runs\20260501T002420700291Z-agentic-d2a90e\evals\eval_sw10_top_usdjpy_20260501T005441245940Z,C:\repos\fuzzfolio-autoresearch\runs\20260501T002420700291Z-agentic-d2a90e\profiles\sw10_top.json
58.0331,63.5006,-5.4675,5.5,5.5,0.48,296.0,8.235948803561492,2.7215,37.0,0.1824,0.90142,0.322403,0.345744,0.662836,0.988307,0.2944,729.2333,2.0,2.0,MACD_CROSSOVER|CHAIKIN_AD_TREND|STOCHF_TREND|STOCHRSI_CROSSBACK,1|1|1|1,loss_streak_20_plus|win_rate_lt_20|weak_ride_lt_45,20260430T230053877421Z-agentic-79f031,eval_cand17_20260430T233113989059Z,C:\repos\fuzzfolio-autoresearch\runs\20260430T230053877421Z-agentic-79f031\evals\eval_cand17_20260430T233113989059Z,C:\repos\fuzzfolio-autoresearch\runs\20260430T230053877421Z-agentic-79f031\profiles\cand17.json
57.8608,67.4438,-9.583,3.0,3.0,0.22,1198.0,33.333333333333336,3.5317,27.0,0.2763,1.0,0.217065,0.3874,0.792011,0.97374,0.3088,182.4587,1.0,1.0,MACD_CROSSOVER|CCI_TREND|MA_SPREAD_TREND,1|1|1,loss_streak_20_plus|weak_ride_lt_45,20260430T234209100828Z-agentic-cf3af2,eval_cand8_20260501T000514423024Z,C:\repos\fuzzfolio-autoresearch\runs\20260430T234209100828Z-agentic-cf3af2\evals\eval_cand8_20260501T000514423024Z,C:\repos\fuzzfolio-autoresearch\runs\20260430T234209100828Z-agentic-cf3af2\profiles\cand8.json
55.9497,38.2977,17.652,1.0,4.5,0.46,26.0,0.7234279354479689,0.9618,6.0,0.2308,0.494453,0.426611,0.601227,0.54083,0.799342,0.1488,8411.6154,1.0,1.0,MACD_CROSSOVER|MA_SLOPE_TREND,1|1,thin_sample_lt_36|low_cadence_lt_2pm,20260501T004246401500Z-agentic-1b8fa5,eval_cand_hybrid1_20260501T011449283665Z,C:\repos\fuzzfolio-autoresearch\runs\20260501T004246401500Z-agentic-1b8fa5\evals\eval_cand_hybrid1_20260501T011449283665Z,C:\repos\fuzzfolio-autoresearch\runs\20260501T004246401500Z-agentic-1b8fa5\profiles\cand_hybrid1.json
55.9012,64.4326,-8.5314,5.0,5.0,0.48,530.0,14.746800222593212,2.2448,25.0,0.1868,0.871788,0.248914,0.416777,0.642638,0.939238,0.2976,1635.6299,1.0,2.0,CANDLESTICK_PATTERNS|CMO_TREND|MA_SPREAD_TREND|PRICE_RECLAIM_MA,1|1|1|1,loss_streak_20_plus|win_rate_lt_20|weak_ride_lt_45,20260430T230051139123Z-agentic-73e23c,eval_cand12_20260501T000852594507Z,C:\repos\fuzzfolio-autoresearch\runs\20260430T230051139123Z-agentic-73e23c\evals\eval_cand12_20260501T000852594507Z,C:\repos\fuzzfolio-autoresearch\runs\20260430T230051139123Z-agentic-73e23c\profiles\cand12.json
55.664,72.9624,-17.2984,9.5,4.0,0.1,3721.0,103.5336672231497,2.0187,33.0,0.2284,1.0,0.269612,0.342848,0.791153,0.730754,0.5824,58.7831,1.0,1.0,MACD_HISTOGRAM_PIPS_MEAN_REVERSION|WILLR_MEAN_REVERSION|MA_DISTANCE_MEAN_REVERSION|STOCHRSI_CROSSBACK,1|1|1|1,loss_streak_20_plus|weak_ride_lt_45,20260430T230049232325Z-agentic-60a45b,eval_cand6_20260430T231942319418Z,C:\repos\fuzzfolio-autoresearch\runs\20260430T230049232325Z-agentic-60a45b\evals\eval_cand6_20260430T231942319418Z,C:\repos\fuzzfolio-autoresearch\runs\20260430T230049232325Z-agentic-60a45b\profiles\cand6.json
