anchor_type,recipe,anchor_id,anchor_signal_role,anchor_strategy_role,trigger_id,trigger_signal_role,trigger_strategy_role,probe_timeframe,instruments,compatibility_prior_score,signal_density_score,signal_density_bucket,signal_balance_bucket,trigger_active_percent,trigger_event_count,forward_response_prior_score,forward_response_prior_bucket,best_forward_context,strong_cell_count,recipe_fit_score,pair_prior_score,pair_prior_label,pair_prior_bucket,pair_issue,shared_base_indicator
mean_reversion,mean_reversion_reclaim,RSI_MEAN_REVERSION,setup,mean-reversion,CHANNEL_REENTRY,trigger,mean-reversion,M5,"EURUSD,GBPUSD,USDJPY,XAUUSD",89.3,90.0,usable,balanced,7.4925,2997,75.0,context_dependent_forward_response,USDJPY M5 long 1,8,76.0,89.34,high,probe_now,,False
compression,breakout_compression_release,TOBY_CRABEL_NARROW_RANGE,trigger,confirm,PMO_CROSSOVER,trigger,confirm,M5,"EURUSD,GBPUSD,USDJPY,XAUUSD",91.7,90.0,usable,balanced,11.605,2104,69.81,context_dependent_forward_response,EURUSD M5 short 24,3,78.0,88.97,high,probe_now,,False
mean_reversion,mean_reversion_reclaim,BBANDS_POSITION_MEAN_REVERSION,setup,mean-reversion,CHANNEL_REENTRY,trigger,mean-reversion,M5,"EURUSD,GBPUSD,USDJPY,XAUUSD",86.9,90.0,usable,balanced,7.4925,2997,75.0,context_dependent_forward_response,USDJPY M5 long 1,8,76.0,88.57,high,probe_now,,False
trend,trend_pullback_continuation,KALMAN_VELOCITY_CONFIRM,setup,confirm,PMO_CROSSOVER,trigger,confirm,M5,"EURUSD,GBPUSD,USDJPY,XAUUSD",90.5,90.0,usable,balanced,11.605,2104,69.81,context_dependent_forward_response,EURUSD M5 short 24,3,76.0,88.27,high,probe_now,,False
trend,trend_pullback_continuation,KALMAN_VELOCITY_CONFIRM,setup,confirm,TOBY_CRABEL_NARROW_RANGE,trigger,confirm,M5,"EURUSD,GBPUSD,USDJPY,XAUUSD",92.3,90.0,usable,balanced,8.485,1173,66.16,context_dependent_forward_response,USDJPY M5 long 24,2,76.0,87.82,high,probe_now,,False
trend,trend_pullback_continuation,ADX,filter,,PMO_CROSSOVER,trigger,confirm,M5,"EURUSD,GBPUSD,USDJPY,XAUUSD",86.5,90.0,usable,balanced,11.605,2104,69.81,context_dependent_forward_response,EURUSD M5 short 24,3,76.0,86.99,high,probe_now,,False
compression,breakout_compression_release,TOBY_CRABEL_NARROW_RANGE,trigger,confirm,MARKET_MODE_TRANSITION,trigger,confirm,M15,"EURUSD,GBPUSD,USDJPY,XAUUSD",89.3,90.0,usable,balanced,7.435,1487,65.16,context_dependent_forward_response,USDJPY M15 long 6,3,78.0,86.9,high,probe_now,,False
trend,trend_pullback_continuation,MA_SLOPE_TREND,context,trend,PMO_CROSSOVER,trigger,confirm,M5,"EURUSD,GBPUSD,USDJPY,XAUUSD",85.7,90.0,usable,balanced,11.605,2104,69.81,context_dependent_forward_response,EURUSD M5 short 24,3,76.0,86.73,high,probe_now,,False
compression,breakout_compression_release,BOLLINGER_KELTNER_SQUEEZE_FILTER,filter,filter,PMO_CROSSOVER,trigger,confirm,M5,"EURUSD,GBPUSD,USDJPY,XAUUSD",84.1,90.0,usable,balanced,11.605,2104,69.81,context_dependent_forward_response,EURUSD M5 short 24,3,78.0,86.54,high,probe_now,,False
trend,trend_pullback_continuation,ADX,filter,,TOBY_CRABEL_NARROW_RANGE,trigger,confirm,M5,"EURUSD,GBPUSD,USDJPY,XAUUSD",88.3,90.0,usable,balanced,8.485,1173,66.16,context_dependent_forward_response,USDJPY M5 long 24,2,76.0,86.54,high,probe_now,,False
compression,breakout_compression_release,TOBY_CRABEL_NARROW_RANGE,trigger,confirm,TTF_DSL_TRANSITION,trigger,confirm,M15,"EURUSD,GBPUSD,USDJPY,XAUUSD",89.3,90.0,usable,balanced,5.2725,2107,63.6,context_dependent_forward_response,USDJPY M15 long 24,1,78.0,86.46,high,probe_now,,False
trend,trend_pullback_continuation,MA_SLOPE_TREND,context,trend,TOBY_CRABEL_NARROW_RANGE,trigger,confirm,M5,"EURUSD,GBPUSD,USDJPY,XAUUSD",87.5,90.0,usable,balanced,8.485,1173,66.16,context_dependent_forward_response,USDJPY M5 long 24,2,76.0,86.28,high,probe_now,,False
trend,trend_pullback_continuation,KALMAN_VELOCITY_CONFIRM,setup,confirm,MARKET_MODE_TRANSITION,trigger,confirm,M15,"EURUSD,GBPUSD,USDJPY,XAUUSD",88.1,90.0,usable,balanced,7.435,1487,65.16,context_dependent_forward_response,USDJPY M15 long 6,3,76.0,86.2,high,probe_now,,False
compression,breakout_compression_release,BOLLINGER_KELTNER_SQUEEZE_FILTER,filter,filter,TOBY_CRABEL_NARROW_RANGE,trigger,confirm,M5,"EURUSD,GBPUSD,USDJPY,XAUUSD",85.9,90.0,usable,balanced,8.485,1173,66.16,context_dependent_forward_response,USDJPY M5 long 24,2,78.0,86.09,high,probe_now,,False
trend,trend_pullback_continuation,KALMAN_VELOCITY_CONFIRM,setup,confirm,TTF_DSL_TRANSITION,trigger,confirm,M15,"EURUSD,GBPUSD,USDJPY,XAUUSD",88.1,90.0,usable,balanced,5.2725,2107,63.6,context_dependent_forward_response,USDJPY M15 long 24,1,76.0,85.76,high,probe_now,,False
mean_reversion,mean_reversion_reclaim,RSI_MEAN_REVERSION,setup,mean-reversion,CHANNEL_REENTRY,trigger,mean-reversion,M15,"EURUSD,GBPUSD,USDJPY,XAUUSD",89.3,90.0,usable,balanced,7.4925,2997,75.0,context_dependent_forward_response,USDJPY M5 long 1,8,76.0,85.34,high,probe_now,,False
compression,breakout_compression_release,TOBY_CRABEL_NARROW_RANGE,trigger,confirm,PMO_CROSSOVER,trigger,confirm,M15,"EURUSD,GBPUSD,USDJPY,XAUUSD",91.7,90.0,usable,balanced,11.605,2104,69.81,context_dependent_forward_response,EURUSD M5 short 24,3,78.0,84.97,high,probe_now,,False
trend,trend_pullback_continuation,ADX,filter,,MARKET_MODE_TRANSITION,trigger,confirm,M15,"EURUSD,GBPUSD,USDJPY,XAUUSD",84.1,90.0,usable,balanced,7.435,1487,65.16,context_dependent_forward_response,USDJPY M15 long 6,3,76.0,84.92,high,probe_now,,False
trend,trend_pullback_continuation,MA_SLOPE_TREND,context,trend,MARKET_MODE_TRANSITION,trigger,confirm,M15,"EURUSD,GBPUSD,USDJPY,XAUUSD",83.3,90.0,usable,balanced,7.435,1487,65.16,context_dependent_forward_response,USDJPY M15 long 6,3,76.0,84.66,high,probe_now,,False
mean_reversion,mean_reversion_reclaim,BBANDS_POSITION_MEAN_REVERSION,setup,mean-reversion,CHANNEL_REENTRY,trigger,mean-reversion,M15,"EURUSD,GBPUSD,USDJPY,XAUUSD",86.9,90.0,usable,balanced,7.4925,2997,75.0,context_dependent_forward_response,USDJPY M5 long 1,8,76.0,84.57,high,probe_now,,False
compression,breakout_compression_release,TOBY_CRABEL_NARROW_RANGE,trigger,confirm,WAVETREND_CROSSOVER,trigger,confirm,M15,"EURUSD,GBPUSD,USDJPY,XAUUSD",89.3,90.0,usable,balanced,4.015,796,56.71,neutral_forward_response,XAUUSD M15 short 12,0,78.0,84.53,high,probe_now,,False
trend,trend_pullback_continuation,ADX,filter,,TTF_DSL_TRANSITION,trigger,confirm,M15,"EURUSD,GBPUSD,USDJPY,XAUUSD",84.1,90.0,usable,balanced,5.2725,2107,63.6,context_dependent_forward_response,USDJPY M15 long 24,1,76.0,84.48,high,probe_now,,False
compression,breakout_compression_release,BOLLINGER_KELTNER_SQUEEZE_FILTER,filter,filter,MARKET_MODE_TRANSITION,trigger,confirm,M15,"EURUSD,GBPUSD,USDJPY,XAUUSD",81.7,90.0,usable,balanced,7.435,1487,65.16,context_dependent_forward_response,USDJPY M15 long 6,3,78.0,84.47,high,probe_now,,False
trend,trend_pullback_continuation,KALMAN_VELOCITY_CONFIRM,setup,confirm,PMO_CROSSOVER,trigger,confirm,M15,"EURUSD,GBPUSD,USDJPY,XAUUSD",90.5,90.0,usable,balanced,11.605,2104,69.81,context_dependent_forward_response,EURUSD M5 short 24,3,76.0,84.27,high,probe_now,,False
trend,trend_pullback_continuation,MA_SLOPE_TREND,context,trend,TTF_DSL_TRANSITION,trigger,confirm,M15,"EURUSD,GBPUSD,USDJPY,XAUUSD",83.3,90.0,usable,balanced,5.2725,2107,63.6,context_dependent_forward_response,USDJPY M15 long 24,1,76.0,84.22,high,probe_now,,False
compression,breakout_compression_release,TOBY_CRABEL_NARROW_RANGE,trigger,confirm,KEY_REVERSAL_SIGNAL,trigger,confirm,M15,"EURUSD,GBPUSD,USDJPY,XAUUSD",95.3,90.0,usable,balanced,7.69,3051,48.63,neutral_forward_response,XAUUSD M15 short 12,0,78.0,84.19,high,probe_now,,False
compression,breakout_compression_release,BOLLINGER_KELTNER_SQUEEZE_FILTER,filter,filter,TTF_DSL_TRANSITION,trigger,confirm,M15,"EURUSD,GBPUSD,USDJPY,XAUUSD",81.7,90.0,usable,balanced,5.2725,2107,63.6,context_dependent_forward_response,USDJPY M15 long 24,1,78.0,84.03,high,probe_now,,False
trend,trend_pullback_continuation,KALMAN_VELOCITY_CONFIRM,setup,confirm,WAVETREND_CROSSOVER,trigger,confirm,M15,"EURUSD,GBPUSD,USDJPY,XAUUSD",88.1,90.0,usable,balanced,4.015,796,56.71,neutral_forward_response,XAUUSD M15 short 12,0,76.0,83.83,high,probe_now,,False
trend,trend_pullback_continuation,KALMAN_VELOCITY_CONFIRM,setup,confirm,TOBY_CRABEL_NARROW_RANGE,trigger,confirm,M15,"EURUSD,GBPUSD,USDJPY,XAUUSD",92.3,90.0,usable,balanced,8.485,1173,66.16,context_dependent_forward_response,USDJPY M5 long 24,2,76.0,83.82,high,probe_now,,False
compression,breakout_compression_release,TOBY_CRABEL_NARROW_RANGE,trigger,confirm,CANDLE_DIRECTION_INDEX,trigger,confirm,M5,"EURUSD,GBPUSD,USDJPY,XAUUSD",94.1,90.0,usable,balanced,4.665,1549,47.66,neutral_forward_response,GBPUSD M5 long 24,0,78.0,83.54,high,probe_now,,False
trend,trend_pullback_continuation,KALMAN_VELOCITY_CONFIRM,setup,confirm,KEY_REVERSAL_SIGNAL,trigger,confirm,M15,"EURUSD,GBPUSD,USDJPY,XAUUSD",94.1,90.0,usable,balanced,7.69,3051,48.63,neutral_forward_response,XAUUSD M15 short 12,0,76.0,83.49,high,probe_now,,False
compression,breakout_compression_release,TOBY_CRABEL_NARROW_RANGE,trigger,confirm,NVO_VOLUME_IMPULSE,trigger,confirm,M5,"EURUSD,GBPUSD,USDJPY,XAUUSD",88.7,90.0,usable,balanced,3.4425,1377,53.45,neutral_forward_response,GBPUSD M5 long 1,0,78.0,83.43,high,probe_now,,False
profile_value,profile_value_context,ROLLING_VOLUME_PROFILE_CONTEXT,filter,filter,CHANNEL_REENTRY,trigger,mean-reversion,M5,"EURUSD,GBPUSD,USDJPY,XAUUSD",73.7,90.0,usable,balanced,7.4925,2997,75.0,context_dependent_forward_response,USDJPY M5 long 1,8,70.0,83.38,high,probe_now,,False
mean_reversion,mean_reversion_reclaim,BBANDS_POSITION_MEAN_REVERSION,setup,mean-reversion,RSI_CROSSBACK,trigger,mean-reversion,M5,"EURUSD,GBPUSD,USDJPY,XAUUSD",89.3,90.0,usable,balanced,2.74,1095,53.46,neutral_forward_response,EURUSD M5 short 3,0,76.0,83.3,high,probe_now,,False
compression,breakout_compression_release,TOBY_CRABEL_NARROW_RANGE,trigger,confirm,PRICE_RECLAIM_MA,trigger,confirm,M15,"EURUSD,GBPUSD,USDJPY,XAUUSD",91.7,90.0,usable,balanced,13.27,3739,48.56,neutral_forward_response,GBPUSD M15 short 24,0,78.0,83.02,high,probe_now,,False
trend,trend_pullback_continuation,ADX,filter,,PMO_CROSSOVER,trigger,confirm,M15,"EURUSD,GBPUSD,USDJPY,XAUUSD",86.5,90.0,usable,balanced,11.605,2104,69.81,context_dependent_forward_response,EURUSD M5 short 24,3,76.0,82.99,high,probe_now,,False
compression,breakout_compression_release,TOBY_CRABEL_NARROW_RANGE,trigger,confirm,MARKET_MODE_TRANSITION,trigger,confirm,M5,"EURUSD,GBPUSD,USDJPY,XAUUSD",89.3,90.0,usable,balanced,7.435,1487,65.16,context_dependent_forward_response,USDJPY M15 long 6,3,78.0,82.9,high,probe_now,,False
trend,trend_pullback_continuation,KALMAN_VELOCITY_CONFIRM,setup,confirm,CANDLE_DIRECTION_INDEX,trigger,confirm,M5,"EURUSD,GBPUSD,USDJPY,XAUUSD",92.9,90.0,usable,balanced,4.665,1549,47.66,neutral_forward_response,GBPUSD M5 long 24,0,76.0,82.83,high,probe_now,,False
compression,breakout_compression_release,TOBY_CRABEL_NARROW_RANGE,trigger,confirm,KST_CROSSOVER,trigger,confirm,M5,"EURUSD,GBPUSD,USDJPY,XAUUSD",89.3,90.0,usable,balanced,10.85,2075,50.25,neutral_forward_response,GBPUSD M5 short 3,0,78.0,82.73,high,probe_now,,False
trend,trend_pullback_continuation,KALMAN_VELOCITY_CONFIRM,setup,confirm,NVO_VOLUME_IMPULSE,trigger,confirm,M5,"EURUSD,GBPUSD,USDJPY,XAUUSD",87.5,90.0,usable,balanced,3.4425,1377,53.45,neutral_forward_response,GBPUSD M5 long 1,0,76.0,82.73,high,probe_now,,False
trend,trend_pullback_continuation,MA_SLOPE_TREND,context,trend,PMO_CROSSOVER,trigger,confirm,M15,"EURUSD,GBPUSD,USDJPY,XAUUSD",85.7,90.0,usable,balanced,11.605,2104,69.81,context_dependent_forward_response,EURUSD M5 short 24,3,76.0,82.73,high,probe_now,,False
profile_value,profile_value_context,ROLLING_VOLUME_PROFILE_CONTEXT,filter,filter,PMO_CROSSOVER,trigger,confirm,M5,"EURUSD,GBPUSD,USDJPY,XAUUSD",76.1,90.0,usable,balanced,11.605,2104,69.81,context_dependent_forward_response,EURUSD M5 short 24,3,70.0,82.7,high,probe_now,,False
trend,trend_pullback_continuation,ADX,filter,,WAVETREND_CROSSOVER,trigger,confirm,M15,"EURUSD,GBPUSD,USDJPY,XAUUSD",84.1,90.0,usable,balanced,4.015,796,56.71,neutral_forward_response,XAUUSD M15 short 12,0,76.0,82.55,high,probe_now,,False
compression,breakout_compression_release,BOLLINGER_KELTNER_SQUEEZE_FILTER,filter,filter,PMO_CROSSOVER,trigger,confirm,M15,"EURUSD,GBPUSD,USDJPY,XAUUSD",84.1,90.0,usable,balanced,11.605,2104,69.81,context_dependent_forward_response,EURUSD M5 short 24,3,78.0,82.54,high,probe_now,,False
trend,trend_pullback_continuation,ADX,filter,,TOBY_CRABEL_NARROW_RANGE,trigger,confirm,M15,"EURUSD,GBPUSD,USDJPY,XAUUSD",88.3,90.0,usable,balanced,8.485,1173,66.16,context_dependent_forward_response,USDJPY M5 long 24,2,76.0,82.54,high,probe_now,,False
compression,breakout_compression_release,TOBY_CRABEL_NARROW_RANGE,trigger,confirm,TTF_DSL_TRANSITION,trigger,confirm,M5,"EURUSD,GBPUSD,USDJPY,XAUUSD",89.3,90.0,usable,balanced,5.2725,2107,63.6,context_dependent_forward_response,USDJPY M15 long 24,1,78.0,82.46,high,probe_now,,False
trend,trend_pullback_continuation,KALMAN_VELOCITY_CONFIRM,setup,confirm,PRICE_RECLAIM_MA,trigger,confirm,M15,"EURUSD,GBPUSD,USDJPY,XAUUSD",90.5,90.0,usable,balanced,13.27,3739,48.56,neutral_forward_response,GBPUSD M15 short 24,0,76.0,82.32,high,probe_now,,False
trend,trend_pullback_continuation,MA_SLOPE_TREND,context,trend,WAVETREND_CROSSOVER,trigger,confirm,M15,"EURUSD,GBPUSD,USDJPY,XAUUSD",83.3,90.0,usable,balanced,4.015,796,56.71,neutral_forward_response,XAUUSD M15 short 12,0,76.0,82.29,high,probe_now,,False
trend,trend_pullback_continuation,MA_SLOPE_TREND,context,trend,TOBY_CRABEL_NARROW_RANGE,trigger,confirm,M15,"EURUSD,GBPUSD,USDJPY,XAUUSD",87.5,90.0,usable,balanced,8.485,1173,66.16,context_dependent_forward_response,USDJPY M5 long 24,2,76.0,82.28,high,probe_now,,False
profile_value,profile_value_context,ROLLING_VOLUME_PROFILE_CONTEXT,filter,filter,TOBY_CRABEL_NARROW_RANGE,trigger,confirm,M5,"EURUSD,GBPUSD,USDJPY,XAUUSD",77.9,90.0,usable,balanced,8.485,1173,66.16,context_dependent_forward_response,USDJPY M5 long 24,2,70.0,82.25,high,probe_now,,False
trend,trend_pullback_continuation,ADX,filter,,KEY_REVERSAL_SIGNAL,trigger,confirm,M15,"EURUSD,GBPUSD,USDJPY,XAUUSD",90.1,90.0,usable,balanced,7.69,3051,48.63,neutral_forward_response,XAUUSD M15 short 12,0,76.0,82.21,high,probe_now,,False
trend,trend_pullback_continuation,KALMAN_VELOCITY_CONFIRM,setup,confirm,MARKET_MODE_TRANSITION,trigger,confirm,M5,"EURUSD,GBPUSD,USDJPY,XAUUSD",88.1,90.0,usable,balanced,7.435,1487,65.16,context_dependent_forward_response,USDJPY M15 long 6,3,76.0,82.2,high,probe_now,,False
compression,breakout_compression_release,TOBY_CRABEL_NARROW_RANGE,trigger,confirm,BUFFERED_RANGE_BREAKOUT_SIGNAL,trigger,breakout,M15,"EURUSD,GBPUSD,USDJPY,XAUUSD",89.5,90.0,usable,balanced,7.6375,2918,47.98,neutral_forward_response,XAUUSD M15 short 6,0,78.0,82.15,high,probe_now,,False
compression,breakout_compression_release,BOLLINGER_KELTNER_SQUEEZE_FILTER,filter,filter,WAVETREND_CROSSOVER,trigger,confirm,M15,"EURUSD,GBPUSD,USDJPY,XAUUSD",81.7,90.0,usable,balanced,4.015,796,56.71,neutral_forward_response,XAUUSD M15 short 12,0,78.0,82.1,high,probe_now,,False
compression,breakout_compression_release,BOLLINGER_KELTNER_SQUEEZE_FILTER,filter,filter,TOBY_CRABEL_NARROW_RANGE,trigger,confirm,M15,"EURUSD,GBPUSD,USDJPY,XAUUSD",85.9,90.0,usable,balanced,8.485,1173,66.16,context_dependent_forward_response,USDJPY M5 long 24,2,78.0,82.09,high,probe_now,,False
trend,trend_pullback_continuation,KALMAN_VELOCITY_CONFIRM,setup,confirm,KST_CROSSOVER,trigger,confirm,M5,"EURUSD,GBPUSD,USDJPY,XAUUSD",88.1,90.0,usable,balanced,10.85,2075,50.25,neutral_forward_response,GBPUSD M5 short 3,0,76.0,82.02,high,probe_now,,False
trend,trend_pullback_continuation,MA_SLOPE_TREND,context,trend,KEY_REVERSAL_SIGNAL,trigger,confirm,M15,"EURUSD,GBPUSD,USDJPY,XAUUSD",89.3,90.0,usable,balanced,7.69,3051,48.63,neutral_forward_response,XAUUSD M15 short 12,0,76.0,81.95,high,probe_now,,False
compression,breakout_compression_release,TOBY_CRABEL_NARROW_RANGE,trigger,confirm,THRUST_BAR_SIGNAL,trigger,confirm,M15,"EURUSD,GBPUSD,USDJPY,XAUUSD",93.5,86.0,usable,balanced,1.1825,440,45.89,neutral_forward_response,EURUSD M15 long 3,0,78.0,81.89,high,probe_now,,False
compression,breakout_compression_release,BOLLINGER_KELTNER_SQUEEZE_FILTER,filter,filter,KEY_REVERSAL_SIGNAL,trigger,confirm,M15,"EURUSD,GBPUSD,USDJPY,XAUUSD",87.7,90.0,usable,balanced,7.69,3051,48.63,neutral_forward_response,XAUUSD M15 short 12,0,78.0,81.76,high,probe_now,,False
trend,trend_pullback_continuation,KALMAN_VELOCITY_CONFIRM,setup,confirm,TTF_DSL_TRANSITION,trigger,confirm,M5,"EURUSD,GBPUSD,USDJPY,XAUUSD",88.1,90.0,usable,balanced,5.2725,2107,63.6,context_dependent_forward_response,USDJPY M15 long 24,1,76.0,81.76,high,probe_now,,False
trend,trend_pullback_continuation,ADX,filter,,CANDLE_DIRECTION_INDEX,trigger,confirm,M5,"EURUSD,GBPUSD,USDJPY,XAUUSD",88.9,90.0,usable,balanced,4.665,1549,47.66,neutral_forward_response,GBPUSD M5 long 24,0,76.0,81.55,high,probe_now,,False
trend,trend_pullback_continuation,ADX,filter,,BUFFERED_RANGE_BREAKOUT_SIGNAL,trigger,breakout,M15,"EURUSD,GBPUSD,USDJPY,XAUUSD",88.3,90.0,usable,balanced,7.6375,2918,47.98,neutral_forward_response,XAUUSD M15 short 6,0,76.0,81.45,high,probe_now,,False
trend,trend_pullback_continuation,ADX,filter,,NVO_VOLUME_IMPULSE,trigger,confirm,M5,"EURUSD,GBPUSD,USDJPY,XAUUSD",83.5,90.0,usable,balanced,3.4425,1377,53.45,neutral_forward_response,GBPUSD M5 long 1,0,76.0,81.45,high,probe_now,,False
trend,trend_pullback_continuation,KALMAN_VELOCITY_CONFIRM,setup,confirm,BUFFERED_RANGE_BREAKOUT_SIGNAL,trigger,breakout,M15,"EURUSD,GBPUSD,USDJPY,XAUUSD",88.3,90.0,usable,balanced,7.6375,2918,47.98,neutral_forward_response,XAUUSD M15 short 6,0,76.0,81.45,high,probe_now,,False
trend,trend_pullback_continuation,MA_SLOPE_TREND,context,trend,CANDLE_DIRECTION_INDEX,trigger,confirm,M5,"EURUSD,GBPUSD,USDJPY,XAUUSD",88.1,90.0,usable,balanced,4.665,1549,47.66,neutral_forward_response,GBPUSD M5 long 24,0,76.0,81.3,high,probe_now,,False
trend,trend_pullback_continuation,KALMAN_VELOCITY_CONFIRM,setup,confirm,THRUST_BAR_SIGNAL,trigger,confirm,M15,"EURUSD,GBPUSD,USDJPY,XAUUSD",92.3,86.0,usable,balanced,1.1825,440,45.89,neutral_forward_response,EURUSD M15 long 3,0,76.0,81.19,high,probe_now,,False
trend,trend_pullback_continuation,MA_SLOPE_TREND,context,trend,BUFFERED_RANGE_BREAKOUT_SIGNAL,trigger,breakout,M15,"EURUSD,GBPUSD,USDJPY,XAUUSD",87.5,90.0,usable,balanced,7.6375,2918,47.98,neutral_forward_response,XAUUSD M15 short 6,0,76.0,81.19,high,probe_now,,False
trend,trend_pullback_continuation,MA_SLOPE_TREND,context,trend,NVO_VOLUME_IMPULSE,trigger,confirm,M5,"EURUSD,GBPUSD,USDJPY,XAUUSD",82.7,90.0,usable,balanced,3.4425,1377,53.45,neutral_forward_response,GBPUSD M5 long 1,0,76.0,81.19,high,probe_now,,False
compression,breakout_compression_release,BOLLINGER_KELTNER_SQUEEZE_FILTER,filter,filter,CANDLE_DIRECTION_INDEX,trigger,confirm,M5,"EURUSD,GBPUSD,USDJPY,XAUUSD",86.5,90.0,usable,balanced,4.665,1549,47.66,neutral_forward_response,GBPUSD M5 long 24,0,78.0,81.1,high,probe_now,,False
trend,trend_pullback_continuation,ADX,filter,,PRICE_RECLAIM_MA,trigger,confirm,M15,"EURUSD,GBPUSD,USDJPY,XAUUSD",86.5,90.0,usable,balanced,13.27,3739,48.56,neutral_forward_response,GBPUSD M15 short 24,0,76.0,81.04,high,probe_now,,False
compression,breakout_compression_release,TOBY_CRABEL_NARROW_RANGE,trigger,confirm,CHANNEL_REENTRY,trigger,mean-reversion,M5,"EURUSD,GBPUSD,USDJPY,XAUUSD",71.3,90.0,usable,balanced,7.4925,2997,75.0,context_dependent_forward_response,USDJPY M5 long 1,8,60.0,81.02,high,probe_now,,False
compression,breakout_compression_release,BOLLINGER_KELTNER_SQUEEZE_FILTER,filter,filter,BUFFERED_RANGE_BREAKOUT_SIGNAL,trigger,breakout,M15,"EURUSD,GBPUSD,USDJPY,XAUUSD",85.9,90.0,usable,balanced,7.6375,2918,47.98,neutral_forward_response,XAUUSD M15 short 6,0,78.0,81.0,high,probe_now,,False
compression,breakout_compression_release,BOLLINGER_KELTNER_SQUEEZE_FILTER,filter,filter,NVO_VOLUME_IMPULSE,trigger,confirm,M5,"EURUSD,GBPUSD,USDJPY,XAUUSD",81.1,90.0,usable,balanced,3.4425,1377,53.45,neutral_forward_response,GBPUSD M5 long 1,0,78.0,81.0,high,probe_now,,False
trend,trend_pullback_continuation,ADX,filter,,MARKET_MODE_TRANSITION,trigger,confirm,M5,"EURUSD,GBPUSD,USDJPY,XAUUSD",84.1,90.0,usable,balanced,7.435,1487,65.16,context_dependent_forward_response,USDJPY M15 long 6,3,76.0,80.92,high,probe_now,,False
trend,trend_pullback_continuation,MA_SLOPE_TREND,context,trend,PRICE_RECLAIM_MA,trigger,confirm,M15,"EURUSD,GBPUSD,USDJPY,XAUUSD",85.7,90.0,usable,balanced,13.27,3739,48.56,neutral_forward_response,GBPUSD M15 short 24,0,76.0,80.78,high,probe_now,,False
trend,trend_pullback_continuation,ADX,filter,,KST_CROSSOVER,trigger,confirm,M5,"EURUSD,GBPUSD,USDJPY,XAUUSD",84.1,90.0,usable,balanced,10.85,2075,50.25,neutral_forward_response,GBPUSD M5 short 3,0,76.0,80.74,high,probe_now,,False
trend,trend_pullback_continuation,MA_SLOPE_TREND,context,trend,MARKET_MODE_TRANSITION,trigger,confirm,M5,"EURUSD,GBPUSD,USDJPY,XAUUSD",83.3,90.0,usable,balanced,7.435,1487,65.16,context_dependent_forward_response,USDJPY M15 long 6,3,76.0,80.66,high,probe_now,,False
mean_reversion,mean_reversion_reclaim,RSI_MEAN_REVERSION,setup,mean-reversion,PMO_CROSSOVER,trigger,confirm,M5,"EURUSD,GBPUSD,USDJPY,XAUUSD",73.7,90.0,usable,balanced,11.605,2104,69.81,context_dependent_forward_response,EURUSD M5 short 24,3,62.0,80.65,high,probe_now,,False
profile_value,profile_value_context,ROLLING_VOLUME_PROFILE_CONTEXT,filter,filter,MARKET_MODE_TRANSITION,trigger,confirm,M15,"EURUSD,GBPUSD,USDJPY,XAUUSD",73.7,90.0,usable,balanced,7.435,1487,65.16,context_dependent_forward_response,USDJPY M15 long 6,3,70.0,80.63,high,probe_now,,False
compression,breakout_compression_release,BOLLINGER_KELTNER_SQUEEZE_FILTER,filter,filter,PRICE_RECLAIM_MA,trigger,confirm,M15,"EURUSD,GBPUSD,USDJPY,XAUUSD",84.1,90.0,usable,balanced,13.27,3739,48.56,neutral_forward_response,GBPUSD M15 short 24,0,78.0,80.59,high,probe_now,,False
compression,breakout_compression_release,TOBY_CRABEL_NARROW_RANGE,trigger,confirm,WAVETREND_CROSSOVER,trigger,confirm,M5,"EURUSD,GBPUSD,USDJPY,XAUUSD",89.3,90.0,usable,balanced,4.015,796,56.71,neutral_forward_response,XAUUSD M15 short 12,0,78.0,80.53,high,probe_now,,False
trend,trend_pullback_continuation,MA_SLOPE_TREND,context,trend,KST_CROSSOVER,trigger,confirm,M5,"EURUSD,GBPUSD,USDJPY,XAUUSD",83.3,90.0,usable,balanced,10.85,2075,50.25,neutral_forward_response,GBPUSD M5 short 3,0,76.0,80.49,high,probe_now,,False
trend,trend_pullback_continuation,ADX,filter,,TTF_DSL_TRANSITION,trigger,confirm,M5,"EURUSD,GBPUSD,USDJPY,XAUUSD",84.1,90.0,usable,balanced,5.2725,2107,63.6,context_dependent_forward_response,USDJPY M15 long 24,1,76.0,80.48,high,probe_now,,False
compression,breakout_compression_release,BOLLINGER_KELTNER_SQUEEZE_FILTER,filter,filter,MARKET_MODE_TRANSITION,trigger,confirm,M5,"EURUSD,GBPUSD,USDJPY,XAUUSD",81.7,90.0,usable,balanced,7.435,1487,65.16,context_dependent_forward_response,USDJPY M15 long 6,3,78.0,80.47,high,probe_now,,False
compression,breakout_compression_release,TOBY_CRABEL_NARROW_RANGE,trigger,confirm,MA_CROSSOVER,trigger,,M15,"EURUSD,GBPUSD,USDJPY,XAUUSD",73.7,90.0,usable,balanced,4.6425,1731,69.95,context_dependent_forward_response,USDJPY M15 long 24,7,60.0,80.37,high,probe_now,,False
compression,breakout_compression_release,BOLLINGER_KELTNER_SQUEEZE_FILTER,filter,filter,KST_CROSSOVER,trigger,confirm,M5,"EURUSD,GBPUSD,USDJPY,XAUUSD",81.7,90.0,usable,balanced,10.85,2075,50.25,neutral_forward_response,GBPUSD M5 short 3,0,78.0,80.29,high,probe_now,,False
trend,trend_pullback_continuation,MA_SLOPE_TREND,context,trend,TTF_DSL_TRANSITION,trigger,confirm,M5,"EURUSD,GBPUSD,USDJPY,XAUUSD",83.3,90.0,usable,balanced,5.2725,2107,63.6,context_dependent_forward_response,USDJPY M15 long 24,1,76.0,80.22,high,probe_now,,False
mean_reversion,mean_reversion_reclaim,RSI_MEAN_REVERSION,setup,mean-reversion,TOBY_CRABEL_NARROW_RANGE,trigger,confirm,M5,"EURUSD,GBPUSD,USDJPY,XAUUSD",75.5,90.0,usable,balanced,8.485,1173,66.16,context_dependent_forward_response,USDJPY M5 long 24,2,62.0,80.2,high,probe_now,,False
compression,breakout_compression_release,TOBY_CRABEL_NARROW_RANGE,trigger,confirm,KEY_REVERSAL_SIGNAL,trigger,confirm,M5,"EURUSD,GBPUSD,USDJPY,XAUUSD",95.3,90.0,usable,balanced,7.69,3051,48.63,neutral_forward_response,XAUUSD M15 short 12,0,78.0,80.19,high,probe_now,,False
profile_value,profile_value_context,ROLLING_VOLUME_PROFILE_CONTEXT,filter,filter,TTF_DSL_TRANSITION,trigger,confirm,M15,"EURUSD,GBPUSD,USDJPY,XAUUSD",73.7,90.0,usable,balanced,5.2725,2107,63.6,context_dependent_forward_response,USDJPY M15 long 24,1,70.0,80.19,high,probe_now,,False
compression,breakout_compression_release,BOLLINGER_KELTNER_SQUEEZE_FILTER,filter,filter,TTF_DSL_TRANSITION,trigger,confirm,M5,"EURUSD,GBPUSD,USDJPY,XAUUSD",81.7,90.0,usable,balanced,5.2725,2107,63.6,context_dependent_forward_response,USDJPY M15 long 24,1,78.0,80.03,high,probe_now,,False
mean_reversion,mean_reversion_reclaim,RSI_MEAN_REVERSION,setup,mean-reversion,WICK_REJECTION,trigger,mean-reversion,M5,"EURUSD,GBPUSD,USDJPY,XAUUSD",88.7,64.0,dense,balanced,20.47,6525,64.71,context_dependent_forward_response,USDJPY M5 long 12,1,76.0,80.02,high,probe_now,,False
trend,trend_pullback_continuation,ADX,filter,,THRUST_BAR_SIGNAL,trigger,confirm,M15,"EURUSD,GBPUSD,USDJPY,XAUUSD",88.3,86.0,usable,balanced,1.1825,440,45.89,neutral_forward_response,EURUSD M15 long 3,0,76.0,79.91,high,probe_now,,False
mean_reversion,mean_reversion_reclaim,BBANDS_POSITION_MEAN_REVERSION,setup,mean-reversion,PMO_CROSSOVER,trigger,confirm,M5,"EURUSD,GBPUSD,USDJPY,XAUUSD",71.3,90.0,usable,balanced,11.605,2104,69.81,context_dependent_forward_response,EURUSD M5 short 24,3,62.0,79.88,high,probe_now,,False
compression,breakout_compression_release,BOLLINGER_KELTNER_SQUEEZE_FILTER,filter,filter,CHANNEL_REENTRY,trigger,mean-reversion,M5,"EURUSD,GBPUSD,USDJPY,XAUUSD",67.7,90.0,usable,balanced,7.4925,2997,75.0,context_dependent_forward_response,USDJPY M5 long 1,8,60.0,79.86,high,probe_now,,False
trend,trend_pullback_continuation,KALMAN_VELOCITY_CONFIRM,setup,confirm,WAVETREND_CROSSOVER,trigger,confirm,M5,"EURUSD,GBPUSD,USDJPY,XAUUSD",88.1,90.0,usable,balanced,4.015,796,56.71,neutral_forward_response,XAUUSD M15 short 12,0,76.0,79.83,high,probe_now,,False
compression,breakout_compression_release,TOBY_CRABEL_NARROW_RANGE,trigger,confirm,BOLLINGER_KELTNER_SQUEEZE_RELEASE,trigger,breakout,M5,"EURUSD,GBPUSD,USDJPY,XAUUSD",87.7,90.0,usable,balanced,5.76,1131,41.25,neutral_forward_response,XAUUSD M5 short 6,0,78.0,79.69,high,probe_now,,False
trend,trend_pullback_continuation,ADX,filter,,CHANNEL_REENTRY,trigger,mean-reversion,M5,"EURUSD,GBPUSD,USDJPY,XAUUSD",70.1,90.0,usable,balanced,7.4925,2997,75.0,context_dependent_forward_response,USDJPY M5 long 1,8,54.0,79.67,high,probe_now,,False
trend,trend_pullback_continuation,KALMAN_VELOCITY_CONFIRM,setup,confirm,CHANNEL_REENTRY,trigger,mean-reversion,M5,"EURUSD,GBPUSD,USDJPY,XAUUSD",70.1,90.0,usable,balanced,7.4925,2997,75.0,context_dependent_forward_response,USDJPY M5 long 1,8,54.0,79.67,high,probe_now,,False
trend,trend_pullback_continuation,MA_SLOPE_TREND,context,trend,THRUST_BAR_SIGNAL,trigger,confirm,M15,"EURUSD,GBPUSD,USDJPY,XAUUSD",87.5,86.0,usable,balanced,1.1825,440,45.89,neutral_forward_response,EURUSD M15 long 3,0,76.0,79.65,high,probe_now,,False
compression,breakout_compression_release,TOBY_CRABEL_NARROW_RANGE,trigger,confirm,MACD_CROSSOVER,trigger,,M5,"EURUSD,GBPUSD,USDJPY,XAUUSD",75.5,90.0,usable,balanced,7.8225,2866,65.26,context_dependent_forward_response,EURUSD M5 short 24,1,60.0,79.63,high,probe_now,,False
compression,breakout_compression_release,TOBY_CRABEL_NARROW_RANGE,trigger,confirm,CANDLE_DIRECTION_INDEX,trigger,confirm,M15,"EURUSD,GBPUSD,USDJPY,XAUUSD",94.1,90.0,usable,balanced,4.665,1549,47.66,neutral_forward_response,GBPUSD M5 long 24,0,78.0,79.54,high,probe_now,,False
trend,trend_pullback_continuation,KALMAN_VELOCITY_CONFIRM,setup,confirm,KEY_REVERSAL_SIGNAL,trigger,confirm,M5,"EURUSD,GBPUSD,USDJPY,XAUUSD",94.1,90.0,usable,balanced,7.69,3051,48.63,neutral_forward_response,XAUUSD M15 short 12,0,76.0,79.49,high,probe_now,,False
compression,breakout_compression_release,BOLLINGER_KELTNER_SQUEEZE_FILTER,filter,filter,THRUST_BAR_SIGNAL,trigger,confirm,M15,"EURUSD,GBPUSD,USDJPY,XAUUSD",85.9,86.0,usable,balanced,1.1825,440,45.89,neutral_forward_response,EURUSD M15 long 3,0,78.0,79.46,high,probe_now,,False
mean_reversion,mean_reversion_reclaim,BBANDS_POSITION_MEAN_REVERSION,setup,mean-reversion,TOBY_CRABEL_NARROW_RANGE,trigger,confirm,M5,"EURUSD,GBPUSD,USDJPY,XAUUSD",73.1,90.0,usable,balanced,8.485,1173,66.16,context_dependent_forward_response,USDJPY M5 long 24,2,62.0,79.44,high,probe_now,,False
compression,breakout_compression_release,TOBY_CRABEL_NARROW_RANGE,trigger,confirm,NVO_VOLUME_IMPULSE,trigger,confirm,M15,"EURUSD,GBPUSD,USDJPY,XAUUSD",88.7,90.0,usable,balanced,3.4425,1377,53.45,neutral_forward_response,GBPUSD M5 long 1,0,78.0,79.43,high,probe_now,,False
trend,trend_pullback_continuation,MA_SLOPE_TREND,context,trend,CHANNEL_REENTRY,trigger,mean-reversion,M5,"EURUSD,GBPUSD,USDJPY,XAUUSD",69.3,90.0,usable,balanced,7.4925,2997,75.0,context_dependent_forward_response,USDJPY M5 long 1,8,54.0,79.42,high,probe_now,,False
mean_reversion,mean_reversion_reclaim,RSI_MEAN_REVERSION,setup,mean-reversion,MA_CROSSOVER,trigger,,M15,"EURUSD,GBPUSD,USDJPY,XAUUSD",73.7,90.0,usable,balanced,4.6425,1731,69.95,context_dependent_forward_response,USDJPY M15 long 24,7,54.0,79.41,high,probe_now,,False
profile_value,profile_value_context,ROLLING_VOLUME_PROFILE_CONTEXT,filter,filter,CHANNEL_REENTRY,trigger,mean-reversion,M15,"EURUSD,GBPUSD,USDJPY,XAUUSD",73.7,90.0,usable,balanced,7.4925,2997,75.0,context_dependent_forward_response,USDJPY M5 long 1,8,70.0,79.38,high,probe_now,,False
mean_reversion,mean_reversion_reclaim,BBANDS_POSITION_MEAN_REVERSION,setup,mean-reversion,RSI_CROSSBACK,trigger,mean-reversion,M15,"EURUSD,GBPUSD,USDJPY,XAUUSD",89.3,90.0,usable,balanced,2.74,1095,53.46,neutral_forward_response,EURUSD M5 short 3,0,76.0,79.3,high,probe_now,,False
compression,breakout_compression_release,TOBY_CRABEL_NARROW_RANGE,trigger,confirm,BREAKOUT_FIRST_CLOSE,trigger,breakout,M15,"EURUSD,GBPUSD,USDJPY,XAUUSD",85.3,90.0,usable,balanced,7.505,2999,42.43,low_prior_forward_response,GBPUSD M15 long 24,0,78.0,79.26,high,probe_now,,False
mean_reversion,mean_reversion_reclaim,BBANDS_POSITION_MEAN_REVERSION,setup,mean-reversion,WICK_REJECTION,trigger,mean-reversion,M5,"EURUSD,GBPUSD,USDJPY,XAUUSD",86.3,64.0,dense,balanced,20.47,6525,64.71,context_dependent_forward_response,USDJPY M5 long 12,1,76.0,79.25,high,probe_now,,False
compression,breakout_compression_release,BOLLINGER_KELTNER_SQUEEZE_FILTER,filter,filter,MA_CROSSOVER,trigger,,M15,"EURUSD,GBPUSD,USDJPY,XAUUSD",70.1,90.0,usable,balanced,4.6425,1731,69.95,context_dependent_forward_response,USDJPY M15 long 24,7,60.0,79.22,high,probe_now,,False
trend,trend_pullback_continuation,ADX,filter,,MA_CROSSOVER,trigger,,M15,"EURUSD,GBPUSD,USDJPY,XAUUSD",72.5,90.0,usable,balanced,4.6425,1731,69.95,context_dependent_forward_response,USDJPY M15 long 24,7,54.0,79.03,high,probe_now,,False
trend,trend_pullback_continuation,KALMAN_VELOCITY_CONFIRM,setup,confirm,MA_CROSSOVER,trigger,,M15,"EURUSD,GBPUSD,USDJPY,XAUUSD",72.5,90.0,usable,balanced,4.6425,1731,69.95,context_dependent_forward_response,USDJPY M15 long 24,7,54.0,79.03,high,probe_now,,False
compression,breakout_compression_release,TOBY_CRABEL_NARROW_RANGE,trigger,confirm,PRICE_RECLAIM_MA,trigger,confirm,M5,"EURUSD,GBPUSD,USDJPY,XAUUSD",91.7,90.0,usable,balanced,13.27,3739,48.56,neutral_forward_response,GBPUSD M15 short 24,0,78.0,79.02,high,probe_now,,False
trend,trend_pullback_continuation,ADX,filter,,BOLLINGER_KELTNER_SQUEEZE_RELEASE,trigger,breakout,M5,"EURUSD,GBPUSD,USDJPY,XAUUSD",86.5,90.0,usable,balanced,5.76,1131,41.25,neutral_forward_response,XAUUSD M5 short 6,0,76.0,78.99,high,probe_now,,False
trend,trend_pullback_continuation,KALMAN_VELOCITY_CONFIRM,setup,confirm,BOLLINGER_KELTNER_SQUEEZE_RELEASE,trigger,breakout,M5,"EURUSD,GBPUSD,USDJPY,XAUUSD",86.5,90.0,usable,balanced,5.76,1131,41.25,neutral_forward_response,XAUUSD M5 short 6,0,76.0,78.99,high,probe_now,,False
trend,trend_pullback_continuation,KALMAN_VELOCITY_CONFIRM,setup,confirm,CANDLE_DIRECTION_INDEX,trigger,confirm,M15,"EURUSD,GBPUSD,USDJPY,XAUUSD",92.9,90.0,usable,balanced,4.665,1549,47.66,neutral_forward_response,GBPUSD M5 long 24,0,76.0,78.83,high,probe_now,,False
trend,trend_pullback_continuation,MA_SLOPE_TREND,context,trend,MA_CROSSOVER,trigger,,M15,"EURUSD,GBPUSD,USDJPY,XAUUSD",71.7,90.0,usable,balanced,4.6425,1731,69.95,context_dependent_forward_response,USDJPY M15 long 24,7,54.0,78.77,high,probe_now,,False
compression,breakout_compression_release,TOBY_CRABEL_NARROW_RANGE,trigger,confirm,KST_CROSSOVER,trigger,confirm,M15,"EURUSD,GBPUSD,USDJPY,XAUUSD",89.3,90.0,usable,balanced,10.85,2075,50.25,neutral_forward_response,GBPUSD M5 short 3,0,78.0,78.73,high,probe_now,,False
trend,trend_pullback_continuation,KALMAN_VELOCITY_CONFIRM,setup,confirm,NVO_VOLUME_IMPULSE,trigger,confirm,M15,"EURUSD,GBPUSD,USDJPY,XAUUSD",87.5,90.0,usable,balanced,3.4425,1377,53.45,neutral_forward_response,GBPUSD M5 long 1,0,76.0,78.73,high,probe_now,,False
trend,trend_pullback_continuation,MA_SLOPE_TREND,context,trend,BOLLINGER_KELTNER_SQUEEZE_RELEASE,trigger,breakout,M5,"EURUSD,GBPUSD,USDJPY,XAUUSD",85.7,90.0,usable,balanced,5.76,1131,41.25,neutral_forward_response,XAUUSD M5 short 6,0,76.0,78.73,high,probe_now,,False
profile_value,profile_value_context,ROLLING_VOLUME_PROFILE_CONTEXT,filter,filter,PMO_CROSSOVER,trigger,confirm,M15,"EURUSD,GBPUSD,USDJPY,XAUUSD",76.1,90.0,usable,balanced,11.605,2104,69.81,context_dependent_forward_response,EURUSD M5 short 24,3,70.0,78.7,high,probe_now,,False
mean_reversion,mean_reversion_reclaim,RSI_MEAN_REVERSION,setup,mean-reversion,MACD_CROSSOVER,trigger,,M5,"EURUSD,GBPUSD,USDJPY,XAUUSD",75.5,90.0,usable,balanced,7.8225,2866,65.26,context_dependent_forward_response,EURUSD M5 short 24,1,54.0,78.67,high,probe_now,,False
mean_reversion,mean_reversion_reclaim,BBANDS_POSITION_MEAN_REVERSION,setup,mean-reversion,MA_CROSSOVER,trigger,,M15,"EURUSD,GBPUSD,USDJPY,XAUUSD",71.3,90.0,usable,balanced,4.6425,1731,69.95,context_dependent_forward_response,USDJPY M15 long 24,7,54.0,78.64,high,probe_now,,False
mean_reversion,mean_reversion_reclaim,RSI_MEAN_REVERSION,setup,mean-reversion,MARKET_MODE_TRANSITION,trigger,confirm,M15,"EURUSD,GBPUSD,USDJPY,XAUUSD",71.3,90.0,usable,balanced,7.435,1487,65.16,context_dependent_forward_response,USDJPY M15 long 6,3,62.0,78.58,high,probe_now,,False
trend,trend_pullback_continuation,ADX,filter,,BREAKOUT_FIRST_CLOSE,trigger,breakout,M15,"EURUSD,GBPUSD,USDJPY,XAUUSD",84.1,90.0,usable,balanced,7.505,2999,42.43,low_prior_forward_response,GBPUSD M15 long 24,0,76.0,78.55,high,probe_now,,False
trend,trend_pullback_continuation,ADX,filter,,WAVETREND_CROSSOVER,trigger,confirm,M5,"EURUSD,GBPUSD,USDJPY,XAUUSD",84.1,90.0,usable,balanced,4.015,796,56.71,neutral_forward_response,XAUUSD M15 short 12,0,76.0,78.55,high,probe_now,,False
trend,trend_pullback_continuation,KALMAN_VELOCITY_CONFIRM,setup,confirm,BREAKOUT_FIRST_CLOSE,trigger,breakout,M15,"EURUSD,GBPUSD,USDJPY,XAUUSD",84.1,90.0,usable,balanced,7.505,2999,42.43,low_prior_forward_response,GBPUSD M15 long 24,0,76.0,78.55,high,probe_now,,False
compression,breakout_compression_release,BOLLINGER_KELTNER_SQUEEZE_FILTER,filter,filter,MACD_CROSSOVER,trigger,,M5,"EURUSD,GBPUSD,USDJPY,XAUUSD",71.9,90.0,usable,balanced,7.8225,2866,65.26,context_dependent_forward_response,EURUSD M5 short 24,1,60.0,78.48,high,probe_now,,False
compression,breakout_compression_release,TOBY_CRABEL_NARROW_RANGE,trigger,confirm,EHLERS_FISHER_TRANSITION,trigger,confirm,M15,"EURUSD,GBPUSD,USDJPY,XAUUSD",95.3,64.0,dense,balanced,20.1125,6726,50.33,neutral_forward_response,USDJPY M15 long 6,0,78.0,78.43,high,probe_now,,False
trend,trend_pullback_continuation,KALMAN_VELOCITY_CONFIRM,setup,confirm,PRICE_RECLAIM_MA,trigger,confirm,M5,"EURUSD,GBPUSD,USDJPY,XAUUSD",90.5,90.0,usable,balanced,13.27,3739,48.56,neutral_forward_response,GBPUSD M15 short 24,0,76.0,78.32,high,probe_now,,False
trend,trend_pullback_continuation,MA_SLOPE_TREND,context,trend,BREAKOUT_FIRST_CLOSE,trigger,breakout,M15,"EURUSD,GBPUSD,USDJPY,XAUUSD",83.3,90.0,usable,balanced,7.505,2999,42.43,low_prior_forward_response,GBPUSD M15 long 24,0,76.0,78.3,high,probe_now,,False
trend,trend_pullback_continuation,ADX,filter,,MACD_CROSSOVER,trigger,,M5,"EURUSD,GBPUSD,USDJPY,XAUUSD",74.3,90.0,usable,balanced,7.8225,2866,65.26,context_dependent_forward_response,EURUSD M5 short 24,1,54.0,78.29,high,probe_now,,False
trend,trend_pullback_continuation,KALMAN_VELOCITY_CONFIRM,setup,confirm,MACD_CROSSOVER,trigger,,M5,"EURUSD,GBPUSD,USDJPY,XAUUSD",74.3,90.0,usable,balanced,7.8225,2866,65.26,context_dependent_forward_response,EURUSD M5 short 24,1,54.0,78.29,high,probe_now,,False
trend,trend_pullback_continuation,MA_SLOPE_TREND,context,trend,WAVETREND_CROSSOVER,trigger,confirm,M5,"EURUSD,GBPUSD,USDJPY,XAUUSD",83.3,90.0,usable,balanced,4.015,796,56.71,neutral_forward_response,XAUUSD M15 short 12,0,76.0,78.29,high,probe_now,,False
profile_value,profile_value_context,ROLLING_VOLUME_PROFILE_CONTEXT,filter,filter,MA_CROSSOVER,trigger,,M15,"EURUSD,GBPUSD,USDJPY,XAUUSD",68.1,90.0,usable,balanced,4.6425,1731,69.95,context_dependent_forward_response,USDJPY M15 long 24,7,58.0,78.26,high,probe_now,,False
profile_value,profile_value_context,ROLLING_VOLUME_PROFILE_CONTEXT,filter,filter,WAVETREND_CROSSOVER,trigger,confirm,M15,"EURUSD,GBPUSD,USDJPY,XAUUSD",73.7,90.0,usable,balanced,4.015,796,56.71,neutral_forward_response,XAUUSD M15 short 12,0,70.0,78.26,high,probe_now,,False
profile_value,profile_value_context,ROLLING_VOLUME_PROFILE_CONTEXT,filter,filter,TOBY_CRABEL_NARROW_RANGE,trigger,confirm,M15,"EURUSD,GBPUSD,USDJPY,XAUUSD",77.9,90.0,usable,balanced,8.485,1173,66.16,context_dependent_forward_response,USDJPY M5 long 24,2,70.0,78.25,high,probe_now,,False
trend,trend_pullback_continuation,ADX,filter,,KEY_REVERSAL_SIGNAL,trigger,confirm,M5,"EURUSD,GBPUSD,USDJPY,XAUUSD",90.1,90.0,usable,balanced,7.69,3051,48.63,neutral_forward_response,XAUUSD M15 short 12,0,76.0,78.21,high,probe_now,,False
compression,breakout_compression_release,TOBY_CRABEL_NARROW_RANGE,trigger,confirm,BUFFERED_RANGE_BREAKOUT_SIGNAL,trigger,breakout,M5,"EURUSD,GBPUSD,USDJPY,XAUUSD",89.5,90.0,usable,balanced,7.6375,2918,47.98,neutral_forward_response,XAUUSD M15 short 6,0,78.0,78.15,high,probe_now,,False
mean_reversion,mean_reversion_reclaim,RSI_MEAN_REVERSION,setup,mean-reversion,TTF_DSL_TRANSITION,trigger,confirm,M15,"EURUSD,GBPUSD,USDJPY,XAUUSD",71.3,90.0,usable,balanced,5.2725,2107,63.6,context_dependent_forward_response,USDJPY M15 long 24,1,62.0,78.14,high,probe_now,,False
profile_value,profile_value_context,ROLLING_VOLUME_PROFILE_CONTEXT,filter,filter,RSI_CROSSBACK,trigger,mean-reversion,M5,"EURUSD,GBPUSD,USDJPY,XAUUSD",76.1,90.0,usable,balanced,2.74,1095,53.46,neutral_forward_response,EURUSD M5 short 3,0,70.0,78.12,high,probe_now,,False
compression,breakout_compression_release,BOLLINGER_KELTNER_SQUEEZE_FILTER,filter,filter,BREAKOUT_FIRST_CLOSE,trigger,breakout,M15,"EURUSD,GBPUSD,USDJPY,XAUUSD",81.7,90.0,usable,balanced,7.505,2999,42.43,low_prior_forward_response,GBPUSD M15 long 24,0,78.0,78.1,high,probe_now,,False
compression,breakout_compression_release,BOLLINGER_KELTNER_SQUEEZE_FILTER,filter,filter,WAVETREND_CROSSOVER,trigger,confirm,M5,"EURUSD,GBPUSD,USDJPY,XAUUSD",81.7,90.0,usable,balanced,4.015,796,56.71,neutral_forward_response,XAUUSD M15 short 12,0,78.0,78.1,high,probe_now,,False
trend,trend_pullback_continuation,MA_SLOPE_TREND,context,trend,MACD_CROSSOVER,trigger,,M5,"EURUSD,GBPUSD,USDJPY,XAUUSD",73.5,90.0,usable,balanced,7.8225,2866,65.26,context_dependent_forward_response,EURUSD M5 short 24,1,54.0,78.03,high,probe_now,,False
trend,trend_pullback_continuation,KALMAN_VELOCITY_CONFIRM,setup,confirm,KST_CROSSOVER,trigger,confirm,M15,"EURUSD,GBPUSD,USDJPY,XAUUSD",88.1,90.0,usable,balanced,10.85,2075,50.25,neutral_forward_response,GBPUSD M5 short 3,0,76.0,78.02,high,probe_now,,False
trend,trend_pullback_continuation,MA_SLOPE_TREND,context,trend,KEY_REVERSAL_SIGNAL,trigger,confirm,M5,"EURUSD,GBPUSD,USDJPY,XAUUSD",89.3,90.0,usable,balanced,7.69,3051,48.63,neutral_forward_response,XAUUSD M15 short 12,0,76.0,77.95,high,probe_now,,False
profile_value,profile_value_context,ROLLING_VOLUME_PROFILE_CONTEXT,filter,filter,KEY_REVERSAL_SIGNAL,trigger,confirm,M15,"EURUSD,GBPUSD,USDJPY,XAUUSD",79.7,90.0,usable,balanced,7.69,3051,48.63,neutral_forward_response,XAUUSD M15 short 12,0,70.0,77.92,high,probe_now,,False
mean_reversion,mean_reversion_reclaim,BBANDS_POSITION_MEAN_REVERSION,setup,mean-reversion,MACD_CROSSOVER,trigger,,M5,"EURUSD,GBPUSD,USDJPY,XAUUSD",73.1,90.0,usable,balanced,7.8225,2866,65.26,context_dependent_forward_response,EURUSD M5 short 24,1,54.0,77.9,high,probe_now,,False
compression,breakout_compression_release,TOBY_CRABEL_NARROW_RANGE,trigger,confirm,THRUST_BAR_SIGNAL,trigger,confirm,M5,"EURUSD,GBPUSD,USDJPY,XAUUSD",93.5,86.0,usable,balanced,1.1825,440,45.89,neutral_forward_response,EURUSD M15 long 3,0,78.0,77.89,high,probe_now,,False
mean_reversion,mean_reversion_reclaim,BBANDS_POSITION_MEAN_REVERSION,setup,mean-reversion,MARKET_MODE_TRANSITION,trigger,confirm,M15,"EURUSD,GBPUSD,USDJPY,XAUUSD",68.9,90.0,usable,balanced,7.435,1487,65.16,context_dependent_forward_response,USDJPY M15 long 6,3,62.0,77.81,high,probe_now,,False
compression,breakout_compression_release,BOLLINGER_KELTNER_SQUEEZE_FILTER,filter,filter,KEY_REVERSAL_SIGNAL,trigger,confirm,M5,"EURUSD,GBPUSD,USDJPY,XAUUSD",87.7,90.0,usable,balanced,7.69,3051,48.63,neutral_forward_response,XAUUSD M15 short 12,0,78.0,77.76,high,probe_now,,False
trend,trend_pullback_continuation,KALMAN_VELOCITY_CONFIRM,setup,confirm,EHLERS_FISHER_TRANSITION,trigger,confirm,M15,"EURUSD,GBPUSD,USDJPY,XAUUSD",94.1,64.0,dense,balanced,20.1125,6726,50.33,neutral_forward_response,USDJPY M15 long 6,0,76.0,77.72,high,probe_now,,False
trend,trend_pullback_continuation,ADX,filter,,CANDLE_DIRECTION_INDEX,trigger,confirm,M15,"EURUSD,GBPUSD,USDJPY,XAUUSD",88.9,90.0,usable,balanced,4.665,1549,47.66,neutral_forward_response,GBPUSD M5 long 24,0,76.0,77.55,high,probe_now,,False
profile_value,profile_value_context,ROLLING_VOLUME_PROFILE_CONTEXT,filter,filter,MACD_CROSSOVER,trigger,,M5,"EURUSD,GBPUSD,USDJPY,XAUUSD",69.9,90.0,usable,balanced,7.8225,2866,65.26,context_dependent_forward_response,EURUSD M5 short 24,1,58.0,77.52,high,probe_now,,False
trend,trend_pullback_continuation,ADX,filter,,BUFFERED_RANGE_BREAKOUT_SIGNAL,trigger,breakout,M5,"EURUSD,GBPUSD,USDJPY,XAUUSD",88.3,90.0,usable,balanced,7.6375,2918,47.98,neutral_forward_response,XAUUSD M15 short 6,0,76.0,77.45,high,probe_now,,False
trend,trend_pullback_continuation,ADX,filter,,NVO_VOLUME_IMPULSE,trigger,confirm,M15,"EURUSD,GBPUSD,USDJPY,XAUUSD",83.5,90.0,usable,balanced,3.4425,1377,53.45,neutral_forward_response,GBPUSD M5 long 1,0,76.0,77.45,high,probe_now,,False
trend,trend_pullback_continuation,KALMAN_VELOCITY_CONFIRM,setup,confirm,BUFFERED_RANGE_BREAKOUT_SIGNAL,trigger,breakout,M5,"EURUSD,GBPUSD,USDJPY,XAUUSD",88.3,90.0,usable,balanced,7.6375,2918,47.98,neutral_forward_response,XAUUSD M15 short 6,0,76.0,77.45,high,probe_now,,False
mean_reversion,mean_reversion_reclaim,BBANDS_POSITION_MEAN_REVERSION,setup,mean-reversion,TTF_DSL_TRANSITION,trigger,confirm,M15,"EURUSD,GBPUSD,USDJPY,XAUUSD",68.9,90.0,usable,balanced,5.2725,2107,63.6,context_dependent_forward_response,USDJPY M15 long 24,1,62.0,77.38,high,probe_now,,False
trend,trend_pullback_continuation,MA_SLOPE_TREND,context,trend,CANDLE_DIRECTION_INDEX,trigger,confirm,M15,"EURUSD,GBPUSD,USDJPY,XAUUSD",88.1,90.0,usable,balanced,4.665,1549,47.66,neutral_forward_response,GBPUSD M5 long 24,0,76.0,77.3,high,probe_now,,False
profile_value,profile_value_context,ROLLING_VOLUME_PROFILE_CONTEXT,filter,filter,CANDLE_DIRECTION_INDEX,trigger,confirm,M5,"EURUSD,GBPUSD,USDJPY,XAUUSD",78.5,90.0,usable,balanced,4.665,1549,47.66,neutral_forward_response,GBPUSD M5 long 24,0,70.0,77.26,high,probe_now,,False
trend,trend_pullback_continuation,KALMAN_VELOCITY_CONFIRM,setup,confirm,THRUST_BAR_SIGNAL,trigger,confirm,M5,"EURUSD,GBPUSD,USDJPY,XAUUSD",92.3,86.0,usable,balanced,1.1825,440,45.89,neutral_forward_response,EURUSD M15 long 3,0,76.0,77.19,high,probe_now,,False
trend,trend_pullback_continuation,MA_SLOPE_TREND,context,trend,BUFFERED_RANGE_BREAKOUT_SIGNAL,trigger,breakout,M5,"EURUSD,GBPUSD,USDJPY,XAUUSD",87.5,90.0,usable,balanced,7.6375,2918,47.98,neutral_forward_response,XAUUSD M15 short 6,0,76.0,77.19,high,probe_now,,False
trend,trend_pullback_continuation,MA_SLOPE_TREND,context,trend,NVO_VOLUME_IMPULSE,trigger,confirm,M15,"EURUSD,GBPUSD,USDJPY,XAUUSD",82.7,90.0,usable,balanced,3.4425,1377,53.45,neutral_forward_response,GBPUSD M5 long 1,0,76.0,77.19,high,probe_now,,False
profile_value,profile_value_context,ROLLING_VOLUME_PROFILE_CONTEXT,filter,filter,NVO_VOLUME_IMPULSE,trigger,confirm,M5,"EURUSD,GBPUSD,USDJPY,XAUUSD",73.1,90.0,usable,balanced,3.4425,1377,53.45,neutral_forward_response,GBPUSD M5 long 1,0,70.0,77.16,high,probe_now,,False
compression,breakout_compression_release,BOLLINGER_KELTNER_SQUEEZE_FILTER,filter,filter,CANDLE_DIRECTION_INDEX,trigger,confirm,M15,"EURUSD,GBPUSD,USDJPY,XAUUSD",86.5,90.0,usable,balanced,4.665,1549,47.66,neutral_forward_response,GBPUSD M5 long 24,0,78.0,77.1,high,probe_now,,False
trend,trend_pullback_continuation,ADX,filter,,PRICE_RECLAIM_MA,trigger,confirm,M5,"EURUSD,GBPUSD,USDJPY,XAUUSD",86.5,90.0,usable,balanced,13.27,3739,48.56,neutral_forward_response,GBPUSD M15 short 24,0,76.0,77.04,high,probe_now,,False
compression,breakout_compression_release,TOBY_CRABEL_NARROW_RANGE,trigger,confirm,CHANNEL_REENTRY,trigger,mean-reversion,M15,"EURUSD,GBPUSD,USDJPY,XAUUSD",71.3,90.0,usable,balanced,7.4925,2997,75.0,context_dependent_forward_response,USDJPY M5 long 1,8,60.0,77.02,high,probe_now,,False
compression,breakout_compression_release,BOLLINGER_KELTNER_SQUEEZE_FILTER,filter,filter,BUFFERED_RANGE_BREAKOUT_SIGNAL,trigger,breakout,M5,"EURUSD,GBPUSD,USDJPY,XAUUSD",85.9,90.0,usable,balanced,7.6375,2918,47.98,neutral_forward_response,XAUUSD M15 short 6,0,78.0,77.0,high,probe_now,,False
compression,breakout_compression_release,BOLLINGER_KELTNER_SQUEEZE_FILTER,filter,filter,NVO_VOLUME_IMPULSE,trigger,confirm,M15,"EURUSD,GBPUSD,USDJPY,XAUUSD",81.1,90.0,usable,balanced,3.4425,1377,53.45,neutral_forward_response,GBPUSD M5 long 1,0,78.0,77.0,high,probe_now,,False
trend,trend_pullback_continuation,MA_SLOPE_TREND,context,trend,PRICE_RECLAIM_MA,trigger,confirm,M5,"EURUSD,GBPUSD,USDJPY,XAUUSD",85.7,90.0,usable,balanced,13.27,3739,48.56,neutral_forward_response,GBPUSD M15 short 24,0,76.0,76.78,high,probe_now,,False
profile_value,profile_value_context,ROLLING_VOLUME_PROFILE_CONTEXT,filter,filter,PRICE_RECLAIM_MA,trigger,confirm,M15,"EURUSD,GBPUSD,USDJPY,XAUUSD",76.1,90.0,usable,balanced,13.27,3739,48.56,neutral_forward_response,GBPUSD M15 short 24,0,70.0,76.75,high,probe_now,,False
trend,trend_pullback_continuation,ADX,filter,,KST_CROSSOVER,trigger,confirm,M15,"EURUSD,GBPUSD,USDJPY,XAUUSD",84.1,90.0,usable,balanced,10.85,2075,50.25,neutral_forward_response,GBPUSD M5 short 3,0,76.0,76.74,high,probe_now,,False
mean_reversion,mean_reversion_reclaim,RSI_MEAN_REVERSION,setup,mean-reversion,PMO_CROSSOVER,trigger,confirm,M15,"EURUSD,GBPUSD,USDJPY,XAUUSD",73.7,90.0,usable,balanced,11.605,2104,69.81,context_dependent_forward_response,EURUSD M5 short 24,3,62.0,76.65,high,probe_now,,False
profile_value,profile_value_context,ROLLING_VOLUME_PROFILE_CONTEXT,filter,filter,MARKET_MODE_TRANSITION,trigger,confirm,M5,"EURUSD,GBPUSD,USDJPY,XAUUSD",73.7,90.0,usable,balanced,7.435,1487,65.16,context_dependent_forward_response,USDJPY M15 long 6,3,70.0,76.63,high,probe_now,,False
compression,breakout_compression_release,BOLLINGER_KELTNER_SQUEEZE_FILTER,filter,filter,PRICE_RECLAIM_MA,trigger,confirm,M5,"EURUSD,GBPUSD,USDJPY,XAUUSD",84.1,90.0,usable,balanced,13.27,3739,48.56,neutral_forward_response,GBPUSD M15 short 24,0,78.0,76.59,high,probe_now,,False
trend,trend_pullback_continuation,MA_SLOPE_TREND,context,trend,KST_CROSSOVER,trigger,confirm,M15,"EURUSD,GBPUSD,USDJPY,XAUUSD",83.3,90.0,usable,balanced,10.85,2075,50.25,neutral_forward_response,GBPUSD M5 short 3,0,76.0,76.49,high,probe_now,,False
profile_value,profile_value_context,ROLLING_VOLUME_PROFILE_CONTEXT,filter,filter,KST_CROSSOVER,trigger,confirm,M5,"EURUSD,GBPUSD,USDJPY,XAUUSD",73.7,90.0,usable,balanced,10.85,2075,50.25,neutral_forward_response,GBPUSD M5 short 3,0,70.0,76.45,high,probe_now,,False
trend,trend_pullback_continuation,ADX,filter,,EHLERS_FISHER_TRANSITION,trigger,confirm,M15,"EURUSD,GBPUSD,USDJPY,XAUUSD",90.1,64.0,dense,balanced,20.1125,6726,50.33,neutral_forward_response,USDJPY M15 long 6,0,76.0,76.44,high,probe_now,,False
compression,breakout_compression_release,TOBY_CRABEL_NARROW_RANGE,trigger,confirm,MA_CROSSOVER,trigger,,M5,"EURUSD,GBPUSD,USDJPY,XAUUSD",73.7,90.0,usable,balanced,4.6425,1731,69.95,context_dependent_forward_response,USDJPY M15 long 24,7,60.0,76.37,high,probe_now,,False
mean_reversion,mean_reversion_reclaim,RSI_MEAN_REVERSION,setup,mean-reversion,STOCHRSI_CROSSBACK,trigger,mean-reversion,M5,"EURUSD,GBPUSD,USDJPY,XAUUSD",89.3,64.0,dense,balanced,27.8275,9687,50.83,neutral_forward_response,USDJPY M5 long 24,0,76.0,76.33,high,probe_now,,False
compression,breakout_compression_release,BOLLINGER_KELTNER_SQUEEZE_FILTER,filter,filter,KST_CROSSOVER,trigger,confirm,M15,"EURUSD,GBPUSD,USDJPY,XAUUSD",81.7,90.0,usable,balanced,10.85,2075,50.25,neutral_forward_response,GBPUSD M5 short 3,0,78.0,76.29,high,probe_now,,False
mean_reversion,mean_reversion_reclaim,RSI_MEAN_REVERSION,setup,mean-reversion,WAVETREND_CROSSOVER,trigger,confirm,M15,"EURUSD,GBPUSD,USDJPY,XAUUSD",71.3,90.0,usable,balanced,4.015,796,56.71,neutral_forward_response,XAUUSD M15 short 12,0,62.0,76.21,high,probe_now,,False
mean_reversion,mean_reversion_reclaim,RSI_MEAN_REVERSION,setup,mean-reversion,TOBY_CRABEL_NARROW_RANGE,trigger,confirm,M15,"EURUSD,GBPUSD,USDJPY,XAUUSD",75.5,90.0,usable,balanced,8.485,1173,66.16,context_dependent_forward_response,USDJPY M5 long 24,2,62.0,76.2,high,probe_now,,False
profile_value,profile_value_context,ROLLING_VOLUME_PROFILE_CONTEXT,filter,filter,TTF_DSL_TRANSITION,trigger,confirm,M5,"EURUSD,GBPUSD,USDJPY,XAUUSD",73.7,90.0,usable,balanced,5.2725,2107,63.6,context_dependent_forward_response,USDJPY M15 long 24,1,70.0,76.19,high,probe_now,,False
trend,trend_pullback_continuation,MA_SLOPE_TREND,context,trend,EHLERS_FISHER_TRANSITION,trigger,confirm,M15,"EURUSD,GBPUSD,USDJPY,XAUUSD",89.3,64.0,dense,balanced,20.1125,6726,50.33,neutral_forward_response,USDJPY M15 long 6,0,76.0,76.19,high,probe_now,,False
mean_reversion,mean_reversion_reclaim,RSI_MEAN_REVERSION,setup,mean-reversion,WICK_REJECTION,trigger,mean-reversion,M15,"EURUSD,GBPUSD,USDJPY,XAUUSD",88.7,64.0,dense,balanced,20.47,6525,64.71,context_dependent_forward_response,USDJPY M5 long 12,1,76.0,76.02,high,probe_now,,False
compression,breakout_compression_release,BOLLINGER_KELTNER_SQUEEZE_FILTER,filter,filter,EHLERS_FISHER_TRANSITION,trigger,confirm,M15,"EURUSD,GBPUSD,USDJPY,XAUUSD",87.7,64.0,dense,balanced,20.1125,6726,50.33,neutral_forward_response,USDJPY M15 long 6,0,78.0,76.0,high,probe_now,,False
trend,trend_pullback_continuation,ADX,filter,,THRUST_BAR_SIGNAL,trigger,confirm,M5,"EURUSD,GBPUSD,USDJPY,XAUUSD",88.3,86.0,usable,balanced,1.1825,440,45.89,neutral_forward_response,EURUSD M15 long 3,0,76.0,75.91,high,probe_now,,False
mean_reversion,mean_reversion_reclaim,BBANDS_POSITION_MEAN_REVERSION,setup,mean-reversion,PMO_CROSSOVER,trigger,confirm,M15,"EURUSD,GBPUSD,USDJPY,XAUUSD",71.3,90.0,usable,balanced,11.605,2104,69.81,context_dependent_forward_response,EURUSD M5 short 24,3,62.0,75.88,high,probe_now,,False
mean_reversion,mean_reversion_reclaim,RSI_MEAN_REVERSION,setup,mean-reversion,KEY_REVERSAL_SIGNAL,trigger,confirm,M15,"EURUSD,GBPUSD,USDJPY,XAUUSD",77.3,90.0,usable,balanced,7.69,3051,48.63,neutral_forward_response,XAUUSD M15 short 12,0,62.0,75.87,high,probe_now,,False
compression,breakout_compression_release,BOLLINGER_KELTNER_SQUEEZE_FILTER,filter,filter,CHANNEL_REENTRY,trigger,mean-reversion,M15,"EURUSD,GBPUSD,USDJPY,XAUUSD",67.7,90.0,usable,balanced,7.4925,2997,75.0,context_dependent_forward_response,USDJPY M5 long 1,8,60.0,75.86,high,probe_now,,False
compression,breakout_compression_release,TOBY_CRABEL_NARROW_RANGE,trigger,confirm,RSI_CROSSBACK,trigger,mean-reversion,M5,"EURUSD,GBPUSD,USDJPY,XAUUSD",73.7,90.0,usable,balanced,2.74,1095,53.46,neutral_forward_response,EURUSD M5 short 3,0,60.0,75.75,high,probe_now,,False
compression,breakout_compression_release,TOBY_CRABEL_NARROW_RANGE,trigger,confirm,BOLLINGER_KELTNER_SQUEEZE_RELEASE,trigger,breakout,M15,"EURUSD,GBPUSD,USDJPY,XAUUSD",87.7,90.0,usable,balanced,5.76,1131,41.25,neutral_forward_response,XAUUSD M5 short 6,0,78.0,75.69,high,probe_now,,False
trend,trend_pullback_continuation,ADX,filter,,CHANNEL_REENTRY,trigger,mean-reversion,M15,"EURUSD,GBPUSD,USDJPY,XAUUSD",70.1,90.0,usable,balanced,7.4925,2997,75.0,context_dependent_forward_response,USDJPY M5 long 1,8,54.0,75.67,high,probe_now,,False
trend,trend_pullback_continuation,KALMAN_VELOCITY_CONFIRM,setup,confirm,CHANNEL_REENTRY,trigger,mean-reversion,M15,"EURUSD,GBPUSD,USDJPY,XAUUSD",70.1,90.0,usable,balanced,7.4925,2997,75.0,context_dependent_forward_response,USDJPY M5 long 1,8,54.0,75.67,high,probe_now,,False
trend,trend_pullback_continuation,MA_SLOPE_TREND,context,trend,THRUST_BAR_SIGNAL,trigger,confirm,M5,"EURUSD,GBPUSD,USDJPY,XAUUSD",87.5,86.0,usable,balanced,1.1825,440,45.89,neutral_forward_response,EURUSD M15 long 3,0,76.0,75.65,high,probe_now,,False
compression,breakout_compression_release,TOBY_CRABEL_NARROW_RANGE,trigger,confirm,MACD_CROSSOVER,trigger,,M15,"EURUSD,GBPUSD,USDJPY,XAUUSD",75.5,90.0,usable,balanced,7.8225,2866,65.26,context_dependent_forward_response,EURUSD M5 short 24,1,60.0,75.63,high,probe_now,,False
profile_value,profile_value_context,ROLLING_VOLUME_PROFILE_CONTEXT,filter,filter,THRUST_BAR_SIGNAL,trigger,confirm,M15,"EURUSD,GBPUSD,USDJPY,XAUUSD",77.9,86.0,usable,balanced,1.1825,440,45.89,neutral_forward_response,EURUSD M15 long 3,0,70.0,75.62,high,probe_now,,False
mean_reversion,mean_reversion_reclaim,BBANDS_POSITION_MEAN_REVERSION,setup,mean-reversion,STOCHRSI_CROSSBACK,trigger,mean-reversion,M5,"EURUSD,GBPUSD,USDJPY,XAUUSD",86.9,64.0,dense,balanced,27.8275,9687,50.83,neutral_forward_response,USDJPY M5 long 24,0,76.0,75.56,high,probe_now,,False
compression,breakout_compression_release,BOLLINGER_KELTNER_SQUEEZE_FILTER,filter,filter,THRUST_BAR_SIGNAL,trigger,confirm,M5,"EURUSD,GBPUSD,USDJPY,XAUUSD",85.9,86.0,usable,balanced,1.1825,440,45.89,neutral_forward_response,EURUSD M15 long 3,0,78.0,75.46,high,probe_now,,False
mean_reversion,mean_reversion_reclaim,BBANDS_POSITION_MEAN_REVERSION,setup,mean-reversion,WAVETREND_CROSSOVER,trigger,confirm,M15,"EURUSD,GBPUSD,USDJPY,XAUUSD",68.9,90.0,usable,balanced,4.015,796,56.71,neutral_forward_response,XAUUSD M15 short 12,0,62.0,75.45,high,probe_now,,False
mean_reversion,mean_reversion_reclaim,BBANDS_POSITION_MEAN_REVERSION,setup,mean-reversion,TOBY_CRABEL_NARROW_RANGE,trigger,confirm,M15,"EURUSD,GBPUSD,USDJPY,XAUUSD",73.1,90.0,usable,balanced,8.485,1173,66.16,context_dependent_forward_response,USDJPY M5 long 24,2,62.0,75.44,high,probe_now,,False
trend,trend_pullback_continuation,MA_SLOPE_TREND,context,trend,CHANNEL_REENTRY,trigger,mean-reversion,M15,"EURUSD,GBPUSD,USDJPY,XAUUSD",69.3,90.0,usable,balanced,7.4925,2997,75.0,context_dependent_forward_response,USDJPY M5 long 1,8,54.0,75.42,high,probe_now,,False
mean_reversion,mean_reversion_reclaim,RSI_MEAN_REVERSION,setup,mean-reversion,MA_CROSSOVER,trigger,,M5,"EURUSD,GBPUSD,USDJPY,XAUUSD",73.7,90.0,usable,balanced,4.6425,1731,69.95,context_dependent_forward_response,USDJPY M15 long 24,7,54.0,75.41,high,probe_now,,False
compression,breakout_compression_release,TOBY_CRABEL_NARROW_RANGE,trigger,confirm,BREAKOUT_FIRST_CLOSE,trigger,breakout,M5,"EURUSD,GBPUSD,USDJPY,XAUUSD",85.3,90.0,usable,balanced,7.505,2999,42.43,low_prior_forward_response,GBPUSD M15 long 24,0,78.0,75.26,high,probe_now,,False
mean_reversion,mean_reversion_reclaim,BBANDS_POSITION_MEAN_REVERSION,setup,mean-reversion,WICK_REJECTION,trigger,mean-reversion,M15,"EURUSD,GBPUSD,USDJPY,XAUUSD",86.3,64.0,dense,balanced,20.47,6525,64.71,context_dependent_forward_response,USDJPY M5 long 12,1,76.0,75.25,high,probe_now,,False
compression,breakout_compression_release,BOLLINGER_KELTNER_SQUEEZE_FILTER,filter,filter,MA_CROSSOVER,trigger,,M5,"EURUSD,GBPUSD,USDJPY,XAUUSD",70.1,90.0,usable,balanced,4.6425,1731,69.95,context_dependent_forward_response,USDJPY M15 long 24,7,60.0,75.22,high,probe_now,,False
mean_reversion,mean_reversion_reclaim,RSI_MEAN_REVERSION,setup,mean-reversion,CANDLE_DIRECTION_INDEX,trigger,confirm,M5,"EURUSD,GBPUSD,USDJPY,XAUUSD",76.1,90.0,usable,balanced,4.665,1549,47.66,neutral_forward_response,GBPUSD M5 long 24,0,62.0,75.22,high,probe_now,,False
mean_reversion,mean_reversion_reclaim,RSI_MEAN_REVERSION,setup,mean-reversion,NVO_VOLUME_IMPULSE,trigger,confirm,M5,"EURUSD,GBPUSD,USDJPY,XAUUSD",70.7,90.0,usable,balanced,3.4425,1377,53.45,neutral_forward_response,GBPUSD M5 long 1,0,62.0,75.11,high,probe_now,,False
mean_reversion,mean_reversion_reclaim,BBANDS_POSITION_MEAN_REVERSION,setup,mean-reversion,KEY_REVERSAL_SIGNAL,trigger,confirm,M15,"EURUSD,GBPUSD,USDJPY,XAUUSD",74.9,90.0,usable,balanced,7.69,3051,48.63,neutral_forward_response,XAUUSD M15 short 12,0,62.0,75.1,high,probe_now,,False
trend,trend_pullback_continuation,ADX,filter,,MA_CROSSOVER,trigger,,M5,"EURUSD,GBPUSD,USDJPY,XAUUSD",72.5,90.0,usable,balanced,4.6425,1731,69.95,context_dependent_forward_response,USDJPY M15 long 24,7,54.0,75.03,high,probe_now,,False
trend,trend_pullback_continuation,KALMAN_VELOCITY_CONFIRM,setup,confirm,MA_CROSSOVER,trigger,,M5,"EURUSD,GBPUSD,USDJPY,XAUUSD",72.5,90.0,usable,balanced,4.6425,1731,69.95,context_dependent_forward_response,USDJPY M15 long 24,7,54.0,75.03,high,probe_now,,False
trend,trend_pullback_continuation,ADX,filter,,BOLLINGER_KELTNER_SQUEEZE_RELEASE,trigger,breakout,M15,"EURUSD,GBPUSD,USDJPY,XAUUSD",86.5,90.0,usable,balanced,5.76,1131,41.25,neutral_forward_response,XAUUSD M5 short 6,0,76.0,74.99,high,probe_now,,False
trend,trend_pullback_continuation,KALMAN_VELOCITY_CONFIRM,setup,confirm,BOLLINGER_KELTNER_SQUEEZE_RELEASE,trigger,breakout,M15,"EURUSD,GBPUSD,USDJPY,XAUUSD",86.5,90.0,usable,balanced,5.76,1131,41.25,neutral_forward_response,XAUUSD M5 short 6,0,76.0,74.99,high,probe_now,,False
mean_reversion,mean_reversion_reclaim,RSI_MEAN_REVERSION,setup,mean-reversion,RSI_CROSSBACK,trigger,mean-reversion,M5,"EURUSD,GBPUSD,USDJPY,XAUUSD",81.7,90.0,usable,balanced,2.74,1095,53.46,neutral_forward_response,EURUSD M5 short 3,0,76.0,74.87,high,probe_now,,True
trend,trend_pullback_continuation,MA_SLOPE_TREND,context,trend,MA_CROSSOVER,trigger,,M5,"EURUSD,GBPUSD,USDJPY,XAUUSD",71.7,90.0,usable,balanced,4.6425,1731,69.95,context_dependent_forward_response,USDJPY M15 long 24,7,54.0,74.77,high,probe_now,,False
trend,trend_pullback_continuation,MA_SLOPE_TREND,context,trend,BOLLINGER_KELTNER_SQUEEZE_RELEASE,trigger,breakout,M15,"EURUSD,GBPUSD,USDJPY,XAUUSD",85.7,90.0,usable,balanced,5.76,1131,41.25,neutral_forward_response,XAUUSD M5 short 6,0,76.0,74.73,high,probe_now,,False
mean_reversion,mean_reversion_reclaim,RSI_MEAN_REVERSION,setup,mean-reversion,PRICE_RECLAIM_MA,trigger,confirm,M15,"EURUSD,GBPUSD,USDJPY,XAUUSD",73.7,90.0,usable,balanced,13.27,3739,48.56,neutral_forward_response,GBPUSD M15 short 24,0,62.0,74.7,high,probe_now,,False
mean_reversion,mean_reversion_reclaim,RSI_MEAN_REVERSION,setup,mean-reversion,MACD_CROSSOVER,trigger,,M15,"EURUSD,GBPUSD,USDJPY,XAUUSD",75.5,90.0,usable,balanced,7.8225,2866,65.26,context_dependent_forward_response,EURUSD M5 short 24,1,54.0,74.67,high,probe_now,,False
mean_reversion,mean_reversion_reclaim,BBANDS_POSITION_MEAN_REVERSION,setup,mean-reversion,MA_CROSSOVER,trigger,,M5,"EURUSD,GBPUSD,USDJPY,XAUUSD",71.3,90.0,usable,balanced,4.6425,1731,69.95,context_dependent_forward_response,USDJPY M15 long 24,7,54.0,74.64,high,probe_now,,False
compression,breakout_compression_release,BOLLINGER_KELTNER_SQUEEZE_FILTER,filter,filter,RSI_CROSSBACK,trigger,mean-reversion,M5,"EURUSD,GBPUSD,USDJPY,XAUUSD",70.1,90.0,usable,balanced,2.74,1095,53.46,neutral_forward_response,EURUSD M5 short 3,0,60.0,74.6,high,probe_now,,False
mean_reversion,mean_reversion_reclaim,RSI_MEAN_REVERSION,setup,mean-reversion,MARKET_MODE_TRANSITION,trigger,confirm,M5,"EURUSD,GBPUSD,USDJPY,XAUUSD",71.3,90.0,usable,balanced,7.435,1487,65.16,context_dependent_forward_response,USDJPY M15 long 6,3,62.0,74.58,high,probe_now,,False
trend,trend_pullback_continuation,ADX,filter,,BREAKOUT_FIRST_CLOSE,trigger,breakout,M5,"EURUSD,GBPUSD,USDJPY,XAUUSD",84.1,90.0,usable,balanced,7.505,2999,42.43,low_prior_forward_response,GBPUSD M15 long 24,0,76.0,74.55,high,probe_now,,False
trend,trend_pullback_continuation,KALMAN_VELOCITY_CONFIRM,setup,confirm,BREAKOUT_FIRST_CLOSE,trigger,breakout,M5,"EURUSD,GBPUSD,USDJPY,XAUUSD",84.1,90.0,usable,balanced,7.505,2999,42.43,low_prior_forward_response,GBPUSD M15 long 24,0,76.0,74.55,high,probe_now,,False
compression,breakout_compression_release,BOLLINGER_KELTNER_SQUEEZE_FILTER,filter,filter,MACD_CROSSOVER,trigger,,M15,"EURUSD,GBPUSD,USDJPY,XAUUSD",71.9,90.0,usable,balanced,7.8225,2866,65.26,context_dependent_forward_response,EURUSD M5 short 24,1,60.0,74.48,high,probe_now,,False
mean_reversion,mean_reversion_reclaim,BBANDS_POSITION_MEAN_REVERSION,setup,mean-reversion,CANDLE_DIRECTION_INDEX,trigger,confirm,M5,"EURUSD,GBPUSD,USDJPY,XAUUSD",73.7,90.0,usable,balanced,4.665,1549,47.66,neutral_forward_response,GBPUSD M5 long 24,0,62.0,74.45,high,probe_now,,False
compression,breakout_compression_release,TOBY_CRABEL_NARROW_RANGE,trigger,confirm,EHLERS_FISHER_TRANSITION,trigger,confirm,M5,"EURUSD,GBPUSD,USDJPY,XAUUSD",95.3,64.0,dense,balanced,20.1125,6726,50.33,neutral_forward_response,USDJPY M15 long 6,0,78.0,74.43,high,probe_now,,False
mean_reversion,mean_reversion_reclaim,RSI_MEAN_REVERSION,setup,mean-reversion,KST_CROSSOVER,trigger,confirm,M5,"EURUSD,GBPUSD,USDJPY,XAUUSD",71.3,90.0,usable,balanced,10.85,2075,50.25,neutral_forward_response,GBPUSD M5 short 3,0,62.0,74.41,high,probe_now,,False
trend,trend_pullback_continuation,ADX,filter,,RSI_CROSSBACK,trigger,mean-reversion,M5,"EURUSD,GBPUSD,USDJPY,XAUUSD",72.5,90.0,usable,balanced,2.74,1095,53.46,neutral_forward_response,EURUSD M5 short 3,0,54.0,74.41,high,probe_now,,False
trend,trend_pullback_continuation,KALMAN_VELOCITY_CONFIRM,setup,confirm,RSI_CROSSBACK,trigger,mean-reversion,M5,"EURUSD,GBPUSD,USDJPY,XAUUSD",72.5,90.0,usable,balanced,2.74,1095,53.46,neutral_forward_response,EURUSD M5 short 3,0,54.0,74.41,high,probe_now,,False
mean_reversion,mean_reversion_reclaim,BBANDS_POSITION_MEAN_REVERSION,setup,mean-reversion,NVO_VOLUME_IMPULSE,trigger,confirm,M5,"EURUSD,GBPUSD,USDJPY,XAUUSD",68.3,90.0,usable,balanced,3.4425,1377,53.45,neutral_forward_response,GBPUSD M5 long 1,0,62.0,74.34,high,probe_now,,False
trend,trend_pullback_continuation,MA_SLOPE_TREND,context,trend,BREAKOUT_FIRST_CLOSE,trigger,breakout,M5,"EURUSD,GBPUSD,USDJPY,XAUUSD",83.3,90.0,usable,balanced,7.505,2999,42.43,low_prior_forward_response,GBPUSD M15 long 24,0,76.0,74.3,high,probe_now,,False
trend,trend_pullback_continuation,ADX,filter,,MACD_CROSSOVER,trigger,,M15,"EURUSD,GBPUSD,USDJPY,XAUUSD",74.3,90.0,usable,balanced,7.8225,2866,65.26,context_dependent_forward_response,EURUSD M5 short 24,1,54.0,74.29,high,probe_now,,False
trend,trend_pullback_continuation,KALMAN_VELOCITY_CONFIRM,setup,confirm,MACD_CROSSOVER,trigger,,M15,"EURUSD,GBPUSD,USDJPY,XAUUSD",74.3,90.0,usable,balanced,7.8225,2866,65.26,context_dependent_forward_response,EURUSD M5 short 24,1,54.0,74.29,high,probe_now,,False
profile_value,profile_value_context,ROLLING_VOLUME_PROFILE_CONTEXT,filter,filter,MA_CROSSOVER,trigger,,M5,"EURUSD,GBPUSD,USDJPY,XAUUSD",68.1,90.0,usable,balanced,4.6425,1731,69.95,context_dependent_forward_response,USDJPY M15 long 24,7,58.0,74.26,high,probe_now,,False
profile_value,profile_value_context,ROLLING_VOLUME_PROFILE_CONTEXT,filter,filter,WAVETREND_CROSSOVER,trigger,confirm,M5,"EURUSD,GBPUSD,USDJPY,XAUUSD",73.7,90.0,usable,balanced,4.015,796,56.71,neutral_forward_response,XAUUSD M15 short 12,0,70.0,74.26,high,probe_now,,False
trend,trend_pullback_continuation,MA_SLOPE_TREND,context,trend,RSI_CROSSBACK,trigger,mean-reversion,M5,"EURUSD,GBPUSD,USDJPY,XAUUSD",71.7,90.0,usable,balanced,2.74,1095,53.46,neutral_forward_response,EURUSD M5 short 3,0,54.0,74.15,high,probe_now,,False
mean_reversion,mean_reversion_reclaim,RSI_MEAN_REVERSION,setup,mean-reversion,TTF_DSL_TRANSITION,trigger,confirm,M5,"EURUSD,GBPUSD,USDJPY,XAUUSD",71.3,90.0,usable,balanced,5.2725,2107,63.6,context_dependent_forward_response,USDJPY M15 long 24,1,62.0,74.14,high,probe_now,,False
profile_value,profile_value_context,ROLLING_VOLUME_PROFILE_CONTEXT,filter,filter,RSI_CROSSBACK,trigger,mean-reversion,M15,"EURUSD,GBPUSD,USDJPY,XAUUSD",76.1,90.0,usable,balanced,2.74,1095,53.46,neutral_forward_response,EURUSD M5 short 3,0,70.0,74.12,high,probe_now,,False
compression,breakout_compression_release,BOLLINGER_KELTNER_SQUEEZE_FILTER,filter,filter,BREAKOUT_FIRST_CLOSE,trigger,breakout,M5,"EURUSD,GBPUSD,USDJPY,XAUUSD",81.7,90.0,usable,balanced,7.505,2999,42.43,low_prior_forward_response,GBPUSD M15 long 24,0,78.0,74.1,high,probe_now,,False
profile_value,profile_value_context,ROLLING_VOLUME_PROFILE_CONTEXT,filter,filter,WICK_REJECTION,trigger,mean-reversion,M5,"EURUSD,GBPUSD,USDJPY,XAUUSD",73.1,64.0,dense,balanced,20.47,6525,64.71,context_dependent_forward_response,USDJPY M5 long 12,1,70.0,74.07,high,probe_now,,False
trend,trend_pullback_continuation,MA_SLOPE_TREND,context,trend,MACD_CROSSOVER,trigger,,M15,"EURUSD,GBPUSD,USDJPY,XAUUSD",73.5,90.0,usable,balanced,7.8225,2866,65.26,context_dependent_forward_response,EURUSD M5 short 24,1,54.0,74.03,high,probe_now,,False
mean_reversion,mean_reversion_reclaim,BBANDS_POSITION_MEAN_REVERSION,setup,mean-reversion,PRICE_RECLAIM_MA,trigger,confirm,M15,"EURUSD,GBPUSD,USDJPY,XAUUSD",71.3,90.0,usable,balanced,13.27,3739,48.56,neutral_forward_response,GBPUSD M15 short 24,0,62.0,73.93,high,probe_now,,False
profile_value,profile_value_context,ROLLING_VOLUME_PROFILE_CONTEXT,filter,filter,KEY_REVERSAL_SIGNAL,trigger,confirm,M5,"EURUSD,GBPUSD,USDJPY,XAUUSD",79.7,90.0,usable,balanced,7.69,3051,48.63,neutral_forward_response,XAUUSD M15 short 12,0,70.0,73.92,high,probe_now,,False
mean_reversion,mean_reversion_reclaim,BBANDS_POSITION_MEAN_REVERSION,setup,mean-reversion,MACD_CROSSOVER,trigger,,M15,"EURUSD,GBPUSD,USDJPY,XAUUSD",73.1,90.0,usable,balanced,7.8225,2866,65.26,context_dependent_forward_response,EURUSD M5 short 24,1,54.0,73.9,high,probe_now,,False
mean_reversion,mean_reversion_reclaim,RSI_MEAN_REVERSION,setup,mean-reversion,BUFFERED_RANGE_BREAKOUT_SIGNAL,trigger,breakout,M15,"EURUSD,GBPUSD,USDJPY,XAUUSD",75.5,90.0,usable,balanced,7.6375,2918,47.98,neutral_forward_response,XAUUSD M15 short 6,0,54.0,73.83,high,probe_now,,False
mean_reversion,mean_reversion_reclaim,BBANDS_POSITION_MEAN_REVERSION,setup,mean-reversion,MARKET_MODE_TRANSITION,trigger,confirm,M5,"EURUSD,GBPUSD,USDJPY,XAUUSD",68.9,90.0,usable,balanced,7.435,1487,65.16,context_dependent_forward_response,USDJPY M15 long 6,3,62.0,73.81,high,probe_now,,False
trend,trend_pullback_continuation,KALMAN_VELOCITY_CONFIRM,setup,confirm,EHLERS_FISHER_TRANSITION,trigger,confirm,M5,"EURUSD,GBPUSD,USDJPY,XAUUSD",94.1,64.0,dense,balanced,20.1125,6726,50.33,neutral_forward_response,USDJPY M15 long 6,0,76.0,73.72,high,probe_now,,False
mean_reversion,mean_reversion_reclaim,BBANDS_POSITION_MEAN_REVERSION,setup,mean-reversion,KST_CROSSOVER,trigger,confirm,M5,"EURUSD,GBPUSD,USDJPY,XAUUSD",68.9,90.0,usable,balanced,10.85,2075,50.25,neutral_forward_response,GBPUSD M5 short 3,0,62.0,73.64,high,probe_now,,False
mean_reversion,mean_reversion_reclaim,RSI_MEAN_REVERSION,setup,mean-reversion,THRUST_BAR_SIGNAL,trigger,confirm,M15,"EURUSD,GBPUSD,USDJPY,XAUUSD",75.5,86.0,usable,balanced,1.1825,440,45.89,neutral_forward_response,EURUSD M15 long 3,0,62.0,73.57,high,probe_now,,False
profile_value,profile_value_context,ROLLING_VOLUME_PROFILE_CONTEXT,filter,filter,MACD_CROSSOVER,trigger,,M15,"EURUSD,GBPUSD,USDJPY,XAUUSD",69.9,90.0,usable,balanced,7.8225,2866,65.26,context_dependent_forward_response,EURUSD M5 short 24,1,58.0,73.52,high,probe_now,,False
mean_reversion,mean_reversion_reclaim,BBANDS_POSITION_MEAN_REVERSION,setup,mean-reversion,TTF_DSL_TRANSITION,trigger,confirm,M5,"EURUSD,GBPUSD,USDJPY,XAUUSD",68.9,90.0,usable,balanced,5.2725,2107,63.6,context_dependent_forward_response,USDJPY M15 long 24,1,62.0,73.38,high,probe_now,,False
profile_value,profile_value_context,ROLLING_VOLUME_PROFILE_CONTEXT,filter,filter,CANDLE_DIRECTION_INDEX,trigger,confirm,M15,"EURUSD,GBPUSD,USDJPY,XAUUSD",78.5,90.0,usable,balanced,4.665,1549,47.66,neutral_forward_response,GBPUSD M5 long 24,0,70.0,73.26,high,probe_now,,False
profile_value,profile_value_context,ROLLING_VOLUME_PROFILE_CONTEXT,filter,filter,NVO_VOLUME_IMPULSE,trigger,confirm,M15,"EURUSD,GBPUSD,USDJPY,XAUUSD",73.1,90.0,usable,balanced,3.4425,1377,53.45,neutral_forward_response,GBPUSD M5 long 1,0,70.0,73.16,high,probe_now,,False
mean_reversion,mean_reversion_reclaim,BBANDS_POSITION_MEAN_REVERSION,setup,mean-reversion,BUFFERED_RANGE_BREAKOUT_SIGNAL,trigger,breakout,M15,"EURUSD,GBPUSD,USDJPY,XAUUSD",73.1,90.0,usable,balanced,7.6375,2918,47.98,neutral_forward_response,XAUUSD M15 short 6,0,54.0,73.07,high,probe_now,,False
mean_reversion,mean_reversion_reclaim,BBANDS_POSITION_MEAN_REVERSION,setup,mean-reversion,THRUST_BAR_SIGNAL,trigger,confirm,M15,"EURUSD,GBPUSD,USDJPY,XAUUSD",73.1,86.0,usable,balanced,1.1825,440,45.89,neutral_forward_response,EURUSD M15 long 3,0,62.0,72.8,high,probe_now,,False
profile_value,profile_value_context,ROLLING_VOLUME_PROFILE_CONTEXT,filter,filter,PRICE_RECLAIM_MA,trigger,confirm,M5,"EURUSD,GBPUSD,USDJPY,XAUUSD",76.1,90.0,usable,balanced,13.27,3739,48.56,neutral_forward_response,GBPUSD M15 short 24,0,70.0,72.75,high,probe_now,,False
profile_value,profile_value_context,ROLLING_VOLUME_PROFILE_CONTEXT,filter,filter,BUFFERED_RANGE_BREAKOUT_SIGNAL,trigger,breakout,M15,"EURUSD,GBPUSD,USDJPY,XAUUSD",69.9,90.0,usable,balanced,7.6375,2918,47.98,neutral_forward_response,XAUUSD M15 short 6,0,58.0,72.68,high,probe_now,,False
profile_value,profile_value_context,ROLLING_VOLUME_PROFILE_CONTEXT,filter,filter,KST_CROSSOVER,trigger,confirm,M15,"EURUSD,GBPUSD,USDJPY,XAUUSD",73.7,90.0,usable,balanced,10.85,2075,50.25,neutral_forward_response,GBPUSD M5 short 3,0,70.0,72.45,high,probe_now,,False
trend,trend_pullback_continuation,ADX,filter,,EHLERS_FISHER_TRANSITION,trigger,confirm,M5,"EURUSD,GBPUSD,USDJPY,XAUUSD",90.1,64.0,dense,balanced,20.1125,6726,50.33,neutral_forward_response,USDJPY M15 long 6,0,76.0,72.44,high,probe_now,,False
mean_reversion,mean_reversion_reclaim,RSI_MEAN_REVERSION,setup,mean-reversion,STOCHRSI_CROSSBACK,trigger,mean-reversion,M15,"EURUSD,GBPUSD,USDJPY,XAUUSD",89.3,64.0,dense,balanced,27.8275,9687,50.83,neutral_forward_response,USDJPY M5 long 24,0,76.0,72.33,high,probe_now,,False
mean_reversion,mean_reversion_reclaim,RSI_MEAN_REVERSION,setup,mean-reversion,WAVETREND_CROSSOVER,trigger,confirm,M5,"EURUSD,GBPUSD,USDJPY,XAUUSD",71.3,90.0,usable,balanced,4.015,796,56.71,neutral_forward_response,XAUUSD M15 short 12,0,62.0,72.21,high,probe_now,,False
trend,trend_pullback_continuation,MA_SLOPE_TREND,context,trend,EHLERS_FISHER_TRANSITION,trigger,confirm,M5,"EURUSD,GBPUSD,USDJPY,XAUUSD",89.3,64.0,dense,balanced,20.1125,6726,50.33,neutral_forward_response,USDJPY M15 long 6,0,76.0,72.19,high,probe_now,,False
profile_value,profile_value_context,ROLLING_VOLUME_PROFILE_CONTEXT,filter,filter,EHLERS_FISHER_TRANSITION,trigger,confirm,M15,"EURUSD,GBPUSD,USDJPY,XAUUSD",79.7,64.0,dense,balanced,20.1125,6726,50.33,neutral_forward_response,USDJPY M15 long 6,0,70.0,72.16,high,probe_now,,False
compression,breakout_compression_release,BOLLINGER_KELTNER_SQUEEZE_FILTER,filter,filter,EHLERS_FISHER_TRANSITION,trigger,confirm,M5,"EURUSD,GBPUSD,USDJPY,XAUUSD",87.7,64.0,dense,balanced,20.1125,6726,50.33,neutral_forward_response,USDJPY M15 long 6,0,78.0,72.0,high,probe_now,,False
mean_reversion,mean_reversion_reclaim,RSI_MEAN_REVERSION,setup,mean-reversion,KEY_REVERSAL_SIGNAL,trigger,confirm,M5,"EURUSD,GBPUSD,USDJPY,XAUUSD",77.3,90.0,usable,balanced,7.69,3051,48.63,neutral_forward_response,XAUUSD M15 short 12,0,62.0,71.87,high,probe_now,,False
compression,breakout_compression_release,TOBY_CRABEL_NARROW_RANGE,trigger,confirm,RSI_CROSSBACK,trigger,mean-reversion,M15,"EURUSD,GBPUSD,USDJPY,XAUUSD",73.7,90.0,usable,balanced,2.74,1095,53.46,neutral_forward_response,EURUSD M5 short 3,0,60.0,71.75,high,probe_now,,False
compression,breakout_compression_release,TOBY_CRABEL_NARROW_RANGE,trigger,confirm,WICK_REJECTION,trigger,mean-reversion,M5,"EURUSD,GBPUSD,USDJPY,XAUUSD",70.7,64.0,dense,balanced,20.47,6525,64.71,context_dependent_forward_response,USDJPY M5 long 12,1,60.0,71.7,high,probe_now,,False
profile_value,profile_value_context,ROLLING_VOLUME_PROFILE_CONTEXT,filter,filter,THRUST_BAR_SIGNAL,trigger,confirm,M5,"EURUSD,GBPUSD,USDJPY,XAUUSD",77.9,86.0,usable,balanced,1.1825,440,45.89,neutral_forward_response,EURUSD M15 long 3,0,70.0,71.62,high,probe_now,,False
mean_reversion,mean_reversion_reclaim,BBANDS_POSITION_MEAN_REVERSION,setup,mean-reversion,STOCHRSI_CROSSBACK,trigger,mean-reversion,M15,"EURUSD,GBPUSD,USDJPY,XAUUSD",86.9,64.0,dense,balanced,27.8275,9687,50.83,neutral_forward_response,USDJPY M5 long 24,0,76.0,71.56,high,probe_now,,False
mean_reversion,mean_reversion_reclaim,BBANDS_POSITION_MEAN_REVERSION,setup,mean-reversion,WAVETREND_CROSSOVER,trigger,confirm,M5,"EURUSD,GBPUSD,USDJPY,XAUUSD",68.9,90.0,usable,balanced,4.015,796,56.71,neutral_forward_response,XAUUSD M15 short 12,0,62.0,71.45,high,probe_now,,False
mean_reversion,mean_reversion_reclaim,RSI_MEAN_REVERSION,setup,mean-reversion,BOLLINGER_KELTNER_SQUEEZE_RELEASE,trigger,breakout,M5,"EURUSD,GBPUSD,USDJPY,XAUUSD",73.7,90.0,usable,balanced,5.76,1131,41.25,neutral_forward_response,XAUUSD M5 short 6,0,54.0,71.37,high,probe_now,,False
mean_reversion,mean_reversion_reclaim,RSI_MEAN_REVERSION,setup,mean-reversion,CANDLE_DIRECTION_INDEX,trigger,confirm,M15,"EURUSD,GBPUSD,USDJPY,XAUUSD",76.1,90.0,usable,balanced,4.665,1549,47.66,neutral_forward_response,GBPUSD M5 long 24,0,62.0,71.22,high,probe_now,,False
mean_reversion,mean_reversion_reclaim,RSI_MEAN_REVERSION,setup,mean-reversion,NVO_VOLUME_IMPULSE,trigger,confirm,M15,"EURUSD,GBPUSD,USDJPY,XAUUSD",70.7,90.0,usable,balanced,3.4425,1377,53.45,neutral_forward_response,GBPUSD M5 long 1,0,62.0,71.11,high,probe_now,,False
mean_reversion,mean_reversion_reclaim,BBANDS_POSITION_MEAN_REVERSION,setup,mean-reversion,KEY_REVERSAL_SIGNAL,trigger,confirm,M5,"EURUSD,GBPUSD,USDJPY,XAUUSD",74.9,90.0,usable,balanced,7.69,3051,48.63,neutral_forward_response,XAUUSD M15 short 12,0,62.0,71.1,high,probe_now,,False
mean_reversion,mean_reversion_reclaim,RSI_MEAN_REVERSION,setup,mean-reversion,BREAKOUT_FIRST_CLOSE,trigger,breakout,M15,"EURUSD,GBPUSD,USDJPY,XAUUSD",71.3,90.0,usable,balanced,7.505,2999,42.43,low_prior_forward_response,GBPUSD M15 long 24,0,54.0,70.94,high,probe_now,,False
mean_reversion,mean_reversion_reclaim,RSI_MEAN_REVERSION,setup,mean-reversion,RSI_CROSSBACK,trigger,mean-reversion,M15,"EURUSD,GBPUSD,USDJPY,XAUUSD",81.7,90.0,usable,balanced,2.74,1095,53.46,neutral_forward_response,EURUSD M5 short 3,0,76.0,70.87,high,probe_now,,True
mean_reversion,mean_reversion_reclaim,RSI_MEAN_REVERSION,setup,mean-reversion,PRICE_RECLAIM_MA,trigger,confirm,M5,"EURUSD,GBPUSD,USDJPY,XAUUSD",73.7,90.0,usable,balanced,13.27,3739,48.56,neutral_forward_response,GBPUSD M15 short 24,0,62.0,70.7,high,probe_now,,False
mean_reversion,mean_reversion_reclaim,BBANDS_POSITION_MEAN_REVERSION,setup,mean-reversion,BOLLINGER_KELTNER_SQUEEZE_RELEASE,trigger,breakout,M5,"EURUSD,GBPUSD,USDJPY,XAUUSD",71.3,90.0,usable,balanced,5.76,1131,41.25,neutral_forward_response,XAUUSD M5 short 6,0,54.0,70.61,high,probe_now,,False
compression,breakout_compression_release,BOLLINGER_KELTNER_SQUEEZE_FILTER,filter,filter,RSI_CROSSBACK,trigger,mean-reversion,M15,"EURUSD,GBPUSD,USDJPY,XAUUSD",70.1,90.0,usable,balanced,2.74,1095,53.46,neutral_forward_response,EURUSD M5 short 3,0,60.0,70.6,high,probe_now,,False
compression,breakout_compression_release,BOLLINGER_KELTNER_SQUEEZE_FILTER,filter,filter,WICK_REJECTION,trigger,mean-reversion,M5,"EURUSD,GBPUSD,USDJPY,XAUUSD",67.1,64.0,dense,balanced,20.47,6525,64.71,context_dependent_forward_response,USDJPY M5 long 12,1,60.0,70.55,high,probe_now,,False
mean_reversion,mean_reversion_reclaim,BBANDS_POSITION_MEAN_REVERSION,setup,mean-reversion,CANDLE_DIRECTION_INDEX,trigger,confirm,M15,"EURUSD,GBPUSD,USDJPY,XAUUSD",73.7,90.0,usable,balanced,4.665,1549,47.66,neutral_forward_response,GBPUSD M5 long 24,0,62.0,70.45,high,probe_now,,False
mean_reversion,mean_reversion_reclaim,RSI_MEAN_REVERSION,setup,mean-reversion,KST_CROSSOVER,trigger,confirm,M15,"EURUSD,GBPUSD,USDJPY,XAUUSD",71.3,90.0,usable,balanced,10.85,2075,50.25,neutral_forward_response,GBPUSD M5 short 3,0,62.0,70.41,high,probe_now,,False
trend,trend_pullback_continuation,ADX,filter,,RSI_CROSSBACK,trigger,mean-reversion,M15,"EURUSD,GBPUSD,USDJPY,XAUUSD",72.5,90.0,usable,balanced,2.74,1095,53.46,neutral_forward_response,EURUSD M5 short 3,0,54.0,70.41,high,probe_now,,False
trend,trend_pullback_continuation,KALMAN_VELOCITY_CONFIRM,setup,confirm,RSI_CROSSBACK,trigger,mean-reversion,M15,"EURUSD,GBPUSD,USDJPY,XAUUSD",72.5,90.0,usable,balanced,2.74,1095,53.46,neutral_forward_response,EURUSD M5 short 3,0,54.0,70.41,high,probe_now,,False
profile_value,profile_value_context,ROLLING_VOLUME_PROFILE_CONTEXT,filter,filter,STOCHRSI_CROSSBACK,trigger,mean-reversion,M5,"EURUSD,GBPUSD,USDJPY,XAUUSD",73.7,64.0,dense,balanced,27.8275,9687,50.83,neutral_forward_response,USDJPY M5 long 24,0,70.0,70.38,high,probe_now,,False
trend,trend_pullback_continuation,ADX,filter,,WICK_REJECTION,trigger,mean-reversion,M5,"EURUSD,GBPUSD,USDJPY,XAUUSD",69.5,64.0,dense,balanced,20.47,6525,64.71,context_dependent_forward_response,USDJPY M5 long 12,1,54.0,70.36,high,probe_now,,False
trend,trend_pullback_continuation,KALMAN_VELOCITY_CONFIRM,setup,confirm,WICK_REJECTION,trigger,mean-reversion,M5,"EURUSD,GBPUSD,USDJPY,XAUUSD",69.5,64.0,dense,balanced,20.47,6525,64.71,context_dependent_forward_response,USDJPY M5 long 12,1,54.0,70.36,high,probe_now,,False
mean_reversion,mean_reversion_reclaim,BBANDS_POSITION_MEAN_REVERSION,setup,mean-reversion,NVO_VOLUME_IMPULSE,trigger,confirm,M15,"EURUSD,GBPUSD,USDJPY,XAUUSD",68.3,90.0,usable,balanced,3.4425,1377,53.45,neutral_forward_response,GBPUSD M5 long 1,0,62.0,70.34,high,probe_now,,False
profile_value,profile_value_context,ROLLING_VOLUME_PROFILE_CONTEXT,filter,filter,BOLLINGER_KELTNER_SQUEEZE_RELEASE,trigger,breakout,M5,"EURUSD,GBPUSD,USDJPY,XAUUSD",68.1,90.0,usable,balanced,5.76,1131,41.25,neutral_forward_response,XAUUSD M5 short 6,0,58.0,70.22,high,probe_now,,False
mean_reversion,mean_reversion_reclaim,BBANDS_POSITION_MEAN_REVERSION,setup,mean-reversion,BREAKOUT_FIRST_CLOSE,trigger,breakout,M15,"EURUSD,GBPUSD,USDJPY,XAUUSD",68.9,90.0,usable,balanced,7.505,2999,42.43,low_prior_forward_response,GBPUSD M15 long 24,0,54.0,70.17,high,probe_now,,False
trend,trend_pullback_continuation,MA_SLOPE_TREND,context,trend,RSI_CROSSBACK,trigger,mean-reversion,M15,"EURUSD,GBPUSD,USDJPY,XAUUSD",71.7,90.0,usable,balanced,2.74,1095,53.46,neutral_forward_response,EURUSD M5 short 3,0,54.0,70.15,high,probe_now,,False
mean_reversion,mean_reversion_reclaim,RSI_MEAN_REVERSION,setup,mean-reversion,EHLERS_FISHER_TRANSITION,trigger,confirm,M15,"EURUSD,GBPUSD,USDJPY,XAUUSD",77.3,64.0,dense,balanced,20.1125,6726,50.33,neutral_forward_response,USDJPY M15 long 6,0,62.0,70.11,high,probe_now,,False
trend,trend_pullback_continuation,MA_SLOPE_TREND,context,trend,WICK_REJECTION,trigger,mean-reversion,M5,"EURUSD,GBPUSD,USDJPY,XAUUSD",68.7,64.0,dense,balanced,20.47,6525,64.71,context_dependent_forward_response,USDJPY M5 long 12,1,54.0,70.1,high,probe_now,,False
profile_value,profile_value_context,ROLLING_VOLUME_PROFILE_CONTEXT,filter,filter,WICK_REJECTION,trigger,mean-reversion,M15,"EURUSD,GBPUSD,USDJPY,XAUUSD",73.1,64.0,dense,balanced,20.47,6525,64.71,context_dependent_forward_response,USDJPY M5 long 12,1,70.0,70.07,high,probe_now,,False
mean_reversion,mean_reversion_reclaim,BBANDS_POSITION_MEAN_REVERSION,setup,mean-reversion,PRICE_RECLAIM_MA,trigger,confirm,M5,"EURUSD,GBPUSD,USDJPY,XAUUSD",71.3,90.0,usable,balanced,13.27,3739,48.56,neutral_forward_response,GBPUSD M15 short 24,0,62.0,69.93,medium,probe_selectively,,False
mean_reversion,mean_reversion_reclaim,RSI_MEAN_REVERSION,setup,mean-reversion,BUFFERED_RANGE_BREAKOUT_SIGNAL,trigger,breakout,M5,"EURUSD,GBPUSD,USDJPY,XAUUSD",75.5,90.0,usable,balanced,7.6375,2918,47.98,neutral_forward_response,XAUUSD M15 short 6,0,54.0,69.83,medium,probe_selectively,,False
profile_value,profile_value_context,ROLLING_VOLUME_PROFILE_CONTEXT,filter,filter,BREAKOUT_FIRST_CLOSE,trigger,breakout,M15,"EURUSD,GBPUSD,USDJPY,XAUUSD",65.7,90.0,usable,balanced,7.505,2999,42.43,low_prior_forward_response,GBPUSD M15 long 24,0,58.0,69.78,medium,probe_selectively,,False
mean_reversion,mean_reversion_reclaim,BBANDS_POSITION_MEAN_REVERSION,setup,mean-reversion,KST_CROSSOVER,trigger,confirm,M15,"EURUSD,GBPUSD,USDJPY,XAUUSD",68.9,90.0,usable,balanced,10.85,2075,50.25,neutral_forward_response,GBPUSD M5 short 3,0,62.0,69.64,medium,probe_selectively,,False
mean_reversion,mean_reversion_reclaim,RSI_MEAN_REVERSION,setup,mean-reversion,THRUST_BAR_SIGNAL,trigger,confirm,M5,"EURUSD,GBPUSD,USDJPY,XAUUSD",75.5,86.0,usable,balanced,1.1825,440,45.89,neutral_forward_response,EURUSD M15 long 3,0,62.0,69.57,medium,probe_selectively,,False
compression,breakout_compression_release,BOLLINGER_KELTNER_SQUEEZE_FILTER,filter,filter,BOLLINGER_KELTNER_SQUEEZE_RELEASE,trigger,breakout,M5,"EURUSD,GBPUSD,USDJPY,XAUUSD",74.1,90.0,usable,balanced,5.76,1131,41.25,neutral_forward_response,XAUUSD M5 short 6,0,78.0,69.34,medium,probe_selectively,,True
mean_reversion,mean_reversion_reclaim,BBANDS_POSITION_MEAN_REVERSION,setup,mean-reversion,EHLERS_FISHER_TRANSITION,trigger,confirm,M15,"EURUSD,GBPUSD,USDJPY,XAUUSD",74.9,64.0,dense,balanced,20.1125,6726,50.33,neutral_forward_response,USDJPY M15 long 6,0,62.0,69.34,medium,probe_selectively,,False
mean_reversion,mean_reversion_reclaim,BBANDS_POSITION_MEAN_REVERSION,setup,mean-reversion,BUFFERED_RANGE_BREAKOUT_SIGNAL,trigger,breakout,M5,"EURUSD,GBPUSD,USDJPY,XAUUSD",73.1,90.0,usable,balanced,7.6375,2918,47.98,neutral_forward_response,XAUUSD M15 short 6,0,54.0,69.07,medium,probe_selectively,,False
compression,breakout_compression_release,TOBY_CRABEL_NARROW_RANGE,trigger,confirm,STOCH_CROSSOVER,trigger,,M5,"EURUSD,GBPUSD,USDJPY,XAUUSD",75.5,64.0,dense,balanced,26.365,9323,49.2,neutral_forward_response,USDJPY M5 long 24,0,60.0,68.9,medium,probe_selectively,,False
mean_reversion,mean_reversion_reclaim,BBANDS_POSITION_MEAN_REVERSION,setup,mean-reversion,THRUST_BAR_SIGNAL,trigger,confirm,M5,"EURUSD,GBPUSD,USDJPY,XAUUSD",73.1,86.0,usable,balanced,1.1825,440,45.89,neutral_forward_response,EURUSD M15 long 3,0,62.0,68.8,medium,probe_selectively,,False
profile_value,profile_value_context,ROLLING_VOLUME_PROFILE_CONTEXT,filter,filter,BUFFERED_RANGE_BREAKOUT_SIGNAL,trigger,breakout,M5,"EURUSD,GBPUSD,USDJPY,XAUUSD",69.9,90.0,usable,balanced,7.6375,2918,47.98,neutral_forward_response,XAUUSD M15 short 6,0,58.0,68.68,medium,probe_selectively,,False
profile_value,profile_value_context,ROLLING_VOLUME_PROFILE_CONTEXT,filter,filter,EHLERS_FISHER_TRANSITION,trigger,confirm,M5,"EURUSD,GBPUSD,USDJPY,XAUUSD",79.7,64.0,dense,balanced,20.1125,6726,50.33,neutral_forward_response,USDJPY M15 long 6,0,70.0,68.16,medium,probe_selectively,,False
compression,breakout_compression_release,TOBY_CRABEL_NARROW_RANGE,trigger,confirm,STOCHRSI_CROSSBACK,trigger,mean-reversion,M5,"EURUSD,GBPUSD,USDJPY,XAUUSD",71.3,64.0,dense,balanced,27.8275,9687,50.83,neutral_forward_response,USDJPY M5 long 24,0,60.0,68.01,medium,probe_selectively,,False
mean_reversion,mean_reversion_reclaim,RSI_MEAN_REVERSION,setup,mean-reversion,STOCH_CROSSOVER,trigger,,M5,"EURUSD,GBPUSD,USDJPY,XAUUSD",75.5,64.0,dense,balanced,26.365,9323,49.2,neutral_forward_response,USDJPY M5 long 24,0,54.0,67.94,medium,probe_selectively,,False
compression,breakout_compression_release,BOLLINGER_KELTNER_SQUEEZE_FILTER,filter,filter,STOCH_CROSSOVER,trigger,,M5,"EURUSD,GBPUSD,USDJPY,XAUUSD",71.9,64.0,dense,balanced,26.365,9323,49.2,neutral_forward_response,USDJPY M5 long 24,0,60.0,67.74,medium,probe_selectively,,False
compression,breakout_compression_release,TOBY_CRABEL_NARROW_RANGE,trigger,confirm,WICK_REJECTION,trigger,mean-reversion,M15,"EURUSD,GBPUSD,USDJPY,XAUUSD",70.7,64.0,dense,balanced,20.47,6525,64.71,context_dependent_forward_response,USDJPY M5 long 12,1,60.0,67.7,medium,probe_selectively,,False
trend,trend_pullback_continuation,ADX,filter,,STOCH_CROSSOVER,trigger,,M5,"EURUSD,GBPUSD,USDJPY,XAUUSD",74.3,64.0,dense,balanced,26.365,9323,49.2,neutral_forward_response,USDJPY M5 long 24,0,54.0,67.55,medium,probe_selectively,,False
trend,trend_pullback_continuation,KALMAN_VELOCITY_CONFIRM,setup,confirm,STOCH_CROSSOVER,trigger,,M5,"EURUSD,GBPUSD,USDJPY,XAUUSD",74.3,64.0,dense,balanced,26.365,9323,49.2,neutral_forward_response,USDJPY M5 long 24,0,54.0,67.55,medium,probe_selectively,,False
mean_reversion,mean_reversion_reclaim,RSI_MEAN_REVERSION,setup,mean-reversion,BOLLINGER_KELTNER_SQUEEZE_RELEASE,trigger,breakout,M15,"EURUSD,GBPUSD,USDJPY,XAUUSD",73.7,90.0,usable,balanced,5.76,1131,41.25,neutral_forward_response,XAUUSD M5 short 6,0,54.0,67.37,medium,probe_selectively,,False
trend,trend_pullback_continuation,MA_SLOPE_TREND,context,trend,STOCH_CROSSOVER,trigger,,M5,"EURUSD,GBPUSD,USDJPY,XAUUSD",73.5,64.0,dense,balanced,26.365,9323,49.2,neutral_forward_response,USDJPY M5 long 24,0,54.0,67.3,medium,probe_selectively,,False
mean_reversion,mean_reversion_reclaim,BBANDS_POSITION_MEAN_REVERSION,setup,mean-reversion,STOCH_CROSSOVER,trigger,,M5,"EURUSD,GBPUSD,USDJPY,XAUUSD",73.1,64.0,dense,balanced,26.365,9323,49.2,neutral_forward_response,USDJPY M5 long 24,0,54.0,67.17,medium,probe_selectively,,False
mean_reversion,mean_reversion_reclaim,RSI_MEAN_REVERSION,setup,mean-reversion,BREAKOUT_FIRST_CLOSE,trigger,breakout,M5,"EURUSD,GBPUSD,USDJPY,XAUUSD",71.3,90.0,usable,balanced,7.505,2999,42.43,low_prior_forward_response,GBPUSD M15 long 24,0,54.0,66.94,medium,probe_selectively,,False
compression,breakout_compression_release,BOLLINGER_KELTNER_SQUEEZE_FILTER,filter,filter,STOCHRSI_CROSSBACK,trigger,mean-reversion,M5,"EURUSD,GBPUSD,USDJPY,XAUUSD",67.7,64.0,dense,balanced,27.8275,9687,50.83,neutral_forward_response,USDJPY M5 long 24,0,60.0,66.86,medium,probe_selectively,,False
profile_value,profile_value_context,ROLLING_VOLUME_PROFILE_CONTEXT,filter,filter,STOCH_CROSSOVER,trigger,,M5,"EURUSD,GBPUSD,USDJPY,XAUUSD",69.9,64.0,dense,balanced,26.365,9323,49.2,neutral_forward_response,USDJPY M5 long 24,0,58.0,66.78,medium,probe_selectively,,False
trend,trend_pullback_continuation,ADX,filter,,STOCHRSI_CROSSBACK,trigger,mean-reversion,M5,"EURUSD,GBPUSD,USDJPY,XAUUSD",70.1,64.0,dense,balanced,27.8275,9687,50.83,neutral_forward_response,USDJPY M5 long 24,0,54.0,66.66,medium,probe_selectively,,False
trend,trend_pullback_continuation,KALMAN_VELOCITY_CONFIRM,setup,confirm,STOCHRSI_CROSSBACK,trigger,mean-reversion,M5,"EURUSD,GBPUSD,USDJPY,XAUUSD",70.1,64.0,dense,balanced,27.8275,9687,50.83,neutral_forward_response,USDJPY M5 long 24,0,54.0,66.66,medium,probe_selectively,,False
mean_reversion,mean_reversion_reclaim,BBANDS_POSITION_MEAN_REVERSION,setup,mean-reversion,BOLLINGER_KELTNER_SQUEEZE_RELEASE,trigger,breakout,M15,"EURUSD,GBPUSD,USDJPY,XAUUSD",71.3,90.0,usable,balanced,5.76,1131,41.25,neutral_forward_response,XAUUSD M5 short 6,0,54.0,66.61,medium,probe_selectively,,False
compression,breakout_compression_release,BOLLINGER_KELTNER_SQUEEZE_FILTER,filter,filter,WICK_REJECTION,trigger,mean-reversion,M15,"EURUSD,GBPUSD,USDJPY,XAUUSD",67.1,64.0,dense,balanced,20.47,6525,64.71,context_dependent_forward_response,USDJPY M5 long 12,1,60.0,66.55,medium,probe_selectively,,False
trend,trend_pullback_continuation,MA_SLOPE_TREND,context,trend,STOCHRSI_CROSSBACK,trigger,mean-reversion,M5,"EURUSD,GBPUSD,USDJPY,XAUUSD",69.3,64.0,dense,balanced,27.8275,9687,50.83,neutral_forward_response,USDJPY M5 long 24,0,54.0,66.41,medium,probe_selectively,,False
profile_value,profile_value_context,ROLLING_VOLUME_PROFILE_CONTEXT,filter,filter,STOCHRSI_CROSSBACK,trigger,mean-reversion,M15,"EURUSD,GBPUSD,USDJPY,XAUUSD",73.7,64.0,dense,balanced,27.8275,9687,50.83,neutral_forward_response,USDJPY M5 long 24,0,70.0,66.38,medium,probe_selectively,,False
trend,trend_pullback_continuation,ADX,filter,,WICK_REJECTION,trigger,mean-reversion,M15,"EURUSD,GBPUSD,USDJPY,XAUUSD",69.5,64.0,dense,balanced,20.47,6525,64.71,context_dependent_forward_response,USDJPY M5 long 12,1,54.0,66.36,medium,probe_selectively,,False
trend,trend_pullback_continuation,KALMAN_VELOCITY_CONFIRM,setup,confirm,WICK_REJECTION,trigger,mean-reversion,M15,"EURUSD,GBPUSD,USDJPY,XAUUSD",69.5,64.0,dense,balanced,20.47,6525,64.71,context_dependent_forward_response,USDJPY M5 long 12,1,54.0,66.36,medium,probe_selectively,,False
profile_value,profile_value_context,ROLLING_VOLUME_PROFILE_CONTEXT,filter,filter,BOLLINGER_KELTNER_SQUEEZE_RELEASE,trigger,breakout,M15,"EURUSD,GBPUSD,USDJPY,XAUUSD",68.1,90.0,usable,balanced,5.76,1131,41.25,neutral_forward_response,XAUUSD M5 short 6,0,58.0,66.22,medium,probe_selectively,,False
mean_reversion,mean_reversion_reclaim,BBANDS_POSITION_MEAN_REVERSION,setup,mean-reversion,BREAKOUT_FIRST_CLOSE,trigger,breakout,M5,"EURUSD,GBPUSD,USDJPY,XAUUSD",68.9,90.0,usable,balanced,7.505,2999,42.43,low_prior_forward_response,GBPUSD M15 long 24,0,54.0,66.17,medium,probe_selectively,,False
mean_reversion,mean_reversion_reclaim,RSI_MEAN_REVERSION,setup,mean-reversion,EHLERS_FISHER_TRANSITION,trigger,confirm,M5,"EURUSD,GBPUSD,USDJPY,XAUUSD",77.3,64.0,dense,balanced,20.1125,6726,50.33,neutral_forward_response,USDJPY M15 long 6,0,62.0,66.11,medium,probe_selectively,,False
trend,trend_pullback_continuation,MA_SLOPE_TREND,context,trend,WICK_REJECTION,trigger,mean-reversion,M15,"EURUSD,GBPUSD,USDJPY,XAUUSD",68.7,64.0,dense,balanced,20.47,6525,64.71,context_dependent_forward_response,USDJPY M5 long 12,1,54.0,66.1,medium,probe_selectively,,False
profile_value,profile_value_context,ROLLING_VOLUME_PROFILE_CONTEXT,filter,filter,BREAKOUT_FIRST_CLOSE,trigger,breakout,M5,"EURUSD,GBPUSD,USDJPY,XAUUSD",65.7,90.0,usable,balanced,7.505,2999,42.43,low_prior_forward_response,GBPUSD M15 long 24,0,58.0,65.78,medium,probe_selectively,,False
compression,breakout_compression_release,BOLLINGER_KELTNER_SQUEEZE_FILTER,filter,filter,BOLLINGER_KELTNER_SQUEEZE_RELEASE,trigger,breakout,M15,"EURUSD,GBPUSD,USDJPY,XAUUSD",74.1,90.0,usable,balanced,5.76,1131,41.25,neutral_forward_response,XAUUSD M5 short 6,0,78.0,65.34,medium,probe_selectively,,True
mean_reversion,mean_reversion_reclaim,BBANDS_POSITION_MEAN_REVERSION,setup,mean-reversion,EHLERS_FISHER_TRANSITION,trigger,confirm,M5,"EURUSD,GBPUSD,USDJPY,XAUUSD",74.9,64.0,dense,balanced,20.1125,6726,50.33,neutral_forward_response,USDJPY M15 long 6,0,62.0,65.34,medium,probe_selectively,,False
compression,breakout_compression_release,TOBY_CRABEL_NARROW_RANGE,trigger,confirm,STOCH_CROSSOVER,trigger,,M15,"EURUSD,GBPUSD,USDJPY,XAUUSD",75.5,64.0,dense,balanced,26.365,9323,49.2,neutral_forward_response,USDJPY M5 long 24,0,60.0,64.9,medium,probe_selectively,,False
compression,breakout_compression_release,TOBY_CRABEL_NARROW_RANGE,trigger,confirm,STOCHRSI_CROSSBACK,trigger,mean-reversion,M15,"EURUSD,GBPUSD,USDJPY,XAUUSD",71.3,64.0,dense,balanced,27.8275,9687,50.83,neutral_forward_response,USDJPY M5 long 24,0,60.0,64.01,medium,probe_selectively,,False
mean_reversion,mean_reversion_reclaim,RSI_MEAN_REVERSION,setup,mean-reversion,STOCH_CROSSOVER,trigger,,M15,"EURUSD,GBPUSD,USDJPY,XAUUSD",75.5,64.0,dense,balanced,26.365,9323,49.2,neutral_forward_response,USDJPY M5 long 24,0,54.0,63.94,medium,probe_selectively,,False
compression,breakout_compression_release,BOLLINGER_KELTNER_SQUEEZE_FILTER,filter,filter,STOCH_CROSSOVER,trigger,,M15,"EURUSD,GBPUSD,USDJPY,XAUUSD",71.9,64.0,dense,balanced,26.365,9323,49.2,neutral_forward_response,USDJPY M5 long 24,0,60.0,63.74,medium,probe_selectively,,False
trend,trend_pullback_continuation,ADX,filter,,STOCH_CROSSOVER,trigger,,M15,"EURUSD,GBPUSD,USDJPY,XAUUSD",74.3,64.0,dense,balanced,26.365,9323,49.2,neutral_forward_response,USDJPY M5 long 24,0,54.0,63.55,medium,probe_selectively,,False
trend,trend_pullback_continuation,KALMAN_VELOCITY_CONFIRM,setup,confirm,STOCH_CROSSOVER,trigger,,M15,"EURUSD,GBPUSD,USDJPY,XAUUSD",74.3,64.0,dense,balanced,26.365,9323,49.2,neutral_forward_response,USDJPY M5 long 24,0,54.0,63.55,medium,probe_selectively,,False
trend,trend_pullback_continuation,MA_SLOPE_TREND,context,trend,STOCH_CROSSOVER,trigger,,M15,"EURUSD,GBPUSD,USDJPY,XAUUSD",73.5,64.0,dense,balanced,26.365,9323,49.2,neutral_forward_response,USDJPY M5 long 24,0,54.0,63.3,medium,probe_selectively,,False
mean_reversion,mean_reversion_reclaim,BBANDS_POSITION_MEAN_REVERSION,setup,mean-reversion,STOCH_CROSSOVER,trigger,,M15,"EURUSD,GBPUSD,USDJPY,XAUUSD",73.1,64.0,dense,balanced,26.365,9323,49.2,neutral_forward_response,USDJPY M5 long 24,0,54.0,63.17,medium,probe_selectively,,False
compression,breakout_compression_release,BOLLINGER_KELTNER_SQUEEZE_FILTER,filter,filter,STOCHRSI_CROSSBACK,trigger,mean-reversion,M15,"EURUSD,GBPUSD,USDJPY,XAUUSD",67.7,64.0,dense,balanced,27.8275,9687,50.83,neutral_forward_response,USDJPY M5 long 24,0,60.0,62.86,medium,probe_selectively,,False
profile_value,profile_value_context,ROLLING_VOLUME_PROFILE_CONTEXT,filter,filter,STOCH_CROSSOVER,trigger,,M15,"EURUSD,GBPUSD,USDJPY,XAUUSD",69.9,64.0,dense,balanced,26.365,9323,49.2,neutral_forward_response,USDJPY M5 long 24,0,58.0,62.78,medium,probe_selectively,,False
trend,trend_pullback_continuation,ADX,filter,,STOCHRSI_CROSSBACK,trigger,mean-reversion,M15,"EURUSD,GBPUSD,USDJPY,XAUUSD",70.1,64.0,dense,balanced,27.8275,9687,50.83,neutral_forward_response,USDJPY M5 long 24,0,54.0,62.66,medium,probe_selectively,,False
trend,trend_pullback_continuation,KALMAN_VELOCITY_CONFIRM,setup,confirm,STOCHRSI_CROSSBACK,trigger,mean-reversion,M15,"EURUSD,GBPUSD,USDJPY,XAUUSD",70.1,64.0,dense,balanced,27.8275,9687,50.83,neutral_forward_response,USDJPY M5 long 24,0,54.0,62.66,medium,probe_selectively,,False
trend,trend_pullback_continuation,MA_SLOPE_TREND,context,trend,STOCHRSI_CROSSBACK,trigger,mean-reversion,M15,"EURUSD,GBPUSD,USDJPY,XAUUSD",69.3,64.0,dense,balanced,27.8275,9687,50.83,neutral_forward_response,USDJPY M5 long 24,0,54.0,62.41,medium,probe_selectively,,False
compression,breakout_compression_release,TOBY_CRABEL_NARROW_RANGE,trigger,confirm,CANDLESTICK_PATTERNS,trigger,,M15,"EURUSD,GBPUSD,USDJPY,XAUUSD",75.5,0.0,flat,flat,0.0,0,0.0,default_problem,,0,60.0,33.76,low,blocked_default_problem,flat_or_no_forward_events,False
compression,breakout_compression_release,TOBY_CRABEL_NARROW_RANGE,trigger,confirm,CANDLESTICK_PATTERNS,trigger,,M5,"EURUSD,GBPUSD,USDJPY,XAUUSD",75.5,0.0,flat,flat,0.0,0,0.0,default_problem,,0,60.0,33.76,low,blocked_default_problem,flat_or_no_forward_events,False
mean_reversion,mean_reversion_reclaim,RSI_MEAN_REVERSION,setup,mean-reversion,CANDLESTICK_PATTERNS,trigger,,M15,"EURUSD,GBPUSD,USDJPY,XAUUSD",75.5,0.0,flat,flat,0.0,0,0.0,default_problem,,0,54.0,32.8,low,blocked_default_problem,flat_or_no_forward_events,False
mean_reversion,mean_reversion_reclaim,RSI_MEAN_REVERSION,setup,mean-reversion,CANDLESTICK_PATTERNS,trigger,,M5,"EURUSD,GBPUSD,USDJPY,XAUUSD",75.5,0.0,flat,flat,0.0,0,0.0,default_problem,,0,54.0,32.8,low,blocked_default_problem,flat_or_no_forward_events,False
compression,breakout_compression_release,BOLLINGER_KELTNER_SQUEEZE_FILTER,filter,filter,CANDLESTICK_PATTERNS,trigger,,M15,"EURUSD,GBPUSD,USDJPY,XAUUSD",71.9,0.0,flat,flat,0.0,0,0.0,default_problem,,0,60.0,32.61,low,blocked_default_problem,flat_or_no_forward_events,False
compression,breakout_compression_release,BOLLINGER_KELTNER_SQUEEZE_FILTER,filter,filter,CANDLESTICK_PATTERNS,trigger,,M5,"EURUSD,GBPUSD,USDJPY,XAUUSD",71.9,0.0,flat,flat,0.0,0,0.0,default_problem,,0,60.0,32.61,low,blocked_default_problem,flat_or_no_forward_events,False
trend,trend_pullback_continuation,ADX,filter,,CANDLESTICK_PATTERNS,trigger,,M15,"EURUSD,GBPUSD,USDJPY,XAUUSD",74.3,0.0,flat,flat,0.0,0,0.0,default_problem,,0,54.0,32.42,low,blocked_default_problem,flat_or_no_forward_events,False
trend,trend_pullback_continuation,ADX,filter,,CANDLESTICK_PATTERNS,trigger,,M5,"EURUSD,GBPUSD,USDJPY,XAUUSD",74.3,0.0,flat,flat,0.0,0,0.0,default_problem,,0,54.0,32.42,low,blocked_default_problem,flat_or_no_forward_events,False
trend,trend_pullback_continuation,KALMAN_VELOCITY_CONFIRM,setup,confirm,CANDLESTICK_PATTERNS,trigger,,M15,"EURUSD,GBPUSD,USDJPY,XAUUSD",74.3,0.0,flat,flat,0.0,0,0.0,default_problem,,0,54.0,32.42,low,blocked_default_problem,flat_or_no_forward_events,False
trend,trend_pullback_continuation,KALMAN_VELOCITY_CONFIRM,setup,confirm,CANDLESTICK_PATTERNS,trigger,,M5,"EURUSD,GBPUSD,USDJPY,XAUUSD",74.3,0.0,flat,flat,0.0,0,0.0,default_problem,,0,54.0,32.42,low,blocked_default_problem,flat_or_no_forward_events,False
trend,trend_pullback_continuation,MA_SLOPE_TREND,context,trend,CANDLESTICK_PATTERNS,trigger,,M15,"EURUSD,GBPUSD,USDJPY,XAUUSD",73.5,0.0,flat,flat,0.0,0,0.0,default_problem,,0,54.0,32.16,low,blocked_default_problem,flat_or_no_forward_events,False
trend,trend_pullback_continuation,MA_SLOPE_TREND,context,trend,CANDLESTICK_PATTERNS,trigger,,M5,"EURUSD,GBPUSD,USDJPY,XAUUSD",73.5,0.0,flat,flat,0.0,0,0.0,default_problem,,0,54.0,32.16,low,blocked_default_problem,flat_or_no_forward_events,False
mean_reversion,mean_reversion_reclaim,BBANDS_POSITION_MEAN_REVERSION,setup,mean-reversion,CANDLESTICK_PATTERNS,trigger,,M15,"EURUSD,GBPUSD,USDJPY,XAUUSD",73.1,0.0,flat,flat,0.0,0,0.0,default_problem,,0,54.0,32.03,low,blocked_default_problem,flat_or_no_forward_events,False
mean_reversion,mean_reversion_reclaim,BBANDS_POSITION_MEAN_REVERSION,setup,mean-reversion,CANDLESTICK_PATTERNS,trigger,,M5,"EURUSD,GBPUSD,USDJPY,XAUUSD",73.1,0.0,flat,flat,0.0,0,0.0,default_problem,,0,54.0,32.03,low,blocked_default_problem,flat_or_no_forward_events,False
profile_value,profile_value_context,ROLLING_VOLUME_PROFILE_CONTEXT,filter,filter,CANDLESTICK_PATTERNS,trigger,,M15,"EURUSD,GBPUSD,USDJPY,XAUUSD",69.9,0.0,flat,flat,0.0,0,0.0,default_problem,,0,58.0,31.65,low,blocked_default_problem,flat_or_no_forward_events,False
profile_value,profile_value_context,ROLLING_VOLUME_PROFILE_CONTEXT,filter,filter,CANDLESTICK_PATTERNS,trigger,,M5,"EURUSD,GBPUSD,USDJPY,XAUUSD",69.9,0.0,flat,flat,0.0,0,0.0,default_problem,,0,58.0,31.65,low,blocked_default_problem,flat_or_no_forward_events,False
