side,indicator_id,signal_role,strategy_role,namespace,tested_count,positive_count,strong_count,best_score,avg_positive_score,top_partners,top_partner_strategy_roles,top_timeframes,top_lanes
first,RSI_CROSSBACK,trigger,mean-reversion,Signals,172,27,7,78.3601,63.2859,"TOBY_CRABEL_NARROW_RANGE,WILLR_MEAN_REVERSION,BOLLINGER_KELTNER_SQUEEZE_FILTER,CANDLE_DIRECTION_INDEX,STOCHF_TREND,OBV_TREND,TRENDFLEX_CONFIRM,PMO_CROSSOVER","confirm,mean-reversion,trend,filter,unknown","M5,M15",proven_neighbor
first,TOBY_CRABEL_NARROW_RANGE,trigger,confirm,Signals,164,27,10,78.3601,65.2789,"RSI_CROSSBACK,CHANNEL_REENTRY,ULTOSC_MEAN_REVERSION,RSI_MEAN_REVERSION,WEIS_WAVE_FORCE_MEAN_REVERSION,STOCH_MEAN_REVERSION,MA_SLOPE_MEAN_REVERSION,WAVETREND_CROSSOVER","mean-reversion,confirm,unknown,trend","M15,M5",proven_neighbor
first,CHANNEL_REENTRY,trigger,mean-reversion,Signals,172,23,9,76.8543,64.518,"MACD_CROSSOVER,THRUST_BAR_SIGNAL,TOBY_CRABEL_NARROW_RANGE,WAVETREND_CROSSOVER,MARKET_MODE_TRANSITION,OBV_TREND,NVO_VOLUME_IMPULSE,CANDLE_DIRECTION_INDEX","confirm,trend,unknown,mean-reversion,breakout,filter","M5,M15","wild_diversity,proven_neighbor"
first,MACD_CROSSOVER,trigger,,Signals,172,18,3,76.8543,62.7293,"CHANNEL_REENTRY,CMO_MEAN_REVERSION,MA_SLOPE_MEAN_REVERSION,MINUS_DI_MEAN_REVERSION,ROOFING_FILTER_CONFIRM,RSI_CROSSBACK,MFI_MEAN_REVERSION,OBV_MEAN_REVERSION","mean-reversion,confirm","M15,M5","wild_diversity,proven_neighbor"
first,CMO_MEAN_REVERSION,setup,mean-reversion,Momentum,172,30,6,76.6993,63.3476,"STOCHF_TREND,CANDLE_DIRECTION_INDEX,MACD_CROSSOVER,PMO_CROSSOVER,ATR_STEP_TREND_FILTER,WEIS_WAVE_FORCE_TREND,KST_CROSSOVER,STOCH_TREND","trend,confirm,filter,unknown,breakout","M5,M15","plausible_novel,wild_diversity,proven_neighbor"
first,STOCHF_TREND,setup,trend,Momentum,172,10,5,76.6993,66.2329,"CMO_MEAN_REVERSION,MINUS_DI_MEAN_REVERSION,RSI_CROSSBACK,MFI_MEAN_REVERSION,MA_SLOPE_MEAN_REVERSION,MOM_MEAN_REVERSION,CHANNEL_REENTRY",mean-reversion,"M15,M5","plausible_novel,wild_diversity,proven_neighbor"
first,VQI_DIRECTIONAL_QUALITY,filter,filter,Volatility,172,2,1,76.5771,68.7179,"WILLR_MEAN_REVERSION,RSI_MEAN_REVERSION",mean-reversion,"M5,M15","plausible_novel,proven_neighbor"
first,WILLR_MEAN_REVERSION,setup,mean-reversion,Momentum,172,22,5,76.5771,63.4932,"VQI_DIRECTIONAL_QUALITY,RSI_CROSSBACK,PMO_CROSSOVER,KST_CROSSOVER,OBV_TREND,CHAIKIN_AD_TREND,SAR_TREND,TRENDFLEX_CONFIRM","confirm,trend,filter,mean-reversion","M15,M5","wild_diversity,plausible_novel,proven_neighbor"
first,BOLLINGER_KELTNER_SQUEEZE_RELEASE,trigger,breakout,Signals,172,12,5,76.2815,66.2444,"OBV_MEAN_REVERSION,MACD_HISTOGRAM_PIPS_MEAN_REVERSION,MA_SPREAD_MEAN_REVERSION,SAR_MEAN_REVERSION,MA_DISTANCE_MEAN_REVERSION,ROOFING_FILTER_MEAN_REVERSION,MA_CROSSOVER,MOM_MEAN_REVERSION","mean-reversion,unknown","M15,M5","wild_diversity,under_tested_role_correct"
first,OBV_MEAN_REVERSION,context,mean-reversion,Volume,172,16,2,76.2815,62.736,"BOLLINGER_KELTNER_SQUEEZE_RELEASE,PLUS_DI_TREND,THRUST_BAR_SIGNAL,WEIS_WAVE_FORCE_TREND,NVO_VOLUME_IMPULSE,BREAKOUT_FIRST_CLOSE,MFI_TREND,DONCHIAN_CHANNEL_BREAKOUT","breakout,trend,confirm,filter","M15,M5","plausible_novel,wild_diversity"
first,THRUST_BAR_SIGNAL,trigger,confirm,Signals,172,19,3,75.8283,60.0951,"CHANNEL_REENTRY,MFI_MEAN_REVERSION,AROON_MEAN_REVERSION,SAR_MEAN_REVERSION,ROLLING_VOLUME_PROFILE_CONTEXT,MA_DISTANCE_MEAN_REVERSION,CCI_MEAN_REVERSION,MARKET_MODE_TRANSITION","mean-reversion,confirm,filter,trend","M5,M15","wild_diversity,proven_neighbor"
first,MARKET_MODE_TRANSITION,trigger,confirm,Signals,172,22,10,75.5434,66.7295,"MA_SPREAD_MEAN_REVERSION,WEIS_WAVE_FORCE_TREND,CHANNEL_REENTRY,MACD_HISTOGRAM_PIPS_MEAN_REVERSION,STOCH_MEAN_REVERSION,ULTOSC_MEAN_REVERSION,BUFFERED_RANGE_BREAKOUT_SIGNAL,STOCHF_MEAN_REVERSION","mean-reversion,trend,breakout,confirm,unknown","M15,M5",wild_diversity
first,WAVETREND_CROSSOVER,trigger,confirm,Signals,172,28,6,75.2125,63.1739,"CHANNEL_REENTRY,STOCHF_MEAN_REVERSION,RSI_MEAN_REVERSION,TOBY_CRABEL_NARROW_RANGE,NVO_VOLUME_IMPULSE,STOCH_MEAN_REVERSION,STOCHRSI_MEAN_REVERSION,KELTNER_CHANNEL_BREAKOUT","mean-reversion,confirm,trend,breakout,filter","M15,M5","wild_diversity,proven_neighbor,under_tested_role_correct"
first,WEIS_WAVE_FORCE_TREND,context,trend,Volume,172,24,2,75.147,61.7,"MARKET_MODE_TRANSITION,PLUS_DI_MEAN_REVERSION,CMO_MEAN_REVERSION,STOCHRSI_MEAN_REVERSION,CCI_MEAN_REVERSION,MOM_MEAN_REVERSION,ADOSC_MEAN_REVERSION,STOCHRSI_CROSSBACK","mean-reversion,confirm,filter","M15,M5","plausible_novel,wild_diversity,proven_neighbor"
first,PLUS_DI_MEAN_REVERSION,context,mean-reversion,Trend,172,27,6,74.8644,62.5327,"MARKET_MODE_TRANSITION,WEIS_WAVE_FORCE_TREND,PRICE_RECLAIM_MA,PMO_CROSSOVER,TRENDFLEX_CONFIRM,KALMAN_VELOCITY_CONFIRM,NVO_VOLUME_IMPULSE,ROLLING_VOLUME_PROFILE_CONTEXT","confirm,trend,filter,mean-reversion,breakout,unknown","M15,M5","plausible_novel,wild_diversity,proven_neighbor"
first,MFI_MEAN_REVERSION,setup,mean-reversion,Volume,172,26,5,74.7918,61.3307,"NVO_VOLUME_IMPULSE,PMO_CROSSOVER,THRUST_BAR_SIGNAL,STOCHF_TREND,STOCH_TREND,WILLR_TREND,SPEARMAN_RANK_CORRELATION,KEY_REVERSAL_SIGNAL","confirm,trend,unknown,breakout,filter","M15,M5","plausible_novel,proven_neighbor,wild_diversity"
first,NVO_VOLUME_IMPULSE,trigger,confirm,Volume,172,22,3,74.7918,62.5466,"MFI_MEAN_REVERSION,CHANNEL_REENTRY,WAVETREND_CROSSOVER,PLUS_DI_MEAN_REVERSION,MINUS_DI_TREND,CMO_MEAN_REVERSION,STOCHF_MEAN_REVERSION,MA_SLOPE_MEAN_REVERSION","mean-reversion,confirm,trend","M5,M15","wild_diversity,under_tested_role_correct"
first,KST_CROSSOVER,trigger,confirm,Signals,172,24,5,74.7726,62.0817,"ULTOSC_MEAN_REVERSION,RSI_MEAN_REVERSION,WILLR_MEAN_REVERSION,MOM_MEAN_REVERSION,CMO_MEAN_REVERSION,KELTNER_CHANNEL_MEAN_REVERSION,AROON_MEAN_REVERSION,WAVETREND_CROSSOVER","mean-reversion,confirm,unknown,filter,trend","M15,M5","wild_diversity,proven_neighbor,under_tested_role_correct"
first,ULTOSC_MEAN_REVERSION,setup,mean-reversion,Momentum,172,22,3,74.7726,61.0435,"KST_CROSSOVER,TOBY_CRABEL_NARROW_RANGE,MARKET_MODE_TRANSITION,ROOFING_FILTER_CONFIRM,TRENDFLEX_CONFIRM,WEIS_WAVE_FORCE_TREND,ROLLING_VOLUME_PROFILE_CONTEXT,PRICE_RECLAIM_MA","confirm,trend,filter,unknown,mean-reversion","M15,M5","plausible_novel,wild_diversity,proven_neighbor"
first,MA_SPREAD_MEAN_REVERSION,context,mean-reversion,Trend,172,18,2,74.6809,61.911,"PMO_CROSSOVER,BBANDS_POSITION_TREND,MARKET_MODE_TRANSITION,MACD_CROSSOVER,AROON_TREND,WEIS_WAVE_FORCE_TREND,ULTOSC_TREND,CCI_TREND","trend,confirm,breakout,unknown,filter","M15,M5","plausible_novel,wild_diversity,proven_neighbor"
first,BBANDS_POSITION_MEAN_REVERSION,setup,mean-reversion,Volatility,166,16,3,74.5233,62.6252,"EHLERS_FISHER_TRANSITION,ROOFING_FILTER_CONFIRM,STOCHRSI_CROSSBACK,MFI_TREND,CANDLE_DIRECTION_INDEX,TOBY_CRABEL_NARROW_RANGE,SAR_TREND,EHLERS_FISHER_STATE_FILTER","confirm,trend,mean-reversion,filter","M15,M5",proven_neighbor
first,EHLERS_FISHER_TRANSITION,trigger,confirm,Signals,172,9,2,74.5233,64.8855,"BBANDS_POSITION_MEAN_REVERSION,CCI_MEAN_REVERSION,RSI_MEAN_REVERSION,STOCHF_MEAN_REVERSION,MA_CROSSOVER,STOCH_TREND,PLUS_DI_MEAN_REVERSION,CANDLE_DIRECTION_INDEX","mean-reversion,unknown,trend,confirm","M15,M5","wild_diversity,proven_neighbor,under_tested_role_correct"
first,PRICE_RECLAIM_MA,trigger,confirm,Signals,172,10,1,74.4479,57.5643,"TTF_DSL_TRANSITION,ULTOSC_MEAN_REVERSION,MINUS_DI_TREND,RSI_CROSSBACK,RSI_TREND,TRENDFLEX_CONFIRM,MFI_TREND,AROON_TREND","confirm,trend,mean-reversion,breakout","M15,M5","wild_diversity,proven_neighbor,under_tested_role_correct"
first,TTF_DSL_TRANSITION,trigger,confirm,Signals,172,8,1,74.4479,61.1186,"PRICE_RECLAIM_MA,PLUS_DI_TREND,MACD_HISTOGRAM_PIPS_MEAN_REVERSION,WEIS_WAVE_FORCE_TREND,AROON_MEAN_REVERSION,NVO_VOLUME_IMPULSE,CANDLE_DIRECTION_INDEX,GARCH_VOLATILITY_REGIME","confirm,trend,mean-reversion,filter","M15,M5",wild_diversity
first,CANDLE_DIRECTION_INDEX,trigger,confirm,Signals,172,20,4,74.3933,61.651,"CMO_MEAN_REVERSION,AROON_MEAN_REVERSION,RSI_CROSSBACK,CHANNEL_REENTRY,CCI_MEAN_REVERSION,BBANDS_POSITION_MEAN_REVERSION,MINUS_DI_MEAN_REVERSION,CHAIKIN_AD_MEAN_REVERSION","mean-reversion,confirm,filter,trend","M5,M15","wild_diversity,proven_neighbor,under_tested_role_correct"
first,PMO_CROSSOVER,trigger,confirm,Signals,172,24,6,74.303,63.4254,"TRENDFLEX_CONFIRM,MFI_MEAN_REVERSION,WILLR_MEAN_REVERSION,MOM_MEAN_REVERSION,STOCHF_MEAN_REVERSION,CMO_MEAN_REVERSION,RSI_CROSSBACK,KALMAN_VELOCITY_CONFIRM","mean-reversion,confirm,trend,filter","M15,M5",proven_neighbor
first,TRENDFLEX_CONFIRM,setup,confirm,Trend,172,19,2,74.303,61.8837,"PMO_CROSSOVER,RSI_CROSSBACK,MA_SLOPE_MEAN_REVERSION,PLUS_DI_MEAN_REVERSION,WILLR_MEAN_REVERSION,ULTOSC_MEAN_REVERSION,AROON_MEAN_REVERSION,MFI_MEAN_REVERSION","mean-reversion,confirm,filter,trend","M15,M5","wild_diversity,plausible_novel,proven_neighbor"
first,WICK_REJECTION,trigger,mean-reversion,Patterns,172,10,2,74.2706,60.6327,"PLUS_DI_MEAN_REVERSION,RSI_MEAN_REVERSION,RSI_CROSSBACK,CHANNEL_REENTRY,WAVETREND_CROSSOVER,NVO_VOLUME_IMPULSE,MINUS_DI_TREND,BBANDS_POSITION_MEAN_REVERSION","mean-reversion,confirm,trend","M15,M5","wild_diversity,proven_neighbor,under_tested_role_correct"
first,MACD_HISTOGRAM_PIPS_MEAN_REVERSION,setup,mean-reversion,Momentum,172,17,4,73.8841,64.8869,"MARKET_MODE_TRANSITION,BOLLINGER_KELTNER_SQUEEZE_RELEASE,DONCHIAN_CHANNEL_BREAKOUT,BREAKOUT_FIRST_CLOSE,MFI_TREND,CCI_TREND,TTF_DSL_TRANSITION,AROON_TREND","breakout,trend,confirm,filter,unknown","M15,M5","plausible_novel,wild_diversity,proven_neighbor"
first,MINUS_DI_TREND,context,trend,Trend,172,13,1,73.7761,59.9856,"MA_DISTANCE_MEAN_REVERSION,WEIS_WAVE_FORCE_MEAN_REVERSION,AROON_MEAN_REVERSION,KELTNER_CHANNEL_MEAN_REVERSION,PLUS_DI_TREND,MOM_MEAN_REVERSION,BBANDS_POSITION_MEAN_REVERSION,BUFFERED_RANGE_BREAKOUT_SIGNAL","mean-reversion,trend,breakout,confirm","M15,M5","plausible_novel,wild_diversity,proven_neighbor"
first,OBV_TREND,context,trend,Volume,172,15,3,73.6155,64.3622,"CHANNEL_REENTRY,WILLR_MEAN_REVERSION,RSI_CROSSBACK,STOCH_MEAN_REVERSION,STOCHF_MEAN_REVERSION,RSI_MEAN_REVERSION,CMO_MEAN_REVERSION,MINUS_DI_MEAN_REVERSION","mean-reversion,filter","M5,M15","plausible_novel,proven_neighbor,wild_diversity"
first,BBANDS_POSITION_TREND,setup,trend,Volatility,172,9,3,73.544,63.7678,"ADOSC_MEAN_REVERSION,MA_SPREAD_MEAN_REVERSION,CHAIKIN_AD_MEAN_REVERSION,ROLLING_VOLUME_PROFILE_CONTEXT,OBV_MEAN_REVERSION,SAR_MEAN_REVERSION,MFI_MEAN_REVERSION","mean-reversion,filter","M15,M5","wild_diversity,plausible_novel"
first,MINUS_DI_MEAN_REVERSION,context,mean-reversion,Trend,172,38,3,73.5147,61.9663,"TOBY_CRABEL_NARROW_RANGE,ROOFING_FILTER_CONFIRM,KALMAN_VELOCITY_CONFIRM,KEY_REVERSAL_SIGNAL,STOCH_TREND,PRICE_RECLAIM_MA,KST_CROSSOVER,WEIS_WAVE_FORCE_TREND","confirm,trend,breakout,mean-reversion,filter","M15,M5","plausible_novel,wild_diversity,proven_neighbor"
first,RSI_MEAN_REVERSION,setup,mean-reversion,Momentum,166,22,4,73.3825,62.7847,"KST_CROSSOVER,WICK_REJECTION,WAVETREND_CROSSOVER,KEY_REVERSAL_SIGNAL,EHLERS_FISHER_TRANSITION,STOCHRSI_TREND,BOLLINGER_KELTNER_SQUEEZE_FILTER,EHLERS_FISHER_STATE_FILTER","confirm,trend,filter,mean-reversion,unknown","M15,M5",proven_neighbor
first,STOCH_MEAN_REVERSION,setup,mean-reversion,Momentum,172,17,6,73.3098,62.8307,"VQI_DIRECTIONAL_QUALITY,TOBY_CRABEL_NARROW_RANGE,MARKET_MODE_TRANSITION,AROON_TREND,SPEARMAN_RANK_CORRELATION,WAVETREND_CROSSOVER,STOCHRSI_TREND,KST_CROSSOVER","confirm,trend,filter,unknown","M15,M5","plausible_novel,wild_diversity,proven_neighbor"
first,MOM_MEAN_REVERSION,setup,mean-reversion,Momentum,172,25,4,73.247,60.4357,"PMO_CROSSOVER,KST_CROSSOVER,BUFFERED_RANGE_BREAKOUT_SIGNAL,MFI_TREND,WEIS_WAVE_FORCE_TREND,NVO_VOLUME_IMPULSE,MINUS_DI_TREND,GARCH_VOLATILITY_REGIME","confirm,trend,breakout,filter,unknown","M5,M15","plausible_novel,wild_diversity,proven_neighbor"
first,ROOFING_FILTER_CONFIRM,setup,confirm,Momentum,172,20,2,73.1249,61.1854,"BBANDS_POSITION_MEAN_REVERSION,MINUS_DI_MEAN_REVERSION,CCI_MEAN_REVERSION,ULTOSC_MEAN_REVERSION,MACD_CROSSOVER,WEIS_WAVE_FORCE_MEAN_REVERSION,WILLR_MEAN_REVERSION,KELTNER_CHANNEL_MEAN_REVERSION","mean-reversion,unknown,filter","M15,M5","plausible_novel,wild_diversity,proven_neighbor"
first,WEIS_WAVE_FORCE_MEAN_REVERSION,context,mean-reversion,Volume,172,13,2,73.0248,61.6521,"TOBY_CRABEL_NARROW_RANGE,AROON_TREND,MINUS_DI_TREND,WAVETREND_CROSSOVER,KALMAN_VELOCITY_CONFIRM,ROOFING_FILTER_CONFIRM,STOCHRSI_TREND,MFI_TREND","confirm,trend,mean-reversion,breakout","M5,M15","plausible_novel,wild_diversity,proven_neighbor"
first,KELTNER_CHANNEL_MEAN_REVERSION,setup,mean-reversion,Channels,172,27,2,72.6748,61.4941,"KEY_REVERSAL_SIGNAL,SPEARMAN_RANK_CORRELATION,MA_DISTANCE_TREND,KST_CROSSOVER,SAR_TREND,WAVETREND_CROSSOVER,MA_SLOPE_TREND,PMO_CROSSOVER","confirm,trend,filter","M15,M5","plausible_novel,wild_diversity,proven_neighbor"
first,KEY_REVERSAL_SIGNAL,trigger,confirm,Signals,172,14,4,72.6748,62.5317,"KELTNER_CHANNEL_MEAN_REVERSION,MA_SLOPE_MEAN_REVERSION,RSI_MEAN_REVERSION,MINUS_DI_MEAN_REVERSION,CCI_MEAN_REVERSION,PLUS_DI_TREND,MFI_MEAN_REVERSION,CMO_MEAN_REVERSION","mean-reversion,trend,unknown","M15,M5","wild_diversity,proven_neighbor,under_tested_role_correct"
first,DONCHIAN_CHANNEL_BREAKOUT,setup,breakout,Channels,172,9,1,72.6002,59.5126,"MACD_HISTOGRAM_PIPS_MEAN_REVERSION,ROLLING_VOLUME_PROFILE_CONTEXT,OBV_MEAN_REVERSION,MA_SPREAD_MEAN_REVERSION,SAR_MEAN_REVERSION,MFI_MEAN_REVERSION","mean-reversion,filter","M15,M5","wild_diversity,plausible_novel"
first,MA_CROSSOVER,trigger,,Signals,172,18,2,72.5921,60.868,"ROOFING_FILTER_MEAN_REVERSION,TOBY_CRABEL_NARROW_RANGE,MFI_TREND,EHLERS_FISHER_TRANSITION,MACD_HISTOGRAM_PIPS_TREND,KST_CROSSOVER,CHAIKIN_AD_TREND,MA_SLOPE_MEAN_REVERSION","confirm,mean-reversion,trend,breakout","M5,M15","wild_diversity,under_tested_role_correct,proven_neighbor"
first,ROOFING_FILTER_MEAN_REVERSION,setup,mean-reversion,Momentum,172,7,2,72.5921,61.9854,"MA_CROSSOVER,MARKET_MODE_TRANSITION,BOLLINGER_KELTNER_SQUEEZE_RELEASE,GARCH_VOLATILITY_REGIME,TRENDFLEX_CONFIRM,AROON_TREND","confirm,unknown,breakout,filter,trend","M15,M5","plausible_novel,wild_diversity"
first,STOCHRSI_CROSSBACK,trigger,mean-reversion,Signals,172,8,1,72.1982,59.5405,"BBANDS_POSITION_MEAN_REVERSION,STOCH_TREND,WEIS_WAVE_FORCE_TREND,PLUS_DI_TREND,RSI_MEAN_REVERSION,GARCH_VOLATILITY_REGIME,STOCHF_MEAN_REVERSION","trend,mean-reversion,filter","M15,M5","wild_diversity,proven_neighbor"
first,PLUS_DI_TREND,context,trend,Trend,172,15,2,72.1137,60.5069,"MINUS_DI_TREND,OBV_MEAN_REVERSION,MFI_MEAN_REVERSION,STOCHF_MEAN_REVERSION,WICK_REJECTION,BOLLINGER_KELTNER_SQUEEZE_FILTER,STOCHRSI_MEAN_REVERSION,BUFFERED_RANGE_BREAKOUT_SIGNAL","mean-reversion,trend,filter,confirm,breakout","M15,M5","plausible_novel,wild_diversity,proven_neighbor"
first,STOCHF_MEAN_REVERSION,setup,mean-reversion,Momentum,172,15,3,72.0333,60.7686,"WAVETREND_CROSSOVER,PMO_CROSSOVER,MARKET_MODE_TRANSITION,EHLERS_FISHER_TRANSITION,PLUS_DI_TREND,NVO_VOLUME_IMPULSE,STOCH_CROSSOVER,MA_SLOPE_MEAN_REVERSION","confirm,trend,mean-reversion,unknown,filter","M15,M5","plausible_novel,wild_diversity,proven_neighbor"
first,BUFFERED_RANGE_BREAKOUT_SIGNAL,trigger,breakout,Signals,172,18,2,71.9583,60.4303,"MOM_MEAN_REVERSION,MARKET_MODE_TRANSITION,MINUS_DI_TREND,MINUS_DI_MEAN_REVERSION,CMO_MEAN_REVERSION,RSI_TREND,MA_SLOPE_TREND,MFI_TREND","mean-reversion,trend,confirm","M15,M5","wild_diversity,proven_neighbor"
first,AROON_MEAN_REVERSION,context,mean-reversion,Momentum,172,21,3,71.8923,60.431,"CANDLE_DIRECTION_INDEX,THRUST_BAR_SIGNAL,WAVETREND_CROSSOVER,KALMAN_VELOCITY_CONFIRM,WILLR_TREND,NVO_VOLUME_IMPULSE,TRENDFLEX_CONFIRM,BUFFERED_RANGE_BREAKOUT_SIGNAL","confirm,trend,breakout,filter,unknown","M5,M15","plausible_novel,proven_neighbor,wild_diversity"
first,MFI_TREND,setup,trend,Volume,172,20,2,71.8478,61.7213,"OBV_MEAN_REVERSION,MA_SPREAD_MEAN_REVERSION,BBANDS_POSITION_MEAN_REVERSION,MA_CROSSOVER,MOM_MEAN_REVERSION,MACD_HISTOGRAM_PIPS_MEAN_REVERSION,MA_DISTANCE_MEAN_REVERSION,STOCH_MEAN_REVERSION","mean-reversion,unknown,confirm,breakout","M15,M5","plausible_novel,wild_diversity,proven_neighbor"
first,SPEARMAN_RANK_CORRELATION,setup,confirm,Statistics,172,7,2,71.5715,64.1526,"KELTNER_CHANNEL_MEAN_REVERSION,STOCH_MEAN_REVERSION,MFI_MEAN_REVERSION,MA_DISTANCE_MEAN_REVERSION,MA_SPREAD_MEAN_REVERSION,THRUST_BAR_SIGNAL","mean-reversion,confirm","M15,M5","plausible_novel,wild_diversity"
first,AROON_TREND,context,trend,Momentum,172,7,2,71.5341,65.1432,"STOCH_MEAN_REVERSION,MA_SLOPE_MEAN_REVERSION,MINUS_DI_MEAN_REVERSION,RSI_CROSSBACK,WAVETREND_CROSSOVER,MFI_MEAN_REVERSION,GARCH_VOLATILITY_REGIME","mean-reversion,confirm,filter","M15,M5","plausible_novel,wild_diversity,proven_neighbor"
first,CCI_MEAN_REVERSION,setup,mean-reversion,Momentum,172,18,2,71.3474,62.8316,"EHLERS_FISHER_TRANSITION,SAR_TREND,ROOFING_FILTER_CONFIRM,MARKET_MODE_TRANSITION,CANDLE_DIRECTION_INDEX,EHLERS_FISHER_STATE_FILTER,KEY_REVERSAL_SIGNAL,WEIS_WAVE_FORCE_TREND","confirm,trend,filter,mean-reversion","M15,M5","plausible_novel,wild_diversity,proven_neighbor"
first,ULTOSC_TREND,setup,trend,Momentum,172,10,1,71.2124,61.7634,"SAR_MEAN_REVERSION,MA_DISTANCE_MEAN_REVERSION,MA_SPREAD_MEAN_REVERSION,OBV_MEAN_REVERSION,MINUS_DI_MEAN_REVERSION,MFI_MEAN_REVERSION,BUFFERED_RANGE_BREAKOUT_SIGNAL,MOM_MEAN_REVERSION","mean-reversion,breakout","M15,M5","wild_diversity,plausible_novel"
first,ROLLING_VOLUME_PROFILE_CONTEXT,filter,filter,Volume,160,14,1,71.1557,60.3302,"MINUS_DI_MEAN_REVERSION,CMO_TREND,BBANDS_POSITION_TREND,PLUS_DI_MEAN_REVERSION,ULTOSC_MEAN_REVERSION,DONCHIAN_CHANNEL_BREAKOUT,THRUST_BAR_SIGNAL,CCI_TREND","mean-reversion,trend,confirm,breakout,filter","M15,M5","plausible_novel,wild_diversity,proven_neighbor"
first,STOCH_TREND,setup,trend,Momentum,172,14,1,70.1647,63.8975,"MFI_MEAN_REVERSION,STOCHRSI_CROSSBACK,MINUS_DI_MEAN_REVERSION,CMO_MEAN_REVERSION,ADOSC_MEAN_REVERSION,CHAIKIN_AD_MEAN_REVERSION,MA_DISTANCE_MEAN_REVERSION,MA_SLOPE_MEAN_REVERSION","mean-reversion,confirm","M15,M5","plausible_novel,wild_diversity"
first,STOCHRSI_TREND,setup,trend,Momentum,172,7,0,69.9054,61.5954,"STOCH_MEAN_REVERSION,RSI_MEAN_REVERSION,WEIS_WAVE_FORCE_MEAN_REVERSION,WILLR_MEAN_REVERSION,GARCH_VOLATILITY_REGIME","mean-reversion,filter","M15,M5","plausible_novel,proven_neighbor,wild_diversity"
first,KALMAN_VELOCITY_CONFIRM,setup,confirm,Trend,167,6,0,69.8597,64.6964,"AROON_MEAN_REVERSION,MA_DISTANCE_MEAN_REVERSION,KELTNER_CHANNEL_MEAN_REVERSION,WEIS_WAVE_FORCE_MEAN_REVERSION,MINUS_DI_MEAN_REVERSION,MACD_CROSSOVER","mean-reversion,unknown","M15,M5",proven_neighbor
first,MA_SLOPE_MEAN_REVERSION,context,mean-reversion,Trend,172,25,0,69.7413,58.747,"TOBY_CRABEL_NARROW_RANGE,TRENDFLEX_CONFIRM,WEIS_WAVE_FORCE_TREND,CHAIKIN_AD_TREND,ADOSC_TREND,MOM_TREND,ROLLING_VOLUME_PROFILE_CONTEXT,STOCHRSI_TREND","trend,confirm,filter,mean-reversion","M15,M5","plausible_novel,wild_diversity,proven_neighbor"
first,STOCHRSI_MEAN_REVERSION,setup,mean-reversion,Momentum,172,11,0,69.5822,57.9898,"WAVETREND_CROSSOVER,WEIS_WAVE_FORCE_TREND,NVO_VOLUME_IMPULSE,KEY_REVERSAL_SIGNAL,BUFFERED_RANGE_BREAKOUT_SIGNAL,GARCH_VOLATILITY_REGIME,WILLR_TREND,RSI_CROSSBACK","confirm,trend,filter,breakout,mean-reversion","M15,M5","plausible_novel,wild_diversity,proven_neighbor"
first,MA_DISTANCE_TREND,setup,trend,Trend,172,5,0,69.0885,58.7418,"KELTNER_CHANNEL_MEAN_REVERSION,WAVETREND_CROSSOVER,RSI_CROSSBACK,WILLR_MEAN_REVERSION","mean-reversion,confirm","M15,M5","plausible_novel,proven_neighbor"
first,MA_DISTANCE_MEAN_REVERSION,setup,mean-reversion,Trend,172,20,0,69.0815,60.896,"KALMAN_VELOCITY_CONFIRM,BOLLINGER_KELTNER_SQUEEZE_RELEASE,ULTOSC_TREND,STOCH_TREND,SPEARMAN_RANK_CORRELATION,KELTNER_CHANNEL_BREAKOUT,WILLR_TREND,THRUST_BAR_SIGNAL","trend,confirm,breakout,filter","M15,M5","plausible_novel,proven_neighbor,wild_diversity"
first,EHLERS_FISHER_STATE_FILTER,setup,filter,Momentum,172,4,0,68.4233,62.248,"CCI_MEAN_REVERSION,RSI_MEAN_REVERSION,BBANDS_POSITION_MEAN_REVERSION,RSI_CROSSBACK",mean-reversion,M15,"proven_neighbor,plausible_novel"
first,ADOSC_TREND,context,trend,Volume,172,9,0,68.3694,60.841,"RSI_MEAN_REVERSION,MA_SLOPE_MEAN_REVERSION,RSI_CROSSBACK,MINUS_DI_MEAN_REVERSION,MOM_MEAN_REVERSION,PLUS_DI_MEAN_REVERSION",mean-reversion,"M5,M15","wild_diversity,proven_neighbor,plausible_novel"
first,CHAIKIN_AD_TREND,context,trend,Volume,172,10,0,68.3694,59.1074,"RSI_MEAN_REVERSION,MA_SLOPE_MEAN_REVERSION,MINUS_DI_MEAN_REVERSION,MOM_MEAN_REVERSION,STOCH_MEAN_REVERSION,PLUS_DI_MEAN_REVERSION,RSI_CROSSBACK",mean-reversion,"M5,M15","wild_diversity,proven_neighbor,plausible_novel"
first,KELTNER_CHANNEL_BREAKOUT,setup,breakout,Channels,172,7,0,68.2359,60.8866,"WAVETREND_CROSSOVER,CHANNEL_REENTRY,MA_DISTANCE_MEAN_REVERSION,SAR_MEAN_REVERSION,AROON_MEAN_REVERSION,WEIS_WAVE_FORCE_MEAN_REVERSION","mean-reversion,confirm","M15,M5","plausible_novel,wild_diversity"
first,BREAKOUT_FIRST_CLOSE,trigger,breakout,Signals,172,5,0,68.1009,58.8247,"MACD_HISTOGRAM_PIPS_MEAN_REVERSION,MA_SPREAD_MEAN_REVERSION,SAR_MEAN_REVERSION,PRICE_RECLAIM_MA,CHAIKIN_AD_MEAN_REVERSION","mean-reversion,confirm","M5,M15","wild_diversity,under_tested_role_correct"
first,MA_SPREAD_TREND,context,trend,Trend,172,3,0,67.9584,59.1941,"MINUS_DI_MEAN_REVERSION,GARCH_VOLATILITY_REGIME","mean-reversion,filter","M15,M5",wild_diversity
first,BOLLINGER_KELTNER_SQUEEZE_FILTER,filter,filter,Volatility,168,6,0,67.8649,61.9444,"RSI_CROSSBACK,RSI_MEAN_REVERSION,PLUS_DI_MEAN_REVERSION,WAVETREND_CROSSOVER,ULTOSC_MEAN_REVERSION","mean-reversion,confirm","M15,M5","proven_neighbor,plausible_novel,wild_diversity"
first,CMO_TREND,setup,trend,Momentum,172,5,0,67.7271,58.0018,"ROLLING_VOLUME_PROFILE_CONTEXT,MFI_MEAN_REVERSION,MACD_HISTOGRAM_PIPS_MEAN_REVERSION,ADOSC_MEAN_REVERSION,WEIS_WAVE_FORCE_MEAN_REVERSION","mean-reversion,filter","M15,M5","wild_diversity,plausible_novel"
first,SAR_TREND,context,trend,Trend,172,7,0,67.6937,58.8198,"KELTNER_CHANNEL_MEAN_REVERSION,CHANNEL_REENTRY,MA_CROSSOVER,CMO_MEAN_REVERSION,RSI_MEAN_REVERSION,STOCHF_MEAN_REVERSION,MFI_MEAN_REVERSION","mean-reversion,unknown","M5,M15","plausible_novel,proven_neighbor"
first,SAR_MEAN_REVERSION,context,mean-reversion,Trend,172,13,0,67.2939,59.0837,"WAVETREND_CROSSOVER,THRUST_BAR_SIGNAL,NVO_VOLUME_IMPULSE,GARCH_VOLATILITY_REGIME,WILLR_TREND,BREAKOUT_FIRST_CLOSE,CCI_TREND,BBANDS_POSITION_TREND","confirm,trend,filter,breakout,unknown","M5,M15","plausible_novel,wild_diversity"
first,CCI_TREND,setup,trend,Momentum,172,14,0,67.191,60.3769,"ADOSC_MEAN_REVERSION,MACD_HISTOGRAM_PIPS_MEAN_REVERSION,MA_SPREAD_MEAN_REVERSION,MFI_MEAN_REVERSION,OBV_MEAN_REVERSION,ROLLING_VOLUME_PROFILE_CONTEXT,CHAIKIN_AD_MEAN_REVERSION,SAR_MEAN_REVERSION","mean-reversion,filter,breakout","M5,M15","wild_diversity,plausible_novel"
first,MA_SLOPE_TREND,context,trend,Trend,169,12,0,66.9627,55.8832,"KEY_REVERSAL_SIGNAL,MACD_HISTOGRAM_PIPS_MEAN_REVERSION,BOLLINGER_KELTNER_SQUEEZE_FILTER,KELTNER_CHANNEL_MEAN_REVERSION,MOM_MEAN_REVERSION,WAVETREND_CROSSOVER,CANDLE_DIRECTION_INDEX,THRUST_BAR_SIGNAL","confirm,mean-reversion,filter","M5,M15",proven_neighbor
first,RSI_TREND,setup,trend,Momentum,172,3,0,66.1233,62.4376,"ROLLING_VOLUME_PROFILE_CONTEXT,BUFFERED_RANGE_BREAKOUT_SIGNAL,PRICE_RECLAIM_MA","filter,breakout,confirm","M15,M5","plausible_novel,wild_diversity"
first,WILLR_TREND,setup,trend,Momentum,172,8,0,65.7334,60.2219,"AROON_MEAN_REVERSION,MFI_MEAN_REVERSION,MA_DISTANCE_MEAN_REVERSION,SAR_MEAN_REVERSION,OBV_MEAN_REVERSION,CHAIKIN_AD_MEAN_REVERSION,STOCHRSI_MEAN_REVERSION,ADOSC_MEAN_REVERSION",mean-reversion,"M5,M15","wild_diversity,plausible_novel"
first,MACD_HISTOGRAM_PIPS_TREND,setup,trend,Momentum,172,8,0,65.3457,59.771,"MA_CROSSOVER,MINUS_DI_MEAN_REVERSION,CMO_MEAN_REVERSION,MA_SLOPE_MEAN_REVERSION,PLUS_DI_MEAN_REVERSION,ULTOSC_MEAN_REVERSION","mean-reversion,unknown","M5,M15","wild_diversity,plausible_novel"
first,CHAIKIN_AD_MEAN_REVERSION,context,mean-reversion,Volume,172,7,0,64.5026,58.8108,"CANDLE_DIRECTION_INDEX,GARCH_VOLATILITY_REGIME,BBANDS_POSITION_TREND,CCI_TREND,NVO_VOLUME_IMPULSE,BREAKOUT_FIRST_CLOSE","filter,trend,confirm,breakout","M5,M15","plausible_novel,wild_diversity"
first,ADOSC_MEAN_REVERSION,context,mean-reversion,Volume,172,8,0,64.2076,58.3398,"WEIS_WAVE_FORCE_TREND,GARCH_VOLATILITY_REGIME,CANDLE_DIRECTION_INDEX,CCI_TREND,BBANDS_POSITION_TREND,WAVETREND_CROSSOVER,NVO_VOLUME_IMPULSE","trend,filter,confirm","M5,M15","wild_diversity,plausible_novel"
first,ATR_STEP_TREND_FILTER,filter,filter,Trend,172,3,0,63.7101,60.1536,"MA_SLOPE_MEAN_REVERSION,PLUS_DI_MEAN_REVERSION,RSI_CROSSBACK",mean-reversion,"M5,M15","wild_diversity,proven_neighbor"
first,STOCH_CROSSOVER,trigger,,Signals,172,2,0,61.7839,56.485,"STOCHF_MEAN_REVERSION,GARCH_VOLATILITY_REGIME","mean-reversion,filter",M15,wild_diversity
first,GARCH_VOLATILITY_REGIME,filter,filter,Volatility,172,62,0,61.1952,56.911,"STOCH_MEAN_REVERSION,MA_SLOPE_MEAN_REVERSION,CHAIKIN_AD_MEAN_REVERSION,KELTNER_CHANNEL_MEAN_REVERSION,KEY_REVERSAL_SIGNAL,OBV_MEAN_REVERSION,MA_DISTANCE_MEAN_REVERSION,BOLLINGER_KELTNER_SQUEEZE_FILTER","mean-reversion,confirm,trend,filter,unknown,breakout","M5,M15","plausible_novel,wild_diversity,proven_neighbor,under_tested_role_correct"
first,RANDOM_WALK_INDEX_FILTER,filter,filter,Trend,172,2,0,60.0878,57.2178,GARCH_VOLATILITY_REGIME,filter,"M15,M5",wild_diversity
first,ADX,filter,,Trend,168,1,0,59.2477,59.2477,GARCH_VOLATILITY_REGIME,filter,M15,wild_diversity
first,MOM_TREND,setup,trend,Momentum,172,6,0,58.2449,55.8502,"CHANNEL_REENTRY,AROON_MEAN_REVERSION,MFI_MEAN_REVERSION,CMO_MEAN_REVERSION,ULTOSC_MEAN_REVERSION,KELTNER_CHANNEL_MEAN_REVERSION",mean-reversion,"M5,M15","plausible_novel,wild_diversity"
first,ATR_VOLATILITY_FILTER,filter,filter,Volatility,172,1,0,56.5915,56.5915,GARCH_VOLATILITY_REGIME,filter,M15,wild_diversity
first,CANDLESTICK_PATTERNS,trigger,,Patterns,172,0,0,0.0,0.0,,,,
first,TTF_DSL_MAGNITUDE,setup,confirm,Trend,172,0,0,0.0,0.0,,,,
second,RSI_CROSSBACK,trigger,mean-reversion,Signals,169,26,6,78.3601,62.5645,"TOBY_CRABEL_NARROW_RANGE,WILLR_MEAN_REVERSION,CANDLE_DIRECTION_INDEX,STOCHF_TREND,OBV_TREND,TRENDFLEX_CONFIRM,PMO_CROSSOVER,AROON_TREND","confirm,trend,mean-reversion,filter,unknown","M5,M15",proven_neighbor
second,TOBY_CRABEL_NARROW_RANGE,trigger,confirm,Signals,164,26,9,78.3601,64.7542,"RSI_CROSSBACK,CHANNEL_REENTRY,ULTOSC_MEAN_REVERSION,MINUS_DI_MEAN_REVERSION,WEIS_WAVE_FORCE_MEAN_REVERSION,STOCH_MEAN_REVERSION,WAVETREND_CROSSOVER,MA_CROSSOVER","mean-reversion,confirm,unknown,filter","M15,M5",proven_neighbor
second,CHANNEL_REENTRY,trigger,mean-reversion,Signals,166,23,9,76.8543,64.7314,"MACD_CROSSOVER,THRUST_BAR_SIGNAL,TOBY_CRABEL_NARROW_RANGE,WAVETREND_CROSSOVER,MARKET_MODE_TRANSITION,OBV_TREND,NVO_VOLUME_IMPULSE,CANDLE_DIRECTION_INDEX","confirm,trend,unknown,mean-reversion,breakout,filter","M5,M15","wild_diversity,plausible_novel,proven_neighbor"
second,MACD_CROSSOVER,trigger,,Signals,172,17,2,76.8543,61.0089,"CHANNEL_REENTRY,CMO_MEAN_REVERSION,MA_SPREAD_MEAN_REVERSION,ROOFING_FILTER_CONFIRM,RSI_CROSSBACK,MFI_MEAN_REVERSION,RSI_MEAN_REVERSION,MARKET_MODE_TRANSITION","mean-reversion,confirm,filter","M15,M5","plausible_novel,proven_neighbor,wild_diversity"
second,CMO_MEAN_REVERSION,setup,mean-reversion,Momentum,172,25,5,76.6993,64.3698,"STOCHF_TREND,CANDLE_DIRECTION_INDEX,MACD_CROSSOVER,PMO_CROSSOVER,WEIS_WAVE_FORCE_TREND,KST_CROSSOVER,STOCH_TREND,NVO_VOLUME_IMPULSE","trend,confirm,unknown,breakout,filter","M5,M15","plausible_novel,wild_diversity,proven_neighbor"
second,STOCHF_TREND,setup,trend,Momentum,172,8,4,76.6993,66.4807,"CMO_MEAN_REVERSION,RSI_CROSSBACK,MFI_MEAN_REVERSION,MINUS_DI_MEAN_REVERSION,MOM_MEAN_REVERSION,CHANNEL_REENTRY",mean-reversion,"M5,M15","plausible_novel,proven_neighbor,wild_diversity"
second,VQI_DIRECTIONAL_QUALITY,filter,filter,Volatility,172,6,2,76.5771,64.1049,"WILLR_MEAN_REVERSION,STOCH_MEAN_REVERSION,RSI_CROSSBACK,CCI_MEAN_REVERSION,CMO_MEAN_REVERSION",mean-reversion,"M15,M5","wild_diversity,proven_neighbor"
second,WILLR_MEAN_REVERSION,setup,mean-reversion,Momentum,172,18,5,76.5771,63.2792,"VQI_DIRECTIONAL_QUALITY,RSI_CROSSBACK,PMO_CROSSOVER,KST_CROSSOVER,OBV_TREND,TRENDFLEX_CONFIRM,WAVETREND_CROSSOVER,ROOFING_FILTER_CONFIRM","confirm,trend,filter,mean-reversion","M5,M15","plausible_novel,wild_diversity,proven_neighbor"
second,BOLLINGER_KELTNER_SQUEEZE_RELEASE,trigger,breakout,Signals,172,12,2,76.2815,63.0909,"OBV_MEAN_REVERSION,MACD_HISTOGRAM_PIPS_MEAN_REVERSION,MA_DISTANCE_MEAN_REVERSION,ROOFING_FILTER_MEAN_REVERSION,MINUS_DI_MEAN_REVERSION,MA_CROSSOVER,MOM_MEAN_REVERSION,AROON_MEAN_REVERSION","mean-reversion,unknown","M5,M15","plausible_novel,under_tested_role_correct"
second,OBV_MEAN_REVERSION,context,mean-reversion,Volume,172,17,4,76.2815,63.2945,"BOLLINGER_KELTNER_SQUEEZE_RELEASE,MFI_TREND,PLUS_DI_TREND,BBANDS_POSITION_TREND,ULTOSC_TREND,DONCHIAN_CHANNEL_BREAKOUT,MACD_CROSSOVER,NVO_VOLUME_IMPULSE","trend,breakout,confirm,unknown,filter","M15,M5",wild_diversity
second,THRUST_BAR_SIGNAL,trigger,confirm,Signals,172,19,3,75.8283,60.2529,"CHANNEL_REENTRY,MFI_MEAN_REVERSION,AROON_MEAN_REVERSION,OBV_MEAN_REVERSION,SAR_MEAN_REVERSION,ROLLING_VOLUME_PROFILE_CONTEXT,MA_DISTANCE_MEAN_REVERSION,CCI_MEAN_REVERSION","mean-reversion,confirm,trend,filter","M5,M15","plausible_novel,wild_diversity,proven_neighbor"
second,MA_SPREAD_MEAN_REVERSION,context,mean-reversion,Trend,172,13,4,75.5434,64.1935,"MARKET_MODE_TRANSITION,BBANDS_POSITION_TREND,BOLLINGER_KELTNER_SQUEEZE_RELEASE,MFI_TREND,ULTOSC_TREND,CCI_TREND,BREAKOUT_FIRST_CLOSE,SPEARMAN_RANK_CORRELATION","trend,confirm,breakout,filter","M5,M15",wild_diversity
second,WAVETREND_CROSSOVER,trigger,confirm,Signals,170,31,7,75.2125,63.2138,"CHANNEL_REENTRY,STOCHF_MEAN_REVERSION,RSI_MEAN_REVERSION,TOBY_CRABEL_NARROW_RANGE,AROON_MEAN_REVERSION,NVO_VOLUME_IMPULSE,STOCH_MEAN_REVERSION,STOCHRSI_MEAN_REVERSION","mean-reversion,confirm,trend,filter,breakout","M15,M5","plausible_novel,proven_neighbor,under_tested_role_correct,wild_diversity"
second,MARKET_MODE_TRANSITION,trigger,confirm,Signals,166,23,10,75.147,66.1658,"WEIS_WAVE_FORCE_TREND,PLUS_DI_MEAN_REVERSION,CHANNEL_REENTRY,MACD_HISTOGRAM_PIPS_MEAN_REVERSION,STOCH_MEAN_REVERSION,ULTOSC_MEAN_REVERSION,BUFFERED_RANGE_BREAKOUT_SIGNAL,STOCHF_MEAN_REVERSION","mean-reversion,trend,breakout,confirm,unknown","M15,M5","plausible_novel,wild_diversity"
second,WEIS_WAVE_FORCE_TREND,context,trend,Volume,172,26,2,75.147,62.9737,"MARKET_MODE_TRANSITION,PLUS_DI_MEAN_REVERSION,CMO_MEAN_REVERSION,STOCHRSI_MEAN_REVERSION,OBV_MEAN_REVERSION,MA_SLOPE_MEAN_REVERSION,CCI_MEAN_REVERSION,MA_SPREAD_MEAN_REVERSION","mean-reversion,confirm,filter","M15,M5","wild_diversity,proven_neighbor"
second,MFI_MEAN_REVERSION,setup,mean-reversion,Volume,172,29,5,74.7918,61.1702,"NVO_VOLUME_IMPULSE,PMO_CROSSOVER,THRUST_BAR_SIGNAL,STOCHF_TREND,STOCH_TREND,PLUS_DI_TREND,WILLR_TREND,SPEARMAN_RANK_CORRELATION","confirm,trend,unknown,breakout,filter","M15,M5","plausible_novel,wild_diversity,proven_neighbor"
second,NVO_VOLUME_IMPULSE,trigger,confirm,Volume,171,23,3,74.7918,61.9284,"MFI_MEAN_REVERSION,CHANNEL_REENTRY,WAVETREND_CROSSOVER,PLUS_DI_MEAN_REVERSION,CMO_MEAN_REVERSION,OBV_MEAN_REVERSION,STOCHF_MEAN_REVERSION,MOM_MEAN_REVERSION","mean-reversion,confirm","M5,M15","plausible_novel,under_tested_role_correct,wild_diversity"
second,KST_CROSSOVER,trigger,confirm,Signals,172,23,5,74.7726,62.2879,"ULTOSC_MEAN_REVERSION,RSI_MEAN_REVERSION,WILLR_MEAN_REVERSION,MOM_MEAN_REVERSION,CMO_MEAN_REVERSION,KELTNER_CHANNEL_MEAN_REVERSION,MINUS_DI_MEAN_REVERSION,WAVETREND_CROSSOVER","mean-reversion,confirm,unknown,trend","M15,M5","plausible_novel,proven_neighbor,under_tested_role_correct,wild_diversity"
second,ULTOSC_MEAN_REVERSION,setup,mean-reversion,Momentum,172,23,3,74.7726,60.8284,"KST_CROSSOVER,TOBY_CRABEL_NARROW_RANGE,MARKET_MODE_TRANSITION,ROOFING_FILTER_CONFIRM,TRENDFLEX_CONFIRM,WEIS_WAVE_FORCE_TREND,ROLLING_VOLUME_PROFILE_CONTEXT,PRICE_RECLAIM_MA","confirm,trend,filter,unknown,mean-reversion","M15,M5","plausible_novel,wild_diversity,proven_neighbor"
second,PMO_CROSSOVER,trigger,confirm,Signals,161,19,8,74.6809,65.8076,"MA_SPREAD_MEAN_REVERSION,TRENDFLEX_CONFIRM,MFI_MEAN_REVERSION,WILLR_MEAN_REVERSION,MOM_MEAN_REVERSION,STOCHF_MEAN_REVERSION,CMO_MEAN_REVERSION,PLUS_DI_MEAN_REVERSION","mean-reversion,confirm,filter","M15,M5",proven_neighbor
second,BBANDS_POSITION_MEAN_REVERSION,setup,mean-reversion,Volatility,172,19,3,74.5233,63.4264,"EHLERS_FISHER_TRANSITION,ROOFING_FILTER_CONFIRM,STOCHRSI_CROSSBACK,MFI_TREND,RSI_CROSSBACK,CANDLE_DIRECTION_INDEX,TOBY_CRABEL_NARROW_RANGE,PMO_CROSSOVER","confirm,mean-reversion,trend,filter","M15,M5",proven_neighbor
second,EHLERS_FISHER_TRANSITION,trigger,confirm,Signals,172,10,2,74.5233,63.5209,"BBANDS_POSITION_MEAN_REVERSION,CCI_MEAN_REVERSION,RSI_MEAN_REVERSION,STOCHF_MEAN_REVERSION,MA_CROSSOVER,STOCH_TREND,CANDLE_DIRECTION_INDEX,GARCH_VOLATILITY_REGIME","mean-reversion,unknown,trend,filter,confirm","M15,M5","plausible_novel,proven_neighbor,under_tested_role_correct"
second,PRICE_RECLAIM_MA,trigger,confirm,Signals,172,11,2,74.4479,60.076,"TTF_DSL_TRANSITION,PLUS_DI_MEAN_REVERSION,MINUS_DI_MEAN_REVERSION,ULTOSC_MEAN_REVERSION,GARCH_VOLATILITY_REGIME,RSI_CROSSBACK,RSI_TREND,TRENDFLEX_CONFIRM","mean-reversion,confirm,trend,filter,breakout","M15,M5","plausible_novel,wild_diversity,proven_neighbor,under_tested_role_correct"
second,TTF_DSL_TRANSITION,trigger,confirm,Signals,167,8,1,74.4479,61.9115,"PRICE_RECLAIM_MA,MINUS_DI_MEAN_REVERSION,MACD_HISTOGRAM_PIPS_MEAN_REVERSION,WEIS_WAVE_FORCE_TREND,GARCH_VOLATILITY_REGIME,AROON_MEAN_REVERSION,NVO_VOLUME_IMPULSE,CANDLE_DIRECTION_INDEX","mean-reversion,confirm,trend,filter","M15,M5","plausible_novel,wild_diversity"
second,CANDLE_DIRECTION_INDEX,trigger,confirm,Signals,171,20,4,74.3933,62.0723,"CMO_MEAN_REVERSION,AROON_MEAN_REVERSION,RSI_CROSSBACK,CHANNEL_REENTRY,CCI_MEAN_REVERSION,BBANDS_POSITION_MEAN_REVERSION,MINUS_DI_MEAN_REVERSION,CHAIKIN_AD_MEAN_REVERSION","mean-reversion,confirm,filter,trend","M5,M15","plausible_novel,proven_neighbor,wild_diversity,under_tested_role_correct"
second,TRENDFLEX_CONFIRM,setup,confirm,Trend,172,18,3,74.303,62.1175,"PMO_CROSSOVER,RSI_CROSSBACK,PLUS_DI_MEAN_REVERSION,MA_SLOPE_MEAN_REVERSION,WILLR_MEAN_REVERSION,ULTOSC_MEAN_REVERSION,AROON_MEAN_REVERSION,MFI_MEAN_REVERSION","mean-reversion,confirm,filter,trend","M15,M5","plausible_novel,proven_neighbor,wild_diversity"
second,PLUS_DI_MEAN_REVERSION,context,mean-reversion,Trend,172,23,2,74.2706,60.1225,"WICK_REJECTION,WEIS_WAVE_FORCE_TREND,NVO_VOLUME_IMPULSE,TRENDFLEX_CONFIRM,ROLLING_VOLUME_PROFILE_CONTEXT,MARKET_MODE_TRANSITION,BOLLINGER_KELTNER_SQUEEZE_FILTER,MINUS_DI_MEAN_REVERSION","confirm,trend,mean-reversion,filter,unknown","M15,M5",wild_diversity
second,MACD_HISTOGRAM_PIPS_MEAN_REVERSION,setup,mean-reversion,Momentum,172,15,4,73.8841,65.0032,"MARKET_MODE_TRANSITION,BOLLINGER_KELTNER_SQUEEZE_RELEASE,DONCHIAN_CHANNEL_BREAKOUT,BREAKOUT_FIRST_CLOSE,MFI_TREND,CCI_TREND,TTF_DSL_TRANSITION,MA_SLOPE_TREND","breakout,trend,confirm,filter,unknown","M15,M5","wild_diversity,plausible_novel,proven_neighbor"
second,MA_DISTANCE_MEAN_REVERSION,setup,mean-reversion,Trend,172,19,1,73.7761,62.1133,"MINUS_DI_TREND,KALMAN_VELOCITY_CONFIRM,BOLLINGER_KELTNER_SQUEEZE_RELEASE,ULTOSC_TREND,STOCH_TREND,SPEARMAN_RANK_CORRELATION,KELTNER_CHANNEL_BREAKOUT,WILLR_TREND","trend,confirm,breakout,filter","M15,M5","plausible_novel,wild_diversity,proven_neighbor"
second,BOLLINGER_KELTNER_SQUEEZE_FILTER,filter,filter,Volatility,172,11,1,73.6896,62.2048,"RSI_CROSSBACK,RSI_MEAN_REVERSION,PLUS_DI_TREND,WAVETREND_CROSSOVER,MINUS_DI_MEAN_REVERSION,GARCH_VOLATILITY_REGIME,ULTOSC_MEAN_REVERSION,MA_SLOPE_TREND","mean-reversion,trend,confirm,filter","M5,M15","proven_neighbor,wild_diversity"
second,OBV_TREND,context,trend,Volume,172,15,3,73.6155,61.4018,"CHANNEL_REENTRY,WILLR_MEAN_REVERSION,RSI_CROSSBACK,WAVETREND_CROSSOVER,CMO_MEAN_REVERSION,MINUS_DI_MEAN_REVERSION,STOCH_MEAN_REVERSION,RSI_MEAN_REVERSION","mean-reversion,confirm,filter","M5,M15","wild_diversity,proven_neighbor"
second,ADOSC_MEAN_REVERSION,context,mean-reversion,Volume,172,13,1,73.544,60.9987,"BBANDS_POSITION_TREND,CCI_TREND,STOCH_TREND,WEIS_WAVE_FORCE_TREND,CANDLE_DIRECTION_INDEX,PMO_CROSSOVER,MFI_TREND,GARCH_VOLATILITY_REGIME","trend,confirm,filter","M15,M5","wild_diversity,proven_neighbor"
second,RSI_MEAN_REVERSION,setup,mean-reversion,Momentum,172,23,5,73.3871,64.3423,"TOBY_CRABEL_NARROW_RANGE,KST_CROSSOVER,WICK_REJECTION,WAVETREND_CROSSOVER,KEY_REVERSAL_SIGNAL,EHLERS_FISHER_TRANSITION,STOCHRSI_TREND,ADOSC_TREND","confirm,trend,filter,mean-reversion,unknown","M15,M5",proven_neighbor
second,MOM_MEAN_REVERSION,setup,mean-reversion,Momentum,172,23,4,73.247,60.5494,"PMO_CROSSOVER,KST_CROSSOVER,BUFFERED_RANGE_BREAKOUT_SIGNAL,MFI_TREND,WEIS_WAVE_FORCE_TREND,NVO_VOLUME_IMPULSE,MINUS_DI_TREND,CHAIKIN_AD_TREND","confirm,trend,breakout,filter,unknown","M5,M15","wild_diversity,plausible_novel,proven_neighbor"
second,ROOFING_FILTER_CONFIRM,setup,confirm,Momentum,172,22,2,73.1249,61.4355,"BBANDS_POSITION_MEAN_REVERSION,MINUS_DI_MEAN_REVERSION,CCI_MEAN_REVERSION,ULTOSC_MEAN_REVERSION,MACD_CROSSOVER,PLUS_DI_MEAN_REVERSION,WEIS_WAVE_FORCE_MEAN_REVERSION,WILLR_MEAN_REVERSION","mean-reversion,unknown,filter","M15,M5","plausible_novel,wild_diversity,proven_neighbor,under_tested_role_correct"
second,WEIS_WAVE_FORCE_MEAN_REVERSION,context,mean-reversion,Volume,172,13,1,73.0248,59.9819,"TOBY_CRABEL_NARROW_RANGE,MINUS_DI_TREND,WAVETREND_CROSSOVER,KALMAN_VELOCITY_CONFIRM,ROOFING_FILTER_CONFIRM,STOCHRSI_TREND,MFI_TREND,GARCH_VOLATILITY_REGIME","confirm,trend,filter,breakout,mean-reversion","M5,M15","wild_diversity,proven_neighbor"
second,STOCH_MEAN_REVERSION,setup,mean-reversion,Momentum,172,17,5,72.9958,62.8329,"TOBY_CRABEL_NARROW_RANGE,MARKET_MODE_TRANSITION,AROON_TREND,SPEARMAN_RANK_CORRELATION,WAVETREND_CROSSOVER,STOCHRSI_TREND,OBV_TREND,KST_CROSSOVER","confirm,trend,filter,unknown","M15,M5","plausible_novel,wild_diversity,proven_neighbor"
second,KELTNER_CHANNEL_MEAN_REVERSION,setup,mean-reversion,Channels,172,24,2,72.6748,61.8758,"KEY_REVERSAL_SIGNAL,SPEARMAN_RANK_CORRELATION,MA_DISTANCE_TREND,KST_CROSSOVER,SAR_TREND,WAVETREND_CROSSOVER,PMO_CROSSOVER,KALMAN_VELOCITY_CONFIRM","confirm,trend,filter","M15,M5","plausible_novel,proven_neighbor,wild_diversity"
second,KEY_REVERSAL_SIGNAL,trigger,confirm,Signals,170,14,2,72.6748,61.6564,"KELTNER_CHANNEL_MEAN_REVERSION,RSI_MEAN_REVERSION,MINUS_DI_MEAN_REVERSION,CCI_MEAN_REVERSION,MA_SLOPE_TREND,MFI_MEAN_REVERSION,CMO_MEAN_REVERSION,GARCH_VOLATILITY_REGIME","mean-reversion,trend,filter,unknown","M15,M5","plausible_novel,proven_neighbor,under_tested_role_correct"
second,DONCHIAN_CHANNEL_BREAKOUT,setup,breakout,Channels,172,9,1,72.6002,58.6423,"MACD_HISTOGRAM_PIPS_MEAN_REVERSION,ROLLING_VOLUME_PROFILE_CONTEXT,OBV_MEAN_REVERSION,MA_SPREAD_MEAN_REVERSION,SAR_MEAN_REVERSION,MFI_MEAN_REVERSION,GARCH_VOLATILITY_REGIME","mean-reversion,filter","M5,M15",plausible_novel
second,MA_CROSSOVER,trigger,,Signals,170,16,2,72.5921,61.2864,"ROOFING_FILTER_MEAN_REVERSION,TOBY_CRABEL_NARROW_RANGE,MFI_TREND,EHLERS_FISHER_TRANSITION,MACD_HISTOGRAM_PIPS_TREND,KST_CROSSOVER,SAR_TREND,BOLLINGER_KELTNER_SQUEEZE_RELEASE","confirm,trend,mean-reversion,breakout","M5,M15","plausible_novel,under_tested_role_correct,proven_neighbor,wild_diversity"
second,ROOFING_FILTER_MEAN_REVERSION,setup,mean-reversion,Momentum,172,8,2,72.5921,61.381,"MA_CROSSOVER,MARKET_MODE_TRANSITION,BOLLINGER_KELTNER_SQUEEZE_RELEASE,GARCH_VOLATILITY_REGIME,TRENDFLEX_CONFIRM,MA_SLOPE_MEAN_REVERSION","confirm,unknown,breakout,filter,mean-reversion","M5,M15","wild_diversity,plausible_novel"
second,BBANDS_POSITION_TREND,setup,trend,Volatility,172,6,1,72.419,61.0058,"MA_SPREAD_MEAN_REVERSION,ROLLING_VOLUME_PROFILE_CONTEXT,CHAIKIN_AD_MEAN_REVERSION,SAR_MEAN_REVERSION,MFI_MEAN_REVERSION,ADOSC_MEAN_REVERSION","mean-reversion,filter","M5,M15",plausible_novel
second,WICK_REJECTION,trigger,mean-reversion,Patterns,171,11,1,72.4002,60.4353,"RSI_MEAN_REVERSION,RSI_CROSSBACK,PLUS_DI_TREND,CHANNEL_REENTRY,WAVETREND_CROSSOVER,GARCH_VOLATILITY_REGIME,PLUS_DI_MEAN_REVERSION,MINUS_DI_MEAN_REVERSION","mean-reversion,trend,confirm,filter","M15,M5","proven_neighbor,plausible_novel,under_tested_role_correct,wild_diversity"
second,STOCHRSI_CROSSBACK,trigger,mean-reversion,Signals,172,9,1,72.1982,59.6232,"BBANDS_POSITION_MEAN_REVERSION,STOCH_TREND,WEIS_WAVE_FORCE_TREND,GARCH_VOLATILITY_REGIME,RSI_MEAN_REVERSION,PLUS_DI_MEAN_REVERSION,STOCHF_MEAN_REVERSION","trend,mean-reversion,filter","M15,M5","plausible_novel,proven_neighbor"
second,MINUS_DI_TREND,context,trend,Trend,172,12,1,72.1137,61.9144,"PLUS_DI_TREND,BUFFERED_RANGE_BREAKOUT_SIGNAL,WEIS_WAVE_FORCE_MEAN_REVERSION,NVO_VOLUME_IMPULSE,KELTNER_CHANNEL_MEAN_REVERSION,MOM_MEAN_REVERSION,PRICE_RECLAIM_MA,WICK_REJECTION","mean-reversion,trend,confirm,breakout","M15,M5",wild_diversity
second,STOCHF_MEAN_REVERSION,setup,mean-reversion,Momentum,172,17,3,72.0333,60.5832,"WAVETREND_CROSSOVER,PMO_CROSSOVER,MARKET_MODE_TRANSITION,EHLERS_FISHER_TRANSITION,OBV_TREND,PLUS_DI_TREND,NVO_VOLUME_IMPULSE,STOCH_CROSSOVER","confirm,trend,filter,unknown,mean-reversion","M15,M5","wild_diversity,plausible_novel,proven_neighbor"
second,BUFFERED_RANGE_BREAKOUT_SIGNAL,trigger,breakout,Signals,172,19,2,71.9583,59.4248,"MOM_MEAN_REVERSION,MARKET_MODE_TRANSITION,CMO_MEAN_REVERSION,RSI_TREND,AROON_MEAN_REVERSION,PLUS_DI_MEAN_REVERSION,MINUS_DI_MEAN_REVERSION,MFI_TREND","mean-reversion,trend,confirm,filter","M15,M5","plausible_novel,wild_diversity"
second,AROON_MEAN_REVERSION,context,mean-reversion,Momentum,172,22,2,71.8923,61.1553,"CANDLE_DIRECTION_INDEX,THRUST_BAR_SIGNAL,KALMAN_VELOCITY_CONFIRM,KST_CROSSOVER,MINUS_DI_TREND,WILLR_TREND,NVO_VOLUME_IMPULSE,TRENDFLEX_CONFIRM","confirm,trend,unknown,filter,breakout,mean-reversion","M5,M15","wild_diversity,proven_neighbor"
second,MA_SLOPE_MEAN_REVERSION,context,mean-reversion,Trend,172,27,4,71.7,60.9993,"TOBY_CRABEL_NARROW_RANGE,KEY_REVERSAL_SIGNAL,MACD_CROSSOVER,AROON_TREND,CHAIKIN_AD_TREND,ADOSC_TREND,TRENDFLEX_CONFIRM,NVO_VOLUME_IMPULSE","confirm,trend,filter,unknown,mean-reversion,breakout","M15,M5","wild_diversity,proven_neighbor"
second,MINUS_DI_MEAN_REVERSION,context,mean-reversion,Trend,172,35,4,71.6636,62.6348,"STOCHF_TREND,ROOFING_FILTER_CONFIRM,ROLLING_VOLUME_PROFILE_CONTEXT,KEY_REVERSAL_SIGNAL,AROON_TREND,BUFFERED_RANGE_BREAKOUT_SIGNAL,TOBY_CRABEL_NARROW_RANGE,STOCH_TREND","trend,confirm,breakout,filter,unknown,mean-reversion","M15,M5","wild_diversity,proven_neighbor"
second,SPEARMAN_RANK_CORRELATION,setup,confirm,Statistics,172,7,2,71.5715,63.3316,"KELTNER_CHANNEL_MEAN_REVERSION,STOCH_MEAN_REVERSION,MFI_MEAN_REVERSION,MA_DISTANCE_MEAN_REVERSION,THRUST_BAR_SIGNAL,PLUS_DI_MEAN_REVERSION","mean-reversion,confirm","M15,M5","plausible_novel,wild_diversity"
second,AROON_TREND,context,trend,Momentum,172,9,2,71.5341,60.7389,"STOCH_MEAN_REVERSION,WEIS_WAVE_FORCE_MEAN_REVERSION,MA_SPREAD_MEAN_REVERSION,MACD_HISTOGRAM_PIPS_MEAN_REVERSION,WILLR_MEAN_REVERSION,GARCH_VOLATILITY_REGIME,PRICE_RECLAIM_MA,MOM_MEAN_REVERSION","mean-reversion,filter,confirm","M15,M5",wild_diversity
second,ATR_STEP_TREND_FILTER,filter,filter,Trend,172,1,1,71.4887,71.4887,CMO_MEAN_REVERSION,mean-reversion,M5,wild_diversity
second,PLUS_DI_TREND,context,trend,Trend,172,14,1,71.4766,59.9175,"OBV_MEAN_REVERSION,KEY_REVERSAL_SIGNAL,TTF_DSL_TRANSITION,STOCHF_MEAN_REVERSION,MINUS_DI_TREND,MINUS_DI_MEAN_REVERSION,STOCHRSI_CROSSBACK,BUFFERED_RANGE_BREAKOUT_SIGNAL","mean-reversion,confirm,trend,breakout","M15,M5","wild_diversity,proven_neighbor"
second,CCI_MEAN_REVERSION,setup,mean-reversion,Momentum,172,16,1,71.3474,62.8669,"EHLERS_FISHER_TRANSITION,ROOFING_FILTER_CONFIRM,MARKET_MODE_TRANSITION,CANDLE_DIRECTION_INDEX,EHLERS_FISHER_STATE_FILTER,KEY_REVERSAL_SIGNAL,WEIS_WAVE_FORCE_TREND,TOBY_CRABEL_NARROW_RANGE","confirm,filter,trend,mean-reversion","M15,M5","wild_diversity,plausible_novel,proven_neighbor"
second,SAR_MEAN_REVERSION,context,mean-reversion,Trend,172,14,2,71.2124,59.1915,"ULTOSC_TREND,BOLLINGER_KELTNER_SQUEEZE_RELEASE,THRUST_BAR_SIGNAL,KELTNER_CHANNEL_BREAKOUT,WILLR_TREND,BREAKOUT_FIRST_CLOSE,CCI_TREND,GARCH_VOLATILITY_REGIME","trend,breakout,confirm,filter","M15,M5",wild_diversity
second,CHAIKIN_AD_MEAN_REVERSION,context,mean-reversion,Volume,172,12,1,70.9549,60.4547,"BBANDS_POSITION_TREND,STOCH_TREND,CANDLE_DIRECTION_INDEX,PMO_CROSSOVER,GARCH_VOLATILITY_REGIME,CCI_TREND,MFI_TREND,WILLR_TREND","trend,confirm,filter,breakout","M15,M5","wild_diversity,proven_neighbor"
second,KALMAN_VELOCITY_CONFIRM,setup,confirm,Trend,172,11,2,70.8161,63.5775,"MINUS_DI_MEAN_REVERSION,PLUS_DI_MEAN_REVERSION,AROON_MEAN_REVERSION,MA_DISTANCE_MEAN_REVERSION,PMO_CROSSOVER,KELTNER_CHANNEL_MEAN_REVERSION,WEIS_WAVE_FORCE_MEAN_REVERSION,MACD_CROSSOVER","mean-reversion,confirm,unknown,filter","M15,M5",proven_neighbor
second,SAR_TREND,context,trend,Trend,172,14,1,70.5288,59.4215,"CCI_MEAN_REVERSION,KELTNER_CHANNEL_MEAN_REVERSION,WILLR_MEAN_REVERSION,CHANNEL_REENTRY,PLUS_DI_MEAN_REVERSION,BBANDS_POSITION_MEAN_REVERSION,CMO_MEAN_REVERSION,RSI_MEAN_REVERSION",mean-reversion,"M15,M5","wild_diversity,proven_neighbor"
second,STOCH_TREND,setup,trend,Momentum,172,10,1,70.1647,63.3858,"MFI_MEAN_REVERSION,STOCHRSI_CROSSBACK,MINUS_DI_MEAN_REVERSION,CMO_MEAN_REVERSION,MA_DISTANCE_MEAN_REVERSION,EHLERS_FISHER_TRANSITION,MOM_MEAN_REVERSION,MA_SPREAD_MEAN_REVERSION","mean-reversion,confirm","M15,M5","plausible_novel,wild_diversity"
second,STOCHRSI_TREND,setup,trend,Momentum,172,9,0,69.9054,60.6929,"STOCH_MEAN_REVERSION,RSI_MEAN_REVERSION,WEIS_WAVE_FORCE_MEAN_REVERSION,WILLR_MEAN_REVERSION,MA_SLOPE_MEAN_REVERSION,GARCH_VOLATILITY_REGIME","mean-reversion,filter","M15,M5","plausible_novel,proven_neighbor"
second,MFI_TREND,setup,trend,Volume,172,17,0,69.7949,60.983,"BBANDS_POSITION_MEAN_REVERSION,MA_CROSSOVER,MOM_MEAN_REVERSION,MACD_HISTOGRAM_PIPS_MEAN_REVERSION,OBV_MEAN_REVERSION,MINUS_DI_MEAN_REVERSION,MA_DISTANCE_MEAN_REVERSION,STOCH_MEAN_REVERSION","mean-reversion,unknown,confirm,breakout","M5,M15","plausible_novel,wild_diversity,proven_neighbor"
second,STOCHRSI_MEAN_REVERSION,setup,mean-reversion,Momentum,172,11,0,69.5822,58.5571,"WAVETREND_CROSSOVER,WEIS_WAVE_FORCE_TREND,PLUS_DI_TREND,NVO_VOLUME_IMPULSE,KEY_REVERSAL_SIGNAL,BUFFERED_RANGE_BREAKOUT_SIGNAL,GARCH_VOLATILITY_REGIME,WILLR_TREND","confirm,trend,breakout,filter,mean-reversion","M15,M5","wild_diversity,plausible_novel,proven_neighbor"
second,MA_DISTANCE_TREND,setup,trend,Trend,172,6,0,69.0885,58.5138,"KELTNER_CHANNEL_MEAN_REVERSION,WAVETREND_CROSSOVER,MA_SLOPE_MEAN_REVERSION,RSI_CROSSBACK,WILLR_MEAN_REVERSION","mean-reversion,confirm","M15,M5","plausible_novel,wild_diversity,proven_neighbor"
second,EHLERS_FISHER_STATE_FILTER,setup,filter,Momentum,172,4,0,68.4233,62.248,"CCI_MEAN_REVERSION,RSI_MEAN_REVERSION,BBANDS_POSITION_MEAN_REVERSION,RSI_CROSSBACK",mean-reversion,M15,"proven_neighbor,plausible_novel"
second,KELTNER_CHANNEL_BREAKOUT,setup,breakout,Channels,172,6,0,68.2359,61.153,"WAVETREND_CROSSOVER,CHANNEL_REENTRY,MA_DISTANCE_MEAN_REVERSION,AROON_MEAN_REVERSION,WEIS_WAVE_FORCE_MEAN_REVERSION","mean-reversion,confirm","M15,M5","plausible_novel,wild_diversity"
second,BREAKOUT_FIRST_CLOSE,trigger,breakout,Signals,172,6,0,68.1009,60.2006,"MACD_HISTOGRAM_PIPS_MEAN_REVERSION,OBV_MEAN_REVERSION,MA_SPREAD_MEAN_REVERSION,SAR_MEAN_REVERSION,PRICE_RECLAIM_MA,CHAIKIN_AD_MEAN_REVERSION","mean-reversion,confirm","M15,M5","plausible_novel,under_tested_role_correct"
second,CMO_TREND,setup,trend,Momentum,172,4,0,67.7271,59.276,"ROLLING_VOLUME_PROFILE_CONTEXT,MFI_MEAN_REVERSION,MACD_HISTOGRAM_PIPS_MEAN_REVERSION,WEIS_WAVE_FORCE_MEAN_REVERSION","mean-reversion,filter","M15,M5",plausible_novel
second,ROLLING_VOLUME_PROFILE_CONTEXT,filter,filter,Volume,172,16,0,67.7271,60.1905,"CMO_TREND,BBANDS_POSITION_TREND,PLUS_DI_MEAN_REVERSION,RSI_TREND,ULTOSC_MEAN_REVERSION,DONCHIAN_CHANNEL_BREAKOUT,THRUST_BAR_SIGNAL,MA_SLOPE_MEAN_REVERSION","trend,mean-reversion,confirm,breakout,filter","M15,M5",wild_diversity
second,ULTOSC_TREND,setup,trend,Momentum,172,8,0,67.1135,59.5301,"MA_DISTANCE_MEAN_REVERSION,MA_SPREAD_MEAN_REVERSION,MINUS_DI_MEAN_REVERSION,MFI_MEAN_REVERSION,BUFFERED_RANGE_BREAKOUT_SIGNAL,SAR_MEAN_REVERSION,MOM_MEAN_REVERSION","mean-reversion,breakout","M5,M15","plausible_novel,wild_diversity"
second,CHAIKIN_AD_TREND,context,trend,Volume,172,14,0,66.9022,60.066,"MA_SLOPE_MEAN_REVERSION,WILLR_MEAN_REVERSION,KELTNER_CHANNEL_MEAN_REVERSION,RSI_MEAN_REVERSION,MA_CROSSOVER,MINUS_DI_MEAN_REVERSION,MOM_MEAN_REVERSION,CCI_MEAN_REVERSION","mean-reversion,unknown,filter,confirm","M15,M5","wild_diversity,proven_neighbor"
second,CCI_TREND,setup,trend,Momentum,172,10,0,66.8866,60.3679,"MACD_HISTOGRAM_PIPS_MEAN_REVERSION,MA_SPREAD_MEAN_REVERSION,MFI_MEAN_REVERSION,ROLLING_VOLUME_PROFILE_CONTEXT,CHAIKIN_AD_MEAN_REVERSION,ADOSC_MEAN_REVERSION,SAR_MEAN_REVERSION,BUFFERED_RANGE_BREAKOUT_SIGNAL","mean-reversion,filter,breakout","M5,M15","plausible_novel,wild_diversity"
second,ADOSC_TREND,context,trend,Volume,172,12,0,66.8282,60.4647,"MA_SLOPE_MEAN_REVERSION,RSI_CROSSBACK,MINUS_DI_MEAN_REVERSION,RSI_MEAN_REVERSION,KELTNER_CHANNEL_MEAN_REVERSION,WAVETREND_CROSSOVER,WILLR_MEAN_REVERSION,MOM_MEAN_REVERSION","mean-reversion,confirm,filter","M5,M15","wild_diversity,proven_neighbor"
second,MOM_TREND,setup,trend,Momentum,172,10,0,66.7742,57.2754,"MA_SLOPE_MEAN_REVERSION,MINUS_DI_MEAN_REVERSION,CHANNEL_REENTRY,AROON_MEAN_REVERSION,MFI_MEAN_REVERSION,CMO_MEAN_REVERSION,PLUS_DI_MEAN_REVERSION,MA_SPREAD_MEAN_REVERSION",mean-reversion,"M15,M5","plausible_novel,wild_diversity"
second,MA_SLOPE_TREND,context,trend,Trend,172,13,0,66.087,56.9925,"KELTNER_CHANNEL_MEAN_REVERSION,BUFFERED_RANGE_BREAKOUT_SIGNAL,MINUS_DI_MEAN_REVERSION,PMO_CROSSOVER,MACD_HISTOGRAM_PIPS_MEAN_REVERSION,MOM_MEAN_REVERSION,CANDLE_DIRECTION_INDEX,THRUST_BAR_SIGNAL","mean-reversion,confirm,breakout","M5,M15","proven_neighbor,wild_diversity"
second,WILLR_TREND,setup,trend,Momentum,172,7,0,65.7334,59.0675,"AROON_MEAN_REVERSION,MFI_MEAN_REVERSION,MA_DISTANCE_MEAN_REVERSION,SAR_MEAN_REVERSION,STOCHRSI_MEAN_REVERSION,GARCH_VOLATILITY_REGIME,MINUS_DI_MEAN_REVERSION","mean-reversion,filter","M5,M15",plausible_novel
second,RSI_TREND,setup,trend,Momentum,172,2,0,65.5833,60.5947,"BUFFERED_RANGE_BREAKOUT_SIGNAL,PRICE_RECLAIM_MA","breakout,confirm",M15,wild_diversity
second,MACD_HISTOGRAM_PIPS_TREND,setup,trend,Momentum,172,8,0,65.3457,59.2594,"MA_CROSSOVER,MINUS_DI_MEAN_REVERSION,PLUS_DI_MEAN_REVERSION,MA_SLOPE_MEAN_REVERSION,CMO_MEAN_REVERSION,ULTOSC_MEAN_REVERSION","mean-reversion,unknown","M5,M15","plausible_novel,wild_diversity"
second,GARCH_VOLATILITY_REGIME,filter,filter,Volatility,172,49,0,63.6605,56.7244,"ADOSC_MEAN_REVERSION,CHAIKIN_AD_MEAN_REVERSION,SAR_MEAN_REVERSION,MACD_HISTOGRAM_PIPS_MEAN_REVERSION,MA_DISTANCE_MEAN_REVERSION,AROON_MEAN_REVERSION,RANDOM_WALK_INDEX_FILTER,ROOFING_FILTER_MEAN_REVERSION","mean-reversion,confirm,filter,trend,unknown","M15,M5","wild_diversity,proven_neighbor"
second,MA_SPREAD_TREND,context,trend,Trend,172,5,0,62.6721,56.5547,"PLUS_DI_MEAN_REVERSION,MINUS_DI_MEAN_REVERSION,BBANDS_POSITION_MEAN_REVERSION,ULTOSC_MEAN_REVERSION",mean-reversion,"M15,M5","wild_diversity,proven_neighbor"
second,STOCH_CROSSOVER,trigger,,Signals,172,1,0,61.7839,61.7839,STOCHF_MEAN_REVERSION,mean-reversion,M15,plausible_novel
second,ADX,filter,,Trend,172,2,0,57.3247,57.1014,GARCH_VOLATILITY_REGIME,filter,"M15,M5",wild_diversity
second,RANDOM_WALK_INDEX_FILTER,filter,filter,Trend,172,1,0,53.448,53.448,WAVETREND_CROSSOVER,confirm,M15,wild_diversity
second,ATR_VOLATILITY_FILTER,filter,filter,Volatility,172,1,0,50.3029,50.3029,GARCH_VOLATILITY_REGIME,filter,M15,wild_diversity
second,CANDLESTICK_PATTERNS,trigger,,Patterns,172,0,0,0.0,0.0,,,,
second,TTF_DSL_MAGNITUDE,setup,confirm,Trend,172,0,0,0.0,0.0,,,,
